msoa21cd,msoa21nm,ladcd,ladnm,health_rank_msoa
E02000001,City of London 001,E09000001,City of London,22028.833333333332
E02000002,Barking and Dagenham 001,E09000002,Barking and Dagenham,11095.0
E02000003,Barking and Dagenham 002,E09000002,Barking and Dagenham,18487.0
E02000004,Barking and Dagenham 003,E09000002,Barking and Dagenham,16948.25
E02000005,Barking and Dagenham 004,E09000002,Barking and Dagenham,14276.166666666666
E02000007,Barking and Dagenham 006,E09000002,Barking and Dagenham,8996.2
E02000008,Barking and Dagenham 007,E09000002,Barking and Dagenham,10782.857142857143
E02000009,Barking and Dagenham 008,E09000002,Barking and Dagenham,13102.285714285714
E02000010,Barking and Dagenham 009,E09000002,Barking and Dagenham,10203.4
E02000011,Barking and Dagenham 010,E09000002,Barking and Dagenham,14651.5
E02000012,Barking and Dagenham 011,E09000002,Barking and Dagenham,21001.6
E02000013,Barking and Dagenham 012,E09000002,Barking and Dagenham,12810.0
E02000014,Barking and Dagenham 013,E09000002,Barking and Dagenham,10801.166666666666
E02000015,Barking and Dagenham 014,E09000002,Barking and Dagenham,9006.75
E02000016,Barking and Dagenham 015,E09000002,Barking and Dagenham,15651.0
E02000017,Barking and Dagenham 016,E09000002,Barking and Dagenham,16247.2
E02000018,Barking and Dagenham 017,E09000002,Barking and Dagenham,11914.0
E02000019,Barking and Dagenham 018,E09000002,Barking and Dagenham,11105.6
E02000020,Barking and Dagenham 019,E09000002,Barking and Dagenham,14173.5
E02000021,Barking and Dagenham 020,E09000002,Barking and Dagenham,11850.8
E02000022,Barking and Dagenham 021,E09000002,Barking and Dagenham,9360.5
E02000023,Barking and Dagenham 022,E09000002,Barking and Dagenham,9236.25
E02000024,Barnet 001,E09000003,Barnet,30990.666666666668
E02000025,Barnet 002,E09000003,Barnet,22502.2
E02000026,Barnet 003,E09000003,Barnet,30112.75
E02000027,Barnet 004,E09000003,Barnet,19545.5
E02000028,Barnet 005,E09000003,Barnet,27983.0
E02000029,Barnet 006,E09000003,Barnet,24894.8
E02000030,Barnet 007,E09000003,Barnet,28060.333333333332
E02000031,Barnet 008,E09000003,Barnet,29703.0
E02000032,Barnet 009,E09000003,Barnet,31301.6
E02000033,Barnet 010,E09000003,Barnet,24235.8
E02000034,Barnet 011,E09000003,Barnet,26991.8
E02000035,Barnet 012,E09000003,Barnet,27443.6
E02000036,Barnet 013,E09000003,Barnet,23375.333333333332
E02000037,Barnet 014,E09000003,Barnet,28140.333333333332
E02000038,Barnet 015,E09000003,Barnet,25232.0
E02000039,Barnet 016,E09000003,Barnet,31052.0
E02000040,Barnet 017,E09000003,Barnet,26864.0
E02000041,Barnet 018,E09000003,Barnet,24902.2
E02000042,Barnet 019,E09000003,Barnet,25149.333333333332
E02000043,Barnet 020,E09000003,Barnet,30822.0
E02000044,Barnet 021,E09000003,Barnet,19138.4
E02000045,Barnet 022,E09000003,Barnet,22147.666666666668
E02000046,Barnet 023,E09000003,Barnet,29298.25
E02000047,Barnet 024,E09000003,Barnet,19353.14285714286
E02000048,Barnet 025,E09000003,Barnet,29971.8
E02000049,Barnet 026,E09000003,Barnet,16006.8
E02000050,Barnet 027,E09000003,Barnet,24713.166666666668
E02000051,Barnet 028,E09000003,Barnet,30784.4
E02000052,Barnet 029,E09000003,Barnet,28908.333333333332
E02000054,Barnet 031,E09000003,Barnet,25941.75
E02000055,Barnet 032,E09000003,Barnet,25786.333333333332
E02000056,Barnet 033,E09000003,Barnet,32822.166666666664
E02000057,Barnet 034,E09000003,Barnet,24252.5
E02000058,Barnet 035,E09000003,Barnet,30347.166666666668
E02000059,Barnet 036,E09000003,Barnet,23424.333333333332
E02000060,Barnet 037,E09000003,Barnet,24004.833333333332
E02000061,Barnet 038,E09000003,Barnet,29555.4
E02000062,Barnet 039,E09000003,Barnet,17810.75
E02000063,Barnet 040,E09000003,Barnet,22176.0
E02000064,Barnet 041,E09000003,Barnet,23124.0
E02000065,Bexley 001,E09000004,Bexley,13778.75
E02000066,Bexley 002,E09000004,Bexley,14298.833333333334
E02000067,Bexley 003,E09000004,Bexley,13853.0
E02000068,Bexley 004,E09000004,Bexley,11650.0
E02000069,Bexley 005,E09000004,Bexley,17341.5
E02000070,Bexley 006,E09000004,Bexley,24367.2
E02000071,Bexley 007,E09000004,Bexley,18884.2
E02000072,Bexley 008,E09000004,Bexley,9608.25
E02000073,Bexley 009,E09000004,Bexley,26623.0
E02000074,Bexley 010,E09000004,Bexley,12196.0
E02000075,Bexley 011,E09000004,Bexley,26890.6
E02000077,Bexley 013,E09000004,Bexley,22906.0
E02000078,Bexley 014,E09000004,Bexley,23953.2
E02000079,Bexley 015,E09000004,Bexley,20033.4
E02000080,Bexley 016,E09000004,Bexley,25206.333333333332
E02000081,Bexley 017,E09000004,Bexley,20670.4
E02000082,Bexley 018,E09000004,Bexley,28492.333333333332
E02000083,Bexley 019,E09000004,Bexley,15917.42857142857
E02000084,Bexley 020,E09000004,Bexley,28456.85714285714
E02000085,Bexley 021,E09000004,Bexley,24906.4
E02000086,Bexley 022,E09000004,Bexley,27606.4
E02000087,Bexley 023,E09000004,Bexley,29559.8
E02000088,Bexley 024,E09000004,Bexley,27579.2
E02000089,Bexley 025,E09000004,Bexley,26378.4
E02000090,Bexley 026,E09000004,Bexley,20617.2
E02000091,Bexley 027,E09000004,Bexley,22521.666666666668
E02000092,Bexley 028,E09000004,Bexley,12373.0
E02000093,Brent 001,E09000005,Brent,23109.833333333332
E02000094,Brent 002,E09000005,Brent,25101.0
E02000095,Brent 003,E09000005,Brent,27847.4
E02000096,Brent 004,E09000005,Brent,29634.8
E02000097,Brent 005,E09000005,Brent,24542.4
E02000098,Brent 006,E09000005,Brent,23086.0
E02000099,Brent 007,E09000005,Brent,27268.6
E02000100,Brent 008,E09000005,Brent,29656.0
E02000101,Brent 009,E09000005,Brent,18913.5
E02000102,Brent 010,E09000005,Brent,15155.4
E02000103,Brent 011,E09000005,Brent,15226.4
E02000104,Brent 012,E09000005,Brent,20527.25
E02000105,Brent 013,E09000005,Brent,21931.6
E02000106,Brent 014,E09000005,Brent,14131.333333333334
E02000107,Brent 015,E09000005,Brent,16621.5
E02000108,Brent 016,E09000005,Brent,22093.5
E02000110,Brent 018,E09000005,Brent,20925.6
E02000111,Brent 019,E09000005,Brent,23919.8
E02000112,Brent 020,E09000005,Brent,23428.333333333332
E02000113,Brent 021,E09000005,Brent,9321.333333333334
E02000114,Brent 022,E09000005,Brent,19332.0
E02000115,Brent 023,E09000005,Brent,17841.6
E02000116,Brent 024,E09000005,Brent,10596.75
E02000117,Brent 025,E09000005,Brent,9974.0
E02000118,Brent 026,E09000005,Brent,24445.2
E02000119,Brent 027,E09000005,Brent,13055.833333333334
E02000120,Brent 028,E09000005,Brent,14509.6
E02000121,Brent 029,E09000005,Brent,27145.4
E02000122,Brent 030,E09000005,Brent,25684.4
E02000123,Brent 031,E09000005,Brent,13540.0
E02000124,Brent 032,E09000005,Brent,22246.6
E02000125,Brent 033,E09000005,Brent,22277.5
E02000126,Brent 034,E09000005,Brent,12704.25
E02000127,Bromley 001,E09000006,Bromley,15914.333333333334
E02000128,Bromley 002,E09000006,Bromley,25308.0
E02000130,Bromley 004,E09000006,Bromley,22990.8
E02000131,Bromley 005,E09000006,Bromley,22486.833333333332
E02000132,Bromley 006,E09000006,Bromley,24622.6
E02000133,Bromley 007,E09000006,Bromley,32727.0
E02000134,Bromley 008,E09000006,Bromley,22349.571428571428
E02000135,Bromley 009,E09000006,Bromley,8354.166666666666
E02000136,Bromley 010,E09000006,Bromley,22639.25
E02000137,Bromley 011,E09000006,Bromley,27721.0
E02000138,Bromley 012,E09000006,Bromley,31459.4
E02000139,Bromley 013,E09000006,Bromley,23624.0
E02000140,Bromley 014,E09000006,Bromley,10442.4
E02000141,Bromley 015,E09000006,Bromley,23293.2
E02000142,Bromley 016,E09000006,Bromley,29225.8
E02000144,Bromley 018,E09000006,Bromley,29320.666666666668
E02000145,Bromley 019,E09000006,Bromley,12489.8
E02000146,Bromley 020,E09000006,Bromley,24397.4
E02000147,Bromley 021,E09000006,Bromley,32575.6
E02000148,Bromley 022,E09000006,Bromley,31363.5
E02000149,Bromley 023,E09000006,Bromley,17945.4
E02000150,Bromley 024,E09000006,Bromley,26245.4
E02000151,Bromley 025,E09000006,Bromley,32588.8
E02000152,Bromley 026,E09000006,Bromley,17217.25
E02000153,Bromley 027,E09000006,Bromley,30740.4
E02000154,Bromley 028,E09000006,Bromley,28033.4
E02000155,Bromley 029,E09000006,Bromley,23492.8
E02000156,Bromley 030,E09000006,Bromley,30712.375
E02000157,Bromley 031,E09000006,Bromley,32066.4
E02000158,Bromley 032,E09000006,Bromley,22466.0
E02000159,Bromley 033,E09000006,Bromley,31101.75
E02000160,Bromley 034,E09000006,Bromley,31349.4
E02000161,Bromley 035,E09000006,Bromley,31499.8
E02000162,Bromley 036,E09000006,Bromley,25237.75
E02000163,Bromley 037,E09000006,Bromley,28866.6
E02000165,Bromley 039,E09000006,Bromley,27073.6
E02000166,Camden 001,E09000007,Camden,18375.6
E02000167,Camden 002,E09000007,Camden,30144.2
E02000168,Camden 003,E09000007,Camden,16356.0
E02000169,Camden 004,E09000007,Camden,30296.6
E02000170,Camden 005,E09000007,Camden,21122.6
E02000171,Camden 006,E09000007,Camden,18859.6
E02000172,Camden 007,E09000007,Camden,6671.666666666667
E02000173,Camden 008,E09000007,Camden,25367.0
E02000174,Camden 009,E09000007,Camden,11469.8
E02000175,Camden 010,E09000007,Camden,18631.6
E02000176,Camden 011,E09000007,Camden,25041.75
E02000177,Camden 012,E09000007,Camden,9460.8
E02000178,Camden 013,E09000007,Camden,8259.8
E02000179,Camden 014,E09000007,Camden,19710.25
E02000180,Camden 015,E09000007,Camden,11653.0
E02000181,Camden 016,E09000007,Camden,23682.2
E02000182,Camden 017,E09000007,Camden,23505.25
E02000183,Camden 018,E09000007,Camden,19347.0
E02000184,Camden 019,E09000007,Camden,8685.6
E02000185,Camden 020,E09000007,Camden,9880.0
E02000186,Camden 021,E09000007,Camden,10558.25
E02000187,Camden 022,E09000007,Camden,8148.166666666667
E02000188,Camden 023,E09000007,Camden,9540.0
E02000191,Camden 026,E09000007,Camden,16497.0
E02000192,Camden 027,E09000007,Camden,12296.75
E02000193,Camden 028,E09000007,Camden,16418.0
E02000194,Croydon 001,E09000008,Croydon,17206.0
E02000195,Croydon 002,E09000008,Croydon,27865.8
E02000196,Croydon 003,E09000008,Croydon,19336.5
E02000197,Croydon 004,E09000008,Croydon,20826.6
E02000198,Croydon 005,E09000008,Croydon,12585.4
E02000199,Croydon 006,E09000008,Croydon,18514.2
E02000200,Croydon 007,E09000008,Croydon,17384.4
E02000201,Croydon 008,E09000008,Croydon,11775.6
E02000202,Croydon 009,E09000008,Croydon,18138.5
E02000203,Croydon 010,E09000008,Croydon,14518.2
E02000204,Croydon 011,E09000008,Croydon,18555.333333333332
E02000206,Croydon 013,E09000008,Croydon,11579.5
E02000207,Croydon 014,E09000008,Croydon,12315.4
E02000208,Croydon 015,E09000008,Croydon,10012.5
E02000209,Croydon 016,E09000008,Croydon,17337.8
E02000210,Croydon 017,E09000008,Croydon,18095.4
E02000211,Croydon 018,E09000008,Croydon,26524.4
E02000212,Croydon 019,E09000008,Croydon,15875.6
E02000213,Croydon 020,E09000008,Croydon,12890.0
E02000214,Croydon 021,E09000008,Croydon,25305.5
E02000215,Croydon 022,E09000008,Croydon,14060.833333333334
E02000216,Croydon 023,E09000008,Croydon,26374.5
E02000217,Croydon 024,E09000008,Croydon,16376.285714285714
E02000218,Croydon 025,E09000008,Croydon,20768.0
E02000219,Croydon 026,E09000008,Croydon,28532.6
E02000221,Croydon 028,E09000008,Croydon,11782.2
E02000222,Croydon 029,E09000008,Croydon,21948.2
E02000223,Croydon 030,E09000008,Croydon,8391.6
E02000224,Croydon 031,E09000008,Croydon,22897.8
E02000225,Croydon 032,E09000008,Croydon,10757.6
E02000226,Croydon 033,E09000008,Croydon,28041.2
E02000227,Croydon 034,E09000008,Croydon,19905.375
E02000228,Croydon 035,E09000008,Croydon,29948.4
E02000229,Croydon 036,E09000008,Croydon,6656.5
E02000230,Croydon 037,E09000008,Croydon,23867.0
E02000231,Croydon 038,E09000008,Croydon,27413.4
E02000232,Croydon 039,E09000008,Croydon,23604.75
E02000233,Croydon 040,E09000008,Croydon,21474.5
E02000234,Croydon 041,E09000008,Croydon,21868.6
E02000235,Croydon 042,E09000008,Croydon,27471.25
E02000236,Croydon 043,E09000008,Croydon,26537.6
E02000237,Croydon 044,E09000008,Croydon,23535.6
E02000238,Ealing 001,E09000009,Ealing,23564.0
E02000239,Ealing 002,E09000009,Ealing,27594.8
E02000240,Ealing 003,E09000009,Ealing,16570.833333333332
E02000241,Ealing 004,E09000009,Ealing,25787.5
E02000242,Ealing 005,E09000009,Ealing,24940.25
E02000243,Ealing 006,E09000009,Ealing,17829.6
E02000244,Ealing 007,E09000009,Ealing,21508.0
E02000245,Ealing 008,E09000009,Ealing,11471.2
E02000246,Ealing 009,E09000009,Ealing,15333.8
E02000247,Ealing 010,E09000009,Ealing,15917.833333333334
E02000248,Ealing 011,E09000009,Ealing,26674.25
E02000249,Ealing 012,E09000009,Ealing,17767.5
E02000250,Ealing 013,E09000009,Ealing,30906.0
E02000251,Ealing 014,E09000009,Ealing,24070.2
E02000252,Ealing 015,E09000009,Ealing,15662.833333333334
E02000253,Ealing 016,E09000009,Ealing,14523.666666666666
E02000254,Ealing 017,E09000009,Ealing,15177.8
E02000255,Ealing 018,E09000009,Ealing,22296.666666666668
E02000256,Ealing 019,E09000009,Ealing,23491.166666666668
E02000258,Ealing 021,E09000009,Ealing,23035.75
E02000259,Ealing 022,E09000009,Ealing,25273.0
E02000260,Ealing 023,E09000009,Ealing,17158.4
E02000261,Ealing 024,E09000009,Ealing,20733.833333333332
E02000262,Ealing 025,E09000009,Ealing,16896.2
E02000263,Ealing 026,E09000009,Ealing,17583.5
E02000264,Ealing 027,E09000009,Ealing,21754.2
E02000265,Ealing 028,E09000009,Ealing,15802.333333333334
E02000266,Ealing 029,E09000009,Ealing,12416.142857142857
E02000267,Ealing 030,E09000009,Ealing,22237.0
E02000268,Ealing 031,E09000009,Ealing,20947.333333333332
E02000269,Ealing 032,E09000009,Ealing,29233.8
E02000270,Ealing 033,E09000009,Ealing,15334.2
E02000271,Ealing 034,E09000009,Ealing,30889.5
E02000272,Ealing 035,E09000009,Ealing,28306.5
E02000275,Ealing 038,E09000009,Ealing,16204.75
E02000276,Ealing 039,E09000009,Ealing,25132.75
E02000277,Enfield 001,E09000010,Enfield,18094.0
E02000278,Enfield 002,E09000010,Enfield,12220.4
E02000279,Enfield 003,E09000010,Enfield,13521.0
E02000280,Enfield 004,E09000010,Enfield,20881.2
E02000281,Enfield 005,E09000010,Enfield,16786.0
E02000282,Enfield 006,E09000010,Enfield,13029.6
E02000283,Enfield 007,E09000010,Enfield,17112.0
E02000284,Enfield 008,E09000010,Enfield,24303.8
E02000285,Enfield 009,E09000010,Enfield,28634.0
E02000286,Enfield 010,E09000010,Enfield,24269.0
E02000287,Enfield 011,E09000010,Enfield,27072.75
E02000288,Enfield 012,E09000010,Enfield,15468.0
E02000289,Enfield 013,E09000010,Enfield,30438.25
E02000290,Enfield 014,E09000010,Enfield,11842.333333333334
E02000291,Enfield 015,E09000010,Enfield,20742.2
E02000292,Enfield 016,E09000010,Enfield,22554.166666666668
E02000293,Enfield 017,E09000010,Enfield,29476.25
E02000294,Enfield 018,E09000010,Enfield,17717.0
E02000295,Enfield 019,E09000010,Enfield,24601.2
E02000296,Enfield 020,E09000010,Enfield,24720.833333333332
E02000297,Enfield 021,E09000010,Enfield,28337.0
E02000298,Enfield 022,E09000010,Enfield,30281.8
E02000299,Enfield 023,E09000010,Enfield,15210.2
E02000300,Enfield 024,E09000010,Enfield,17504.4
E02000301,Enfield 025,E09000010,Enfield,12003.5
E02000302,Enfield 026,E09000010,Enfield,23856.2
E02000303,Enfield 027,E09000010,Enfield,10199.4
E02000304,Enfield 028,E09000010,Enfield,30792.4
E02000305,Enfield 029,E09000010,Enfield,25210.6
E02000306,Enfield 030,E09000010,Enfield,9248.8
E02000307,Enfield 031,E09000010,Enfield,20970.0
E02000308,Enfield 032,E09000010,Enfield,21566.2
E02000309,Enfield 033,E09000010,Enfield,15456.0
E02000311,Enfield 035,E09000010,Enfield,19851.666666666668
E02000312,Enfield 036,E09000010,Enfield,23191.0
E02000313,Greenwich 001,E09000011,Greenwich,9497.25
E02000314,Greenwich 002,E09000011,Greenwich,9952.57142857143
E02000315,Greenwich 003,E09000011,Greenwich,8900.6
E02000317,Greenwich 005,E09000011,Greenwich,10339.5
E02000318,Greenwich 006,E09000011,Greenwich,16491.8
E02000319,Greenwich 007,E09000011,Greenwich,13594.5
E02000320,Greenwich 008,E09000011,Greenwich,16391.0
E02000321,Greenwich 009,E09000011,Greenwich,9862.5
E02000323,Greenwich 011,E09000011,Greenwich,10568.666666666666
E02000324,Greenwich 012,E09000011,Greenwich,10006.5
E02000326,Greenwich 014,E09000011,Greenwich,17090.75
E02000327,Greenwich 015,E09000011,Greenwich,8054.75
E02000328,Greenwich 016,E09000011,Greenwich,18289.5
E02000329,Greenwich 017,E09000011,Greenwich,15282.5
E02000331,Greenwich 019,E09000011,Greenwich,10655.5
E02000332,Greenwich 020,E09000011,Greenwich,17868.4
E02000333,Greenwich 021,E09000011,Greenwich,23717.25
E02000334,Greenwich 022,E09000011,Greenwich,14483.75
E02000335,Greenwich 023,E09000011,Greenwich,24127.0
E02000337,Greenwich 025,E09000011,Greenwich,10639.0
E02000339,Greenwich 027,E09000011,Greenwich,20942.5
E02000340,Greenwich 028,E09000011,Greenwich,24473.0
E02000341,Greenwich 029,E09000011,Greenwich,6440.0
E02000342,Greenwich 030,E09000011,Greenwich,16721.333333333332
E02000343,Greenwich 031,E09000011,Greenwich,13954.5
E02000344,Greenwich 032,E09000011,Greenwich,20413.0
E02000345,Hackney 001,E09000012,Hackney,8630.0
E02000346,Hackney 002,E09000012,Hackney,8542.0
E02000347,Hackney 003,E09000012,Hackney,9916.6
E02000348,Hackney 004,E09000012,Hackney,4616.6
E02000350,Hackney 006,E09000012,Hackney,13441.8
E02000351,Hackney 007,E09000012,Hackney,9732.333333333334
E02000352,Hackney 008,E09000012,Hackney,9361.0
E02000353,Hackney 009,E09000012,Hackney,15486.6
E02000354,Hackney 010,E09000012,Hackney,6110.5
E02000355,Hackney 011,E09000012,Hackney,11595.4
E02000356,Hackney 012,E09000012,Hackney,12604.0
E02000357,Hackney 013,E09000012,Hackney,6006.25
E02000358,Hackney 014,E09000012,Hackney,7670.333333333333
E02000359,Hackney 015,E09000012,Hackney,11244.25
E02000360,Hackney 016,E09000012,Hackney,6127.166666666667
E02000361,Hackney 017,E09000012,Hackney,6926.75
E02000362,Hackney 018,E09000012,Hackney,5132.75
E02000363,Hackney 019,E09000012,Hackney,5166.333333333333
E02000364,Hackney 020,E09000012,Hackney,10650.0
E02000366,Hackney 022,E09000012,Hackney,7020.8
E02000367,Hackney 023,E09000012,Hackney,7072.333333333333
E02000368,Hackney 024,E09000012,Hackney,6961.166666666667
E02000369,Hackney 025,E09000012,Hackney,11267.5
E02000370,Hackney 026,E09000012,Hackney,11839.5
E02000372,Hammersmith and Fulham 001,E09000013,Hammersmith and Fulham,8450.833333333334
E02000373,Hammersmith and Fulham 002,E09000013,Hammersmith and Fulham,11382.0
E02000374,Hammersmith and Fulham 003,E09000013,Hammersmith and Fulham,13312.25
E02000375,Hammersmith and Fulham 004,E09000013,Hammersmith and Fulham,12234.5
E02000376,Hammersmith and Fulham 005,E09000013,Hammersmith and Fulham,12026.5
E02000377,Hammersmith and Fulham 006,E09000013,Hammersmith and Fulham,12520.8
E02000378,Hammersmith and Fulham 007,E09000013,Hammersmith and Fulham,13878.25
E02000379,Hammersmith and Fulham 008,E09000013,Hammersmith and Fulham,19968.5
E02000380,Hammersmith and Fulham 009,E09000013,Hammersmith and Fulham,17744.0
E02000381,Hammersmith and Fulham 010,E09000013,Hammersmith and Fulham,18730.8
E02000382,Hammersmith and Fulham 011,E09000013,Hammersmith and Fulham,22389.75
E02000383,Hammersmith and Fulham 012,E09000013,Hammersmith and Fulham,18521.5
E02000384,Hammersmith and Fulham 013,E09000013,Hammersmith and Fulham,9726.6
E02000385,Hammersmith and Fulham 014,E09000013,Hammersmith and Fulham,16048.0
E02000386,Hammersmith and Fulham 015,E09000013,Hammersmith and Fulham,10541.8
E02000387,Hammersmith and Fulham 016,E09000013,Hammersmith and Fulham,13359.0
E02000388,Hammersmith and Fulham 017,E09000013,Hammersmith and Fulham,15708.6
E02000389,Hammersmith and Fulham 018,E09000013,Hammersmith and Fulham,26361.0
E02000390,Hammersmith and Fulham 019,E09000013,Hammersmith and Fulham,16619.5
E02000391,Hammersmith and Fulham 020,E09000013,Hammersmith and Fulham,19747.2
E02000392,Hammersmith and Fulham 021,E09000013,Hammersmith and Fulham,20217.666666666668
E02000393,Hammersmith and Fulham 022,E09000013,Hammersmith and Fulham,24576.5
E02000394,Hammersmith and Fulham 023,E09000013,Hammersmith and Fulham,15453.0
E02000395,Hammersmith and Fulham 024,E09000013,Hammersmith and Fulham,27214.25
E02000396,Hammersmith and Fulham 025,E09000013,Hammersmith and Fulham,21252.0
E02000397,Haringey 001,E09000014,Haringey,18224.0
E02000398,Haringey 002,E09000014,Haringey,7286.25
E02000400,Haringey 004,E09000014,Haringey,20787.25
E02000401,Haringey 005,E09000014,Haringey,11649.5
E02000402,Haringey 006,E09000014,Haringey,9569.25
E02000403,Haringey 007,E09000014,Haringey,15270.25
E02000404,Haringey 008,E09000014,Haringey,15465.25
E02000405,Haringey 009,E09000014,Haringey,28423.25
E02000406,Haringey 010,E09000014,Haringey,12870.25
E02000407,Haringey 011,E09000014,Haringey,12580.75
E02000408,Haringey 012,E09000014,Haringey,14311.5
E02000409,Haringey 013,E09000014,Haringey,13591.0
E02000410,Haringey 014,E09000014,Haringey,30645.75
E02000411,Haringey 015,E09000014,Haringey,17342.0
E02000412,Haringey 016,E09000014,Haringey,14628.0
E02000413,Haringey 017,E09000014,Haringey,26281.25
E02000414,Haringey 018,E09000014,Haringey,15511.75
E02000415,Haringey 019,E09000014,Haringey,18366.25
E02000416,Haringey 020,E09000014,Haringey,13754.666666666666
E02000417,Haringey 021,E09000014,Haringey,29317.75
E02000418,Haringey 022,E09000014,Haringey,26564.5
E02000419,Haringey 023,E09000014,Haringey,19679.5
E02000420,Haringey 024,E09000014,Haringey,15818.75
E02000421,Haringey 025,E09000014,Haringey,11503.75
E02000422,Haringey 026,E09000014,Haringey,12138.5
E02000423,Haringey 027,E09000014,Haringey,18416.25
E02000424,Haringey 028,E09000014,Haringey,22434.0
E02000425,Haringey 029,E09000014,Haringey,12452.75
E02000426,Haringey 030,E09000014,Haringey,28130.75
E02000427,Haringey 031,E09000014,Haringey,16998.75
E02000428,Haringey 032,E09000014,Haringey,12158.75
E02000429,Haringey 033,E09000014,Haringey,28153.0
E02000430,Haringey 034,E09000014,Haringey,28470.5
E02000431,Haringey 035,E09000014,Haringey,26181.5
E02000432,Haringey 036,E09000014,Haringey,17913.5
E02000433,Harrow 001,E09000015,Harrow,29098.25
E02000434,Harrow 002,E09000015,Harrow,27182.0
E02000435,Harrow 003,E09000015,Harrow,24211.0
E02000436,Harrow 004,E09000015,Harrow,32222.5
E02000437,Harrow 005,E09000015,Harrow,20283.8
E02000438,Harrow 006,E09000015,Harrow,23333.8
E02000439,Harrow 007,E09000015,Harrow,25435.0
E02000440,Harrow 008,E09000015,Harrow,30687.6
E02000441,Harrow 009,E09000015,Harrow,26058.25
E02000442,Harrow 010,E09000015,Harrow,28786.4
E02000443,Harrow 011,E09000015,Harrow,19488.4
E02000444,Harrow 012,E09000015,Harrow,30478.6
E02000445,Harrow 013,E09000015,Harrow,22344.333333333332
E02000447,Harrow 015,E09000015,Harrow,29032.0
E02000448,Harrow 016,E09000015,Harrow,31254.0
E02000449,Harrow 017,E09000015,Harrow,26135.6
E02000451,Harrow 019,E09000015,Harrow,31177.75
E02000452,Harrow 020,E09000015,Harrow,23749.0
E02000453,Harrow 021,E09000015,Harrow,26991.75
E02000454,Harrow 022,E09000015,Harrow,32859.75
E02000455,Harrow 023,E09000015,Harrow,22184.0
E02000456,Harrow 024,E09000015,Harrow,26627.0
E02000457,Harrow 025,E09000015,Harrow,28538.5
E02000459,Harrow 027,E09000015,Harrow,22489.6
E02000460,Harrow 028,E09000015,Harrow,19699.25
E02000461,Harrow 029,E09000015,Harrow,27976.25
E02000462,Harrow 030,E09000015,Harrow,25850.5
E02000463,Harrow 031,E09000015,Harrow,21866.6
E02000464,Havering 001,E09000016,Havering,12256.25
E02000465,Havering 002,E09000016,Havering,12601.2
E02000466,Havering 003,E09000016,Havering,14474.8
E02000467,Havering 004,E09000016,Havering,9300.333333333334
E02000468,Havering 005,E09000016,Havering,20565.8
E02000469,Havering 006,E09000016,Havering,12852.5
E02000470,Havering 007,E09000016,Havering,23352.5
E02000471,Havering 008,E09000016,Havering,29228.4
E02000472,Havering 009,E09000016,Havering,23525.833333333332
E02000473,Havering 010,E09000016,Havering,26014.0
E02000474,Havering 011,E09000016,Havering,20053.6
E02000475,Havering 012,E09000016,Havering,25509.5
E02000476,Havering 013,E09000016,Havering,15034.8
E02000477,Havering 014,E09000016,Havering,28892.333333333332
E02000478,Havering 015,E09000016,Havering,29407.75
E02000479,Havering 016,E09000016,Havering,17383.2
E02000480,Havering 017,E09000016,Havering,17720.875
E02000481,Havering 018,E09000016,Havering,28382.4
E02000482,Havering 019,E09000016,Havering,32164.0
E02000483,Havering 020,E09000016,Havering,22338.8
E02000484,Havering 021,E09000016,Havering,26809.4
E02000485,Havering 022,E09000016,Havering,27129.6
E02000486,Havering 023,E09000016,Havering,26200.2
E02000487,Havering 024,E09000016,Havering,32130.8
E02000488,Havering 025,E09000016,Havering,27754.2
E02000489,Havering 026,E09000016,Havering,21121.8
E02000490,Havering 027,E09000016,Havering,20857.6
E02000491,Havering 028,E09000016,Havering,15991.4
E02000492,Havering 029,E09000016,Havering,24888.5
E02000493,Havering 030,E09000016,Havering,20208.5
E02000494,Hillingdon 001,E09000017,Hillingdon,25284.2
E02000495,Hillingdon 002,E09000017,Hillingdon,23944.833333333332
E02000496,Hillingdon 003,E09000017,Hillingdon,17011.2
E02000497,Hillingdon 004,E09000017,Hillingdon,22972.6
E02000498,Hillingdon 005,E09000017,Hillingdon,24138.0
E02000499,Hillingdon 006,E09000017,Hillingdon,29964.4
E02000500,Hillingdon 007,E09000017,Hillingdon,30678.8
E02000501,Hillingdon 008,E09000017,Hillingdon,26960.2
E02000502,Hillingdon 009,E09000017,Hillingdon,25238.6
E02000503,Hillingdon 010,E09000017,Hillingdon,28455.2
E02000504,Hillingdon 011,E09000017,Hillingdon,30521.4
E02000506,Hillingdon 013,E09000017,Hillingdon,27596.2
E02000507,Hillingdon 014,E09000017,Hillingdon,22175.4
E02000508,Hillingdon 015,E09000017,Hillingdon,20281.0
E02000509,Hillingdon 016,E09000017,Hillingdon,17289.8
E02000510,Hillingdon 017,E09000017,Hillingdon,22211.8
E02000511,Hillingdon 018,E09000017,Hillingdon,20878.833333333332
E02000512,Hillingdon 019,E09000017,Hillingdon,15101.4
E02000513,Hillingdon 020,E09000017,Hillingdon,15249.0
E02000514,Hillingdon 021,E09000017,Hillingdon,20210.166666666668
E02000515,Hillingdon 022,E09000017,Hillingdon,15339.57142857143
E02000516,Hillingdon 023,E09000017,Hillingdon,18067.6
E02000517,Hillingdon 024,E09000017,Hillingdon,14928.4
E02000518,Hillingdon 025,E09000017,Hillingdon,12692.2
E02000519,Hillingdon 026,E09000017,Hillingdon,15763.6
E02000520,Hillingdon 027,E09000017,Hillingdon,17257.125
E02000521,Hillingdon 028,E09000017,Hillingdon,15212.833333333334
E02000522,Hillingdon 029,E09000017,Hillingdon,12527.4
E02000523,Hillingdon 030,E09000017,Hillingdon,20353.5
E02000524,Hillingdon 031,E09000017,Hillingdon,19287.5
E02000525,Hillingdon 032,E09000017,Hillingdon,20246.2
E02000526,Hounslow 001,E09000018,Hounslow,30569.6
E02000529,Hounslow 004,E09000018,Hounslow,21765.2
E02000530,Hounslow 005,E09000018,Hounslow,15015.75
E02000531,Hounslow 006,E09000018,Hounslow,22025.0
E02000532,Hounslow 007,E09000018,Hounslow,27134.0
E02000533,Hounslow 008,E09000018,Hounslow,26076.4
E02000534,Hounslow 009,E09000018,Hounslow,30593.0
E02000535,Hounslow 010,E09000018,Hounslow,25500.8
E02000536,Hounslow 011,E09000018,Hounslow,22314.0
E02000537,Hounslow 012,E09000018,Hounslow,28350.4
E02000538,Hounslow 013,E09000018,Hounslow,23719.8
E02000539,Hounslow 014,E09000018,Hounslow,20723.666666666668
E02000540,Hounslow 015,E09000018,Hounslow,22450.333333333332
E02000541,Hounslow 016,E09000018,Hounslow,20868.4
E02000542,Hounslow 017,E09000018,Hounslow,20763.333333333332
E02000543,Hounslow 018,E09000018,Hounslow,23527.428571428572
E02000544,Hounslow 019,E09000018,Hounslow,26915.2
E02000545,Hounslow 020,E09000018,Hounslow,19082.2
E02000546,Hounslow 021,E09000018,Hounslow,24197.4
E02000547,Hounslow 022,E09000018,Hounslow,20160.8
E02000548,Hounslow 023,E09000018,Hounslow,15938.6
E02000549,Hounslow 024,E09000018,Hounslow,20785.333333333332
E02000550,Hounslow 025,E09000018,Hounslow,17155.333333333332
E02000551,Hounslow 026,E09000018,Hounslow,13253.8
E02000552,Hounslow 027,E09000018,Hounslow,21319.0
E02000553,Hounslow 028,E09000018,Hounslow,18920.25
E02000554,Islington 001,E09000019,Islington,6877.666666666667
E02000555,Islington 002,E09000019,Islington,11704.166666666666
E02000556,Islington 003,E09000019,Islington,9841.166666666666
E02000557,Islington 004,E09000019,Islington,10573.0
E02000558,Islington 005,E09000019,Islington,6803.8
E02000559,Islington 006,E09000019,Islington,19182.666666666668
E02000560,Islington 007,E09000019,Islington,9653.8
E02000561,Islington 008,E09000019,Islington,19829.25
E02000562,Islington 009,E09000019,Islington,13151.6
E02000563,Islington 010,E09000019,Islington,8321.6
E02000564,Islington 011,E09000019,Islington,12350.0
E02000565,Islington 012,E09000019,Islington,10150.6
E02000566,Islington 013,E09000019,Islington,17400.0
E02000567,Islington 014,E09000019,Islington,10096.0
E02000568,Islington 015,E09000019,Islington,6764.8
E02000569,Islington 016,E09000019,Islington,12342.5
E02000570,Islington 017,E09000019,Islington,18440.4
E02000571,Islington 018,E09000019,Islington,8491.4
E02000572,Islington 019,E09000019,Islington,8934.4
E02000573,Islington 020,E09000019,Islington,14243.0
E02000574,Islington 021,E09000019,Islington,11243.8
E02000575,Islington 022,E09000019,Islington,14260.57142857143
E02000576,Islington 023,E09000019,Islington,12966.0
E02000577,Kensington and Chelsea 001,E09000020,Kensington and Chelsea,8046.6
E02000578,Kensington and Chelsea 002,E09000020,Kensington and Chelsea,6931.25
E02000579,Kensington and Chelsea 003,E09000020,Kensington and Chelsea,16755.6
E02000580,Kensington and Chelsea 004,E09000020,Kensington and Chelsea,10482.8
E02000581,Kensington and Chelsea 005,E09000020,Kensington and Chelsea,9717.2
E02000582,Kensington and Chelsea 006,E09000020,Kensington and Chelsea,29350.8
E02000583,Kensington and Chelsea 007,E09000020,Kensington and Chelsea,27521.8
E02000584,Kensington and Chelsea 008,E09000020,Kensington and Chelsea,31959.8
E02000585,Kensington and Chelsea 009,E09000020,Kensington and Chelsea,28866.6
E02000586,Kensington and Chelsea 010,E09000020,Kensington and Chelsea,32901.0
E02000587,Kensington and Chelsea 011,E09000020,Kensington and Chelsea,31951.2
E02000588,Kensington and Chelsea 012,E09000020,Kensington and Chelsea,33434.4
E02000589,Kensington and Chelsea 013,E09000020,Kensington and Chelsea,27119.4
E02000590,Kensington and Chelsea 014,E09000020,Kensington and Chelsea,22084.0
E02000591,Kensington and Chelsea 015,E09000020,Kensington and Chelsea,14019.25
E02000592,Kensington and Chelsea 016,E09000020,Kensington and Chelsea,33088.5
E02000593,Kensington and Chelsea 017,E09000020,Kensington and Chelsea,21019.4
E02000594,Kensington and Chelsea 018,E09000020,Kensington and Chelsea,29146.6
E02000595,Kensington and Chelsea 019,E09000020,Kensington and Chelsea,27101.0
E02000596,Kensington and Chelsea 020,E09000020,Kensington and Chelsea,29502.25
E02000597,Kensington and Chelsea 021,E09000020,Kensington and Chelsea,12555.0
E02000598,Kingston upon Thames 001,E09000021,Kingston upon Thames,30911.0
E02000599,Kingston upon Thames 002,E09000021,Kingston upon Thames,30839.4
E02000600,Kingston upon Thames 003,E09000021,Kingston upon Thames,26431.4
E02000601,Kingston upon Thames 004,E09000021,Kingston upon Thames,27373.0
E02000602,Kingston upon Thames 005,E09000021,Kingston upon Thames,19824.8
E02000603,Kingston upon Thames 006,E09000021,Kingston upon Thames,19464.4
E02000604,Kingston upon Thames 007,E09000021,Kingston upon Thames,29561.8
E02000605,Kingston upon Thames 008,E09000021,Kingston upon Thames,24940.0
E02000606,Kingston upon Thames 009,E09000021,Kingston upon Thames,29693.6
E02000607,Kingston upon Thames 010,E09000021,Kingston upon Thames,29848.25
E02000608,Kingston upon Thames 011,E09000021,Kingston upon Thames,24672.75
E02000609,Kingston upon Thames 012,E09000021,Kingston upon Thames,24952.6
E02000610,Kingston upon Thames 013,E09000021,Kingston upon Thames,22116.6
E02000611,Kingston upon Thames 014,E09000021,Kingston upon Thames,31452.6
E02000612,Kingston upon Thames 015,E09000021,Kingston upon Thames,29922.6
E02000613,Kingston upon Thames 016,E09000021,Kingston upon Thames,26159.0
E02000614,Kingston upon Thames 017,E09000021,Kingston upon Thames,24043.8
E02000615,Kingston upon Thames 018,E09000021,Kingston upon Thames,26606.8
E02000616,Kingston upon Thames 019,E09000021,Kingston upon Thames,27172.0
E02000617,Kingston upon Thames 020,E09000021,Kingston upon Thames,21291.4
E02000619,Lambeth 002,E09000022,Lambeth,13362.4
E02000620,Lambeth 003,E09000022,Lambeth,16753.833333333332
E02000621,Lambeth 004,E09000022,Lambeth,18789.125
E02000622,Lambeth 005,E09000022,Lambeth,15317.4
E02000623,Lambeth 006,E09000022,Lambeth,14277.6
E02000624,Lambeth 007,E09000022,Lambeth,13368.4
E02000625,Lambeth 008,E09000022,Lambeth,12359.4
E02000626,Lambeth 009,E09000022,Lambeth,10696.2
E02000627,Lambeth 010,E09000022,Lambeth,14268.8
E02000628,Lambeth 011,E09000022,Lambeth,11656.166666666666
E02000629,Lambeth 012,E09000022,Lambeth,14749.4
E02000630,Lambeth 013,E09000022,Lambeth,18688.0
E02000631,Lambeth 014,E09000022,Lambeth,18989.8
E02000632,Lambeth 015,E09000022,Lambeth,17233.2
E02000633,Lambeth 016,E09000022,Lambeth,11653.6
E02000634,Lambeth 017,E09000022,Lambeth,11749.75
E02000635,Lambeth 018,E09000022,Lambeth,14268.2
E02000636,Lambeth 019,E09000022,Lambeth,20897.2
E02000637,Lambeth 020,E09000022,Lambeth,16753.8
E02000638,Lambeth 021,E09000022,Lambeth,13748.6
E02000639,Lambeth 022,E09000022,Lambeth,16063.6
E02000640,Lambeth 023,E09000022,Lambeth,18065.0
E02000641,Lambeth 024,E09000022,Lambeth,11152.4
E02000642,Lambeth 025,E09000022,Lambeth,19021.4
E02000643,Lambeth 026,E09000022,Lambeth,17902.4
E02000644,Lambeth 027,E09000022,Lambeth,18949.4
E02000645,Lambeth 028,E09000022,Lambeth,19455.2
E02000646,Lambeth 029,E09000022,Lambeth,21427.4
E02000647,Lambeth 030,E09000022,Lambeth,20255.4
E02000648,Lambeth 031,E09000022,Lambeth,9136.8
E02000649,Lambeth 032,E09000022,Lambeth,14170.5
E02000650,Lambeth 033,E09000022,Lambeth,14099.0
E02000651,Lambeth 034,E09000022,Lambeth,20083.6
E02000652,Lambeth 035,E09000022,Lambeth,18966.6
E02000653,Lewisham 001,E09000023,Lewisham,12253.0
E02000654,Lewisham 002,E09000023,Lewisham,8959.0
E02000655,Lewisham 003,E09000023,Lewisham,13011.4
E02000657,Lewisham 005,E09000023,Lewisham,13417.0
E02000658,Lewisham 006,E09000023,Lewisham,16742.0
E02000659,Lewisham 007,E09000023,Lewisham,15508.6
E02000660,Lewisham 008,E09000023,Lewisham,14304.4
E02000661,Lewisham 009,E09000023,Lewisham,23143.25
E02000662,Lewisham 010,E09000023,Lewisham,11642.2
E02000663,Lewisham 011,E09000023,Lewisham,19366.25
E02000665,Lewisham 013,E09000023,Lewisham,19670.5
E02000666,Lewisham 014,E09000023,Lewisham,14280.0
E02000667,Lewisham 015,E09000023,Lewisham,20662.75
E02000668,Lewisham 016,E09000023,Lewisham,19662.75
E02000669,Lewisham 017,E09000023,Lewisham,12027.2
E02000670,Lewisham 018,E09000023,Lewisham,11325.25
E02000671,Lewisham 019,E09000023,Lewisham,17846.6
E02000672,Lewisham 020,E09000023,Lewisham,12846.166666666666
E02000673,Lewisham 021,E09000023,Lewisham,21957.8
E02000674,Lewisham 022,E09000023,Lewisham,15691.8
E02000675,Lewisham 023,E09000023,Lewisham,19188.8
E02000676,Lewisham 024,E09000023,Lewisham,16725.2
E02000677,Lewisham 025,E09000023,Lewisham,15255.75
E02000678,Lewisham 026,E09000023,Lewisham,10723.25
E02000679,Lewisham 027,E09000023,Lewisham,13243.6
E02000680,Lewisham 028,E09000023,Lewisham,11497.5
E02000681,Lewisham 029,E09000023,Lewisham,10639.8
E02000682,Lewisham 030,E09000023,Lewisham,12284.2
E02000683,Lewisham 031,E09000023,Lewisham,11961.25
E02000685,Lewisham 033,E09000023,Lewisham,12570.0
E02000686,Lewisham 034,E09000023,Lewisham,7759.25
E02000687,Lewisham 035,E09000023,Lewisham,13673.2
E02000689,Merton 001,E09000024,Merton,30120.5
E02000690,Merton 002,E09000024,Merton,32679.75
E02000691,Merton 003,E09000024,Merton,29198.2
E02000692,Merton 004,E09000024,Merton,32440.4
E02000693,Merton 005,E09000024,Merton,27301.833333333332
E02000694,Merton 006,E09000024,Merton,27440.2
E02000695,Merton 007,E09000024,Merton,24488.6
E02000696,Merton 008,E09000024,Merton,23532.4
E02000697,Merton 009,E09000024,Merton,30596.6
E02000698,Merton 010,E09000024,Merton,32949.2
E02000699,Merton 011,E09000024,Merton,32125.8
E02000700,Merton 012,E09000024,Merton,16670.0
E02000701,Merton 013,E09000024,Merton,22878.8
E02000702,Merton 014,E09000024,Merton,18049.8
E02000703,Merton 015,E09000024,Merton,31085.0
E02000704,Merton 016,E09000024,Merton,25330.4
E02000705,Merton 017,E09000024,Merton,21870.4
E02000706,Merton 018,E09000024,Merton,14676.0
E02000707,Merton 019,E09000024,Merton,16334.6
E02000708,Merton 020,E09000024,Merton,29609.0
E02000709,Merton 021,E09000024,Merton,30879.0
E02000710,Merton 022,E09000024,Merton,19069.4
E02000711,Merton 023,E09000024,Merton,23227.2
E02000712,Merton 024,E09000024,Merton,19169.4
E02000713,Merton 025,E09000024,Merton,29321.4
E02000714,Newham 001,E09000025,Newham,17125.25
E02000715,Newham 002,E09000025,Newham,13399.0
E02000716,Newham 003,E09000025,Newham,12953.5
E02000717,Newham 004,E09000025,Newham,16039.75
E02000718,Newham 005,E09000025,Newham,10146.0
E02000719,Newham 006,E09000025,Newham,14460.5
E02000720,Newham 007,E09000025,Newham,17518.75
E02000721,Newham 008,E09000025,Newham,14965.0
E02000722,Newham 009,E09000025,Newham,13578.0
E02000723,Newham 010,E09000025,Newham,19209.8
E02000724,Newham 011,E09000025,Newham,20296.8
E02000725,Newham 012,E09000025,Newham,15966.2
E02000727,Newham 014,E09000025,Newham,17847.75
E02000728,Newham 015,E09000025,Newham,17792.6
E02000729,Newham 016,E09000025,Newham,17933.0
E02000730,Newham 017,E09000025,Newham,20477.5
E02000731,Newham 018,E09000025,Newham,18485.6
E02000732,Newham 019,E09000025,Newham,16847.5
E02000733,Newham 020,E09000025,Newham,14297.6
E02000734,Newham 021,E09000025,Newham,12762.75
E02000735,Newham 022,E09000025,Newham,16064.6
E02000736,Newham 023,E09000025,Newham,12954.0
E02000737,Newham 024,E09000025,Newham,13471.4
E02000738,Newham 025,E09000025,Newham,20401.8
E02000739,Newham 026,E09000025,Newham,13039.25
E02000740,Newham 027,E09000025,Newham,9268.5
E02000741,Newham 028,E09000025,Newham,13956.5
E02000742,Newham 029,E09000025,Newham,12194.75
E02000743,Newham 030,E09000025,Newham,11685.0
E02000744,Newham 031,E09000025,Newham,11757.25
E02000745,Newham 032,E09000025,Newham,13391.4
E02000746,Newham 033,E09000025,Newham,12370.5
E02000747,Newham 034,E09000025,Newham,15753.875
E02000748,Newham 035,E09000025,Newham,12333.75
E02000749,Newham 036,E09000025,Newham,10348.0
E02000751,Redbridge 001,E09000026,Redbridge,31766.0
E02000752,Redbridge 002,E09000026,Redbridge,13312.25
E02000753,Redbridge 003,E09000026,Redbridge,16136.25
E02000754,Redbridge 004,E09000026,Redbridge,25428.25
E02000755,Redbridge 005,E09000026,Redbridge,24110.666666666668
E02000756,Redbridge 006,E09000026,Redbridge,25261.14285714286
E02000757,Redbridge 007,E09000026,Redbridge,28807.571428571428
E02000758,Redbridge 008,E09000026,Redbridge,23686.25
E02000759,Redbridge 009,E09000026,Redbridge,26666.85714285714
E02000760,Redbridge 010,E09000026,Redbridge,20678.0
E02000762,Redbridge 012,E09000026,Redbridge,29328.25
E02000763,Redbridge 013,E09000026,Redbridge,20439.5
E02000764,Redbridge 014,E09000026,Redbridge,25727.85714285714
E02000765,Redbridge 015,E09000026,Redbridge,26740.5
E02000767,Redbridge 017,E09000026,Redbridge,24421.75
E02000768,Redbridge 018,E09000026,Redbridge,30481.0
E02000770,Redbridge 020,E09000026,Redbridge,23816.25
E02000772,Redbridge 022,E09000026,Redbridge,20217.0
E02000773,Redbridge 023,E09000026,Redbridge,25355.8
E02000774,Redbridge 024,E09000026,Redbridge,23712.75
E02000776,Redbridge 026,E09000026,Redbridge,24363.75
E02000777,Redbridge 027,E09000026,Redbridge,25602.25
E02000779,Redbridge 029,E09000026,Redbridge,13854.75
E02000782,Redbridge 032,E09000026,Redbridge,17173.428571428572
E02000783,Redbridge 033,E09000026,Redbridge,18286.5
E02000784,Richmond upon Thames 001,E09000027,Richmond upon Thames,29655.0
E02000785,Richmond upon Thames 002,E09000027,Richmond upon Thames,33404.5
E02000786,Richmond upon Thames 003,E09000027,Richmond upon Thames,31389.285714285714
E02000787,Richmond upon Thames 004,E09000027,Richmond upon Thames,29131.571428571428
E02000788,Richmond upon Thames 005,E09000027,Richmond upon Thames,33020.0
E02000789,Richmond upon Thames 006,E09000027,Richmond upon Thames,29502.25
E02000790,Richmond upon Thames 007,E09000027,Richmond upon Thames,33039.0
E02000791,Richmond upon Thames 008,E09000027,Richmond upon Thames,33300.25
E02000792,Richmond upon Thames 009,E09000027,Richmond upon Thames,33150.0
E02000793,Richmond upon Thames 010,E09000027,Richmond upon Thames,27751.4
E02000794,Richmond upon Thames 011,E09000027,Richmond upon Thames,32395.0
E02000795,Richmond upon Thames 012,E09000027,Richmond upon Thames,32185.25
E02000796,Richmond upon Thames 013,E09000027,Richmond upon Thames,25588.5
E02000797,Richmond upon Thames 014,E09000027,Richmond upon Thames,32218.5
E02000798,Richmond upon Thames 015,E09000027,Richmond upon Thames,28483.0
E02000799,Richmond upon Thames 016,E09000027,Richmond upon Thames,32888.75
E02000800,Richmond upon Thames 017,E09000027,Richmond upon Thames,26741.666666666668
E02000801,Richmond upon Thames 018,E09000027,Richmond upon Thames,31257.75
E02000802,Richmond upon Thames 019,E09000027,Richmond upon Thames,30705.5
E02000803,Richmond upon Thames 020,E09000027,Richmond upon Thames,23083.666666666668
E02000804,Richmond upon Thames 021,E09000027,Richmond upon Thames,29435.5
E02000805,Richmond upon Thames 022,E09000027,Richmond upon Thames,28932.5
E02000806,Richmond upon Thames 023,E09000027,Richmond upon Thames,29185.666666666668
E02000807,Southwark 001,E09000028,Southwark,19192.2
E02000808,Southwark 002,E09000028,Southwark,15890.333333333334
E02000810,Southwark 004,E09000028,Southwark,13061.57142857143
E02000812,Southwark 006,E09000028,Southwark,11499.5
E02000813,Southwark 007,E09000028,Southwark,10709.6
E02000814,Southwark 008,E09000028,Southwark,17338.0
E02000815,Southwark 009,E09000028,Southwark,15649.2
E02000816,Southwark 010,E09000028,Southwark,8504.0
E02000817,Southwark 011,E09000028,Southwark,7387.75
E02000818,Southwark 012,E09000028,Southwark,12671.166666666666
E02000819,Southwark 013,E09000028,Southwark,10759.8
E02000820,Southwark 014,E09000028,Southwark,10577.0
E02000821,Southwark 015,E09000028,Southwark,14029.8
E02000822,Southwark 016,E09000028,Southwark,10361.0
E02000823,Southwark 017,E09000028,Southwark,13275.0
E02000824,Southwark 018,E09000028,Southwark,12625.6
E02000825,Southwark 019,E09000028,Southwark,11584.6
E02000826,Southwark 020,E09000028,Southwark,14646.4
E02000827,Southwark 021,E09000028,Southwark,13601.833333333334
E02000828,Southwark 022,E09000028,Southwark,12374.0
E02000829,Southwark 023,E09000028,Southwark,9103.2
E02000830,Southwark 024,E09000028,Southwark,18156.0
E02000831,Southwark 025,E09000028,Southwark,16631.6
E02000832,Southwark 026,E09000028,Southwark,10962.4
E02000833,Southwark 027,E09000028,Southwark,16111.6
E02000834,Southwark 028,E09000028,Southwark,18289.2
E02000835,Southwark 029,E09000028,Southwark,19031.0
E02000836,Southwark 030,E09000028,Southwark,22599.0
E02000837,Southwark 031,E09000028,Southwark,30596.8
E02000838,Southwark 032,E09000028,Southwark,21609.6
E02000839,Southwark 033,E09000028,Southwark,23329.6
E02000840,Sutton 001,E09000029,Sutton,10421.8
E02000841,Sutton 002,E09000029,Sutton,14561.6
E02000842,Sutton 003,E09000029,Sutton,28265.8
E02000843,Sutton 004,E09000029,Sutton,20310.5
E02000844,Sutton 005,E09000029,Sutton,16722.2
E02000845,Sutton 006,E09000029,Sutton,28240.2
E02000846,Sutton 007,E09000029,Sutton,27814.5
E02000847,Sutton 008,E09000029,Sutton,28890.833333333332
E02000848,Sutton 009,E09000029,Sutton,30435.2
E02000849,Sutton 010,E09000029,Sutton,21828.4
E02000850,Sutton 011,E09000029,Sutton,24688.0
E02000851,Sutton 012,E09000029,Sutton,17677.333333333332
E02000852,Sutton 013,E09000029,Sutton,26519.0
E02000853,Sutton 014,E09000029,Sutton,25116.0
E02000854,Sutton 015,E09000029,Sutton,26928.4
E02000855,Sutton 016,E09000029,Sutton,29355.6
E02000856,Sutton 017,E09000029,Sutton,26197.0
E02000857,Sutton 018,E09000029,Sutton,26002.0
E02000858,Sutton 019,E09000029,Sutton,11841.2
E02000859,Sutton 020,E09000029,Sutton,21928.8
E02000860,Sutton 021,E09000029,Sutton,18156.0
E02000861,Sutton 022,E09000029,Sutton,30937.0
E02000863,Sutton 024,E09000029,Sutton,27819.25
E02000864,Tower Hamlets 001,E09000030,Tower Hamlets,10980.166666666666
E02000865,Tower Hamlets 002,E09000030,Tower Hamlets,6778.8
E02000866,Tower Hamlets 003,E09000030,Tower Hamlets,17431.2
E02000867,Tower Hamlets 004,E09000030,Tower Hamlets,10790.857142857143
E02000868,Tower Hamlets 005,E09000030,Tower Hamlets,11158.0
E02000869,Tower Hamlets 006,E09000030,Tower Hamlets,10020.0
E02000870,Tower Hamlets 007,E09000030,Tower Hamlets,8761.75
E02000871,Tower Hamlets 008,E09000030,Tower Hamlets,8478.714285714286
E02000872,Tower Hamlets 009,E09000030,Tower Hamlets,7912.2
E02000873,Tower Hamlets 010,E09000030,Tower Hamlets,12661.75
E02000874,Tower Hamlets 011,E09000030,Tower Hamlets,9282.5
E02000875,Tower Hamlets 012,E09000030,Tower Hamlets,10348.857142857143
E02000876,Tower Hamlets 013,E09000030,Tower Hamlets,8885.25
E02000877,Tower Hamlets 014,E09000030,Tower Hamlets,9928.142857142857
E02000878,Tower Hamlets 015,E09000030,Tower Hamlets,9541.0
E02000879,Tower Hamlets 016,E09000030,Tower Hamlets,7759.0
E02000880,Tower Hamlets 017,E09000030,Tower Hamlets,8021.0
E02000881,Tower Hamlets 018,E09000030,Tower Hamlets,10572.4
E02000882,Tower Hamlets 019,E09000030,Tower Hamlets,7631.666666666667
E02000883,Tower Hamlets 020,E09000030,Tower Hamlets,6905.2
E02000884,Tower Hamlets 021,E09000030,Tower Hamlets,15938.0
E02000885,Tower Hamlets 022,E09000030,Tower Hamlets,8936.25
E02000886,Tower Hamlets 023,E09000030,Tower Hamlets,15468.4
E02000887,Tower Hamlets 024,E09000030,Tower Hamlets,7216.0
E02000888,Tower Hamlets 025,E09000030,Tower Hamlets,12050.0
E02000889,Tower Hamlets 026,E09000030,Tower Hamlets,15862.8
E02000890,Tower Hamlets 027,E09000030,Tower Hamlets,25910.333333333332
E02000893,Tower Hamlets 030,E09000030,Tower Hamlets,15164.25
E02000894,Tower Hamlets 031,E09000030,Tower Hamlets,18302.0
E02000895,Waltham Forest 001,E09000031,Waltham Forest,21128.8
E02000896,Waltham Forest 002,E09000031,Waltham Forest,24743.8
E02000897,Waltham Forest 003,E09000031,Waltham Forest,15992.6
E02000898,Waltham Forest 004,E09000031,Waltham Forest,19302.2
E02000899,Waltham Forest 005,E09000031,Waltham Forest,22475.2
E02000900,Waltham Forest 006,E09000031,Waltham Forest,17266.8
E02000901,Waltham Forest 007,E09000031,Waltham Forest,24929.333333333332
E02000902,Waltham Forest 008,E09000031,Waltham Forest,21271.0
E02000903,Waltham Forest 009,E09000031,Waltham Forest,13289.6
E02000904,Waltham Forest 010,E09000031,Waltham Forest,22229.5
E02000905,Waltham Forest 011,E09000031,Waltham Forest,19941.6
E02000906,Waltham Forest 012,E09000031,Waltham Forest,18767.0
E02000907,Waltham Forest 013,E09000031,Waltham Forest,10877.833333333334
E02000908,Waltham Forest 014,E09000031,Waltham Forest,18437.166666666668
E02000909,Waltham Forest 015,E09000031,Waltham Forest,21520.2
E02000910,Waltham Forest 016,E09000031,Waltham Forest,18527.333333333332
E02000911,Waltham Forest 017,E09000031,Waltham Forest,17651.2
E02000912,Waltham Forest 018,E09000031,Waltham Forest,19877.8
E02000913,Waltham Forest 019,E09000031,Waltham Forest,19292.8
E02000914,Waltham Forest 020,E09000031,Waltham Forest,12530.0
E02000915,Waltham Forest 021,E09000031,Waltham Forest,18087.4
E02000916,Waltham Forest 022,E09000031,Waltham Forest,18165.0
E02000917,Waltham Forest 023,E09000031,Waltham Forest,17693.2
E02000918,Waltham Forest 024,E09000031,Waltham Forest,15796.4
E02000919,Waltham Forest 025,E09000031,Waltham Forest,20552.0
E02000920,Waltham Forest 026,E09000031,Waltham Forest,15972.6
E02000921,Waltham Forest 027,E09000031,Waltham Forest,13588.333333333334
E02000922,Waltham Forest 028,E09000031,Waltham Forest,14741.5
E02000923,Wandsworth 001,E09000032,Wandsworth,29188.5
E02000925,Wandsworth 003,E09000032,Wandsworth,16226.75
E02000926,Wandsworth 004,E09000032,Wandsworth,24396.0
E02000927,Wandsworth 005,E09000032,Wandsworth,14596.5
E02000928,Wandsworth 006,E09000032,Wandsworth,30621.4
E02000929,Wandsworth 007,E09000032,Wandsworth,11311.25
E02000930,Wandsworth 008,E09000032,Wandsworth,26273.0
E02000931,Wandsworth 009,E09000032,Wandsworth,30494.4
E02000932,Wandsworth 010,E09000032,Wandsworth,29046.625
E02000933,Wandsworth 011,E09000032,Wandsworth,29990.0
E02000934,Wandsworth 012,E09000032,Wandsworth,23616.0
E02000935,Wandsworth 013,E09000032,Wandsworth,14035.5
E02000936,Wandsworth 014,E09000032,Wandsworth,26249.8
E02000937,Wandsworth 015,E09000032,Wandsworth,29838.6
E02000938,Wandsworth 016,E09000032,Wandsworth,20746.2
E02000939,Wandsworth 017,E09000032,Wandsworth,30175.8
E02000940,Wandsworth 018,E09000032,Wandsworth,21626.8
E02000941,Wandsworth 019,E09000032,Wandsworth,24659.166666666668
E02000942,Wandsworth 020,E09000032,Wandsworth,31150.166666666668
E02000943,Wandsworth 021,E09000032,Wandsworth,27054.4
E02000944,Wandsworth 022,E09000032,Wandsworth,13433.0
E02000945,Wandsworth 023,E09000032,Wandsworth,11963.5
E02000946,Wandsworth 024,E09000032,Wandsworth,18549.8
E02000947,Wandsworth 025,E09000032,Wandsworth,30525.0
E02000948,Wandsworth 026,E09000032,Wandsworth,24274.166666666668
E02000949,Wandsworth 027,E09000032,Wandsworth,26313.666666666668
E02000950,Wandsworth 028,E09000032,Wandsworth,24336.2
E02000951,Wandsworth 029,E09000032,Wandsworth,21354.25
E02000952,Wandsworth 030,E09000032,Wandsworth,22687.5
E02000953,Wandsworth 031,E09000032,Wandsworth,24508.0
E02000954,Wandsworth 032,E09000032,Wandsworth,25218.5
E02000955,Wandsworth 033,E09000032,Wandsworth,16582.75
E02000956,Wandsworth 034,E09000032,Wandsworth,15043.75
E02000957,Wandsworth 035,E09000032,Wandsworth,17679.333333333332
E02000958,Wandsworth 036,E09000032,Wandsworth,24914.8
E02000959,Wandsworth 037,E09000032,Wandsworth,18130.75
E02000960,Westminster 001,E09000033,Westminster,30916.25
E02000961,Westminster 002,E09000033,Westminster,26605.8
E02000962,Westminster 003,E09000033,Westminster,21648.4
E02000963,Westminster 004,E09000033,Westminster,10752.0
E02000964,Westminster 005,E09000033,Westminster,9800.166666666666
E02000965,Westminster 006,E09000033,Westminster,18739.4
E02000966,Westminster 007,E09000033,Westminster,29053.4
E02000967,Westminster 008,E09000033,Westminster,30727.0
E02000968,Westminster 009,E09000033,Westminster,7692.25
E02000969,Westminster 010,E09000033,Westminster,7869.4
E02000970,Westminster 011,E09000033,Westminster,31827.6
E02000971,Westminster 012,E09000033,Westminster,27118.8
E02000972,Westminster 013,E09000033,Westminster,18014.25
E02000973,Westminster 014,E09000033,Westminster,21427.8
E02000974,Westminster 015,E09000033,Westminster,21188.333333333332
E02000975,Westminster 016,E09000033,Westminster,23431.2
E02000976,Westminster 017,E09000033,Westminster,20614.5
E02000977,Westminster 018,E09000033,Westminster,20617.0
E02000978,Westminster 019,E09000033,Westminster,33500.6
E02000979,Westminster 020,E09000033,Westminster,16700.0
E02000980,Westminster 021,E09000033,Westminster,14278.166666666666
E02000981,Westminster 022,E09000033,Westminster,19217.0
E02000982,Westminster 023,E09000033,Westminster,11190.8
E02000983,Westminster 024,E09000033,Westminster,14625.8
E02000984,Bolton 001,E08000001,Bolton,24733.8
E02000985,Bolton 002,E08000001,Bolton,23062.6
E02000986,Bolton 003,E08000001,Bolton,19902.0
E02000987,Bolton 004,E08000001,Bolton,7030.8
E02000988,Bolton 005,E08000001,Bolton,8322.0
E02000989,Bolton 006,E08000001,Bolton,19725.0
E02000990,Bolton 007,E08000001,Bolton,15433.4
E02000991,Bolton 008,E08000001,Bolton,14624.6
E02000992,Bolton 009,E08000001,Bolton,15015.75
E02000993,Bolton 010,E08000001,Bolton,3377.75
E02000994,Bolton 011,E08000001,Bolton,4066.2
E02000995,Bolton 012,E08000001,Bolton,15473.8
E02000996,Bolton 013,E08000001,Bolton,1825.8
E02000997,Bolton 014,E08000001,Bolton,16030.0
E02000998,Bolton 015,E08000001,Bolton,6684.4
E02000999,Bolton 016,E08000001,Bolton,1827.2
E02001000,Bolton 017,E08000001,Bolton,6026.666666666667
E02001001,Bolton 018,E08000001,Bolton,14279.8
E02001002,Bolton 019,E08000001,Bolton,8863.666666666666
E02001003,Bolton 020,E08000001,Bolton,23257.2
E02001004,Bolton 021,E08000001,Bolton,5970.0
E02001005,Bolton 022,E08000001,Bolton,6876.2
E02001006,Bolton 023,E08000001,Bolton,9261.2
E02001007,Bolton 024,E08000001,Bolton,12746.857142857143
E02001008,Bolton 025,E08000001,Bolton,5663.0
E02001009,Bolton 026,E08000001,Bolton,10629.25
E02001010,Bolton 027,E08000001,Bolton,4324.5
E02001011,Bolton 028,E08000001,Bolton,20957.333333333332
E02001012,Bolton 029,E08000001,Bolton,9511.8
E02001013,Bolton 030,E08000001,Bolton,17554.0
E02001014,Bolton 031,E08000001,Bolton,6183.4
E02001015,Bolton 032,E08000001,Bolton,2833.2
E02001016,Bolton 033,E08000001,Bolton,2254.4
E02001017,Bolton 034,E08000001,Bolton,9992.857142857143
E02001018,Bolton 035,E08000001,Bolton,15227.0
E02001019,Bury 001,E08000002,Bury,17294.0
E02001020,Bury 002,E08000002,Bury,24125.25
E02001021,Bury 003,E08000002,Bury,21366.0
E02001022,Bury 004,E08000002,Bury,9317.2
E02001023,Bury 005,E08000002,Bury,14977.0
E02001024,Bury 006,E08000002,Bury,16879.2
E02001025,Bury 007,E08000002,Bury,5031.0
E02001026,Bury 008,E08000002,Bury,6631.333333333333
E02001027,Bury 009,E08000002,Bury,6568.0
E02001028,Bury 010,E08000002,Bury,22971.6
E02001029,Bury 011,E08000002,Bury,9190.75
E02001030,Bury 012,E08000002,Bury,19471.0
E02001031,Bury 013,E08000002,Bury,8846.0
E02001032,Bury 014,E08000002,Bury,11029.6
E02001033,Bury 015,E08000002,Bury,9233.75
E02001034,Bury 016,E08000002,Bury,2657.0
E02001035,Bury 017,E08000002,Bury,20184.8
E02001036,Bury 018,E08000002,Bury,11153.0
E02001037,Bury 019,E08000002,Bury,23010.4
E02001038,Bury 020,E08000002,Bury,9114.5
E02001039,Bury 021,E08000002,Bury,9475.2
E02001040,Bury 022,E08000002,Bury,14834.25
E02001041,Bury 023,E08000002,Bury,10779.4
E02001042,Bury 024,E08000002,Bury,15764.5
E02001043,Bury 025,E08000002,Bury,10010.75
E02001044,Bury 026,E08000002,Bury,15637.8
E02001045,Manchester 001,E08000003,Manchester,2742.8
E02001046,Manchester 002,E08000003,Manchester,2686.8333333333335
E02001047,Manchester 003,E08000003,Manchester,3751.8333333333335
E02001048,Manchester 004,E08000003,Manchester,6798.2
E02001049,Manchester 005,E08000003,Manchester,6072.166666666667
E02001050,Manchester 006,E08000003,Manchester,2559.25
E02001051,Manchester 007,E08000003,Manchester,4591.6
E02001052,Manchester 008,E08000003,Manchester,6182.571428571428
E02001053,Manchester 009,E08000003,Manchester,644.1666666666666
E02001055,Manchester 011,E08000003,Manchester,1300.8
E02001056,Manchester 012,E08000003,Manchester,975.2
E02001059,Manchester 015,E08000003,Manchester,1987.5
E02001061,Manchester 017,E08000003,Manchester,2453.3333333333335
E02001062,Manchester 018,E08000003,Manchester,3066.3333333333335
E02001063,Manchester 019,E08000003,Manchester,5197.4
E02001064,Manchester 020,E08000003,Manchester,1862.6
E02001065,Manchester 021,E08000003,Manchester,4996.0
E02001066,Manchester 022,E08000003,Manchester,2893.2
E02001067,Manchester 023,E08000003,Manchester,3451.3333333333335
E02001068,Manchester 024,E08000003,Manchester,3023.4
E02001069,Manchester 025,E08000003,Manchester,4627.0
E02001070,Manchester 026,E08000003,Manchester,6025.6
E02001072,Manchester 028,E08000003,Manchester,5237.2
E02001073,Manchester 029,E08000003,Manchester,12364.0
E02001074,Manchester 030,E08000003,Manchester,3638.8333333333335
E02001075,Manchester 031,E08000003,Manchester,5241.5
E02001076,Manchester 032,E08000003,Manchester,5688.5
E02001077,Manchester 033,E08000003,Manchester,11575.2
E02001078,Manchester 034,E08000003,Manchester,9509.666666666666
E02001079,Manchester 035,E08000003,Manchester,4554.2
E02001080,Manchester 036,E08000003,Manchester,5013.2
E02001081,Manchester 037,E08000003,Manchester,14438.0
E02001082,Manchester 038,E08000003,Manchester,10514.25
E02001083,Manchester 039,E08000003,Manchester,8907.4
E02001084,Manchester 040,E08000003,Manchester,9902.4
E02001085,Manchester 041,E08000003,Manchester,2926.8
E02001086,Manchester 042,E08000003,Manchester,8843.75
E02001087,Manchester 043,E08000003,Manchester,19612.0
E02001088,Manchester 044,E08000003,Manchester,3527.6
E02001089,Manchester 045,E08000003,Manchester,17611.2
E02001090,Manchester 046,E08000003,Manchester,8009.75
E02001091,Manchester 047,E08000003,Manchester,6382.6
E02001092,Manchester 048,E08000003,Manchester,2878.8
E02001093,Manchester 049,E08000003,Manchester,1442.0
E02001094,Manchester 050,E08000003,Manchester,701.2
E02001095,Manchester 051,E08000003,Manchester,1105.8
E02001096,Manchester 052,E08000003,Manchester,4195.6
E02001097,Manchester 053,E08000003,Manchester,2216.8
E02001098,Oldham 001,E08000004,Oldham,11138.25
E02001099,Oldham 002,E08000004,Oldham,8836.25
E02001100,Oldham 003,E08000004,Oldham,11566.0
E02001101,Oldham 004,E08000004,Oldham,14496.75
E02001102,Oldham 005,E08000004,Oldham,12326.0
E02001103,Oldham 006,E08000004,Oldham,20145.75
E02001104,Oldham 007,E08000004,Oldham,11335.75
E02001105,Oldham 008,E08000004,Oldham,11039.0
E02001106,Oldham 009,E08000004,Oldham,8493.75
E02001107,Oldham 010,E08000004,Oldham,14884.5
E02001108,Oldham 011,E08000004,Oldham,4613.666666666667
E02001109,Oldham 012,E08000004,Oldham,5064.2
E02001110,Oldham 013,E08000004,Oldham,24774.75
E02001111,Oldham 014,E08000004,Oldham,1882.75
E02001112,Oldham 015,E08000004,Oldham,20041.5
E02001113,Oldham 016,E08000004,Oldham,6137.4
E02001114,Oldham 017,E08000004,Oldham,8285.0
E02001115,Oldham 018,E08000004,Oldham,10869.5
E02001116,Oldham 019,E08000004,Oldham,7762.5
E02001117,Oldham 020,E08000004,Oldham,26152.0
E02001118,Oldham 021,E08000004,Oldham,18122.25
E02001119,Oldham 022,E08000004,Oldham,4381.0
E02001121,Oldham 024,E08000004,Oldham,4785.25
E02001123,Oldham 026,E08000004,Oldham,4168.5
E02001124,Oldham 027,E08000004,Oldham,5008.25
E02001125,Oldham 028,E08000004,Oldham,9625.8
E02001126,Oldham 029,E08000004,Oldham,2252.4
E02001127,Oldham 030,E08000004,Oldham,4651.6
E02001128,Oldham 031,E08000004,Oldham,8342.4
E02001129,Oldham 032,E08000004,Oldham,4521.75
E02001130,Oldham 033,E08000004,Oldham,12226.0
E02001131,Oldham 034,E08000004,Oldham,12963.5
E02001132,Rochdale 001,E08000005,Rochdale,10548.5
E02001133,Rochdale 002,E08000005,Rochdale,15533.5
E02001134,Rochdale 003,E08000005,Rochdale,14093.25
E02001135,Rochdale 004,E08000005,Rochdale,2314.8
E02001136,Rochdale 005,E08000005,Rochdale,9305.833333333334
E02001137,Rochdale 006,E08000005,Rochdale,17637.5
E02001138,Rochdale 007,E08000005,Rochdale,17309.833333333332
E02001139,Rochdale 008,E08000005,Rochdale,3531.5
E02001140,Rochdale 009,E08000005,Rochdale,6374.6
E02001141,Rochdale 010,E08000005,Rochdale,3820.0
E02001142,Rochdale 011,E08000005,Rochdale,18590.25
E02001143,Rochdale 012,E08000005,Rochdale,5394.166666666667
E02001144,Rochdale 013,E08000005,Rochdale,7068.25
E02001145,Rochdale 014,E08000005,Rochdale,10495.6
E02001146,Rochdale 015,E08000005,Rochdale,5812.2
E02001147,Rochdale 016,E08000005,Rochdale,7248.8
E02001148,Rochdale 017,E08000005,Rochdale,6213.166666666667
E02001149,Rochdale 018,E08000005,Rochdale,2997.8333333333335
E02001150,Rochdale 019,E08000005,Rochdale,4556.166666666667
E02001151,Rochdale 020,E08000005,Rochdale,12844.833333333334
E02001152,Rochdale 021,E08000005,Rochdale,5605.0
E02001153,Rochdale 022,E08000005,Rochdale,3883.1666666666665
E02001154,Rochdale 023,E08000005,Rochdale,7240.428571428572
E02001155,Rochdale 024,E08000005,Rochdale,4225.8
E02001156,Rochdale 025,E08000005,Rochdale,15536.714285714286
E02001157,Salford 001,E08000006,Salford,1680.2
E02001158,Salford 002,E08000006,Salford,1820.25
E02001159,Salford 003,E08000006,Salford,7561.25
E02001160,Salford 004,E08000006,Salford,3811.5
E02001161,Salford 005,E08000006,Salford,9152.0
E02001162,Salford 006,E08000006,Salford,8241.75
E02001163,Salford 007,E08000006,Salford,13323.166666666666
E02001164,Salford 008,E08000006,Salford,4547.6
E02001165,Salford 009,E08000006,Salford,8121.75
E02001166,Salford 010,E08000006,Salford,9255.25
E02001167,Salford 011,E08000006,Salford,9658.5
E02001168,Salford 012,E08000006,Salford,6484.833333333333
E02001169,Salford 013,E08000006,Salford,21307.14285714286
E02001170,Salford 014,E08000006,Salford,24013.0
E02001171,Salford 015,E08000006,Salford,15571.75
E02001173,Salford 017,E08000006,Salford,2228.0
E02001174,Salford 018,E08000006,Salford,11300.25
E02001175,Salford 019,E08000006,Salford,6325.4
E02001176,Salford 020,E08000006,Salford,9790.285714285714
E02001177,Salford 021,E08000006,Salford,4797.75
E02001179,Salford 023,E08000006,Salford,3810.75
E02001180,Salford 024,E08000006,Salford,1047.0
E02001181,Salford 025,E08000006,Salford,2252.5
E02001182,Salford 026,E08000006,Salford,3212.0
E02001183,Salford 027,E08000006,Salford,5490.0
E02001185,Salford 029,E08000006,Salford,8679.285714285714
E02001186,Salford 030,E08000006,Salford,7274.666666666667
E02001187,Stockport 001,E08000007,Stockport,9693.0
E02001188,Stockport 002,E08000007,Stockport,6499.6
E02001189,Stockport 003,E08000007,Stockport,13162.5
E02001190,Stockport 004,E08000007,Stockport,927.75
E02001191,Stockport 005,E08000007,Stockport,16524.5
E02001192,Stockport 006,E08000007,Stockport,17713.5
E02001193,Stockport 007,E08000007,Stockport,6094.0
E02001194,Stockport 008,E08000007,Stockport,23381.25
E02001195,Stockport 009,E08000007,Stockport,12616.0
E02001196,Stockport 010,E08000007,Stockport,17819.2
E02001197,Stockport 011,E08000007,Stockport,19646.25
E02001198,Stockport 012,E08000007,Stockport,8067.8
E02001199,Stockport 013,E08000007,Stockport,22576.8
E02001200,Stockport 014,E08000007,Stockport,1797.8
E02001201,Stockport 015,E08000007,Stockport,11713.25
E02001202,Stockport 016,E08000007,Stockport,7901.25
E02001203,Stockport 017,E08000007,Stockport,29969.0
E02001204,Stockport 018,E08000007,Stockport,12045.833333333334
E02001205,Stockport 019,E08000007,Stockport,8834.2
E02001206,Stockport 020,E08000007,Stockport,15968.2
E02001207,Stockport 021,E08000007,Stockport,16187.2
E02001208,Stockport 022,E08000007,Stockport,11120.6
E02001209,Stockport 023,E08000007,Stockport,11119.6
E02001210,Stockport 024,E08000007,Stockport,7235.4
E02001211,Stockport 025,E08000007,Stockport,23348.5
E02001212,Stockport 026,E08000007,Stockport,2658.75
E02001213,Stockport 027,E08000007,Stockport,15471.833333333334
E02001214,Stockport 028,E08000007,Stockport,18464.6
E02001215,Stockport 029,E08000007,Stockport,18393.5
E02001216,Stockport 030,E08000007,Stockport,23308.4
E02001217,Stockport 031,E08000007,Stockport,10853.0
E02001218,Stockport 032,E08000007,Stockport,24057.0
E02001219,Stockport 033,E08000007,Stockport,25069.25
E02001220,Stockport 034,E08000007,Stockport,22188.0
E02001221,Stockport 035,E08000007,Stockport,22646.25
E02001222,Stockport 036,E08000007,Stockport,18872.25
E02001223,Stockport 037,E08000007,Stockport,26651.0
E02001224,Stockport 038,E08000007,Stockport,20162.0
E02001225,Stockport 039,E08000007,Stockport,26593.8
E02001226,Stockport 040,E08000007,Stockport,17751.0
E02001227,Stockport 041,E08000007,Stockport,30006.25
E02001228,Stockport 042,E08000007,Stockport,26854.5
E02001229,Tameside 001,E08000008,Tameside,14678.5
E02001230,Tameside 002,E08000008,Tameside,11858.0
E02001231,Tameside 003,E08000008,Tameside,13359.0
E02001232,Tameside 004,E08000008,Tameside,8235.4
E02001233,Tameside 005,E08000008,Tameside,6150.8
E02001234,Tameside 006,E08000008,Tameside,3540.8
E02001235,Tameside 007,E08000008,Tameside,9007.0
E02001236,Tameside 008,E08000008,Tameside,3201.75
E02001237,Tameside 009,E08000008,Tameside,8812.5
E02001238,Tameside 010,E08000008,Tameside,10259.0
E02001239,Tameside 011,E08000008,Tameside,8182.0
E02001240,Tameside 012,E08000008,Tameside,9881.5
E02001241,Tameside 013,E08000008,Tameside,2054.6666666666665
E02001242,Tameside 014,E08000008,Tameside,16655.5
E02001243,Tameside 015,E08000008,Tameside,16064.4
E02001244,Tameside 016,E08000008,Tameside,13755.0
E02001245,Tameside 017,E08000008,Tameside,7198.2
E02001246,Tameside 018,E08000008,Tameside,4510.6
E02001247,Tameside 019,E08000008,Tameside,7451.8
E02001248,Tameside 020,E08000008,Tameside,4400.833333333333
E02001249,Tameside 021,E08000008,Tameside,7932.25
E02001250,Tameside 022,E08000008,Tameside,14922.0
E02001251,Tameside 023,E08000008,Tameside,11916.75
E02001252,Tameside 024,E08000008,Tameside,17318.8
E02001253,Tameside 025,E08000008,Tameside,9827.75
E02001254,Tameside 026,E08000008,Tameside,9551.25
E02001255,Tameside 027,E08000008,Tameside,2271.25
E02001256,Tameside 028,E08000008,Tameside,4050.0
E02001257,Tameside 029,E08000008,Tameside,6242.0
E02001258,Tameside 030,E08000008,Tameside,14850.6
E02001259,Trafford 001,E08000009,Trafford,5888.857142857143
E02001260,Trafford 002,E08000009,Trafford,19852.2
E02001261,Trafford 003,E08000009,Trafford,12162.0
E02001262,Trafford 004,E08000009,Trafford,14317.6
E02001263,Trafford 005,E08000009,Trafford,22625.4
E02001264,Trafford 006,E08000009,Trafford,19550.4
E02001265,Trafford 007,E08000009,Trafford,15190.2
E02001266,Trafford 008,E08000009,Trafford,10937.75
E02001267,Trafford 009,E08000009,Trafford,11077.6
E02001268,Trafford 010,E08000009,Trafford,21572.8
E02001269,Trafford 011,E08000009,Trafford,12304.4
E02001270,Trafford 012,E08000009,Trafford,18002.8
E02001271,Trafford 013,E08000009,Trafford,16687.25
E02001272,Trafford 014,E08000009,Trafford,28655.2
E02001273,Trafford 015,E08000009,Trafford,26210.2
E02001274,Trafford 016,E08000009,Trafford,26853.4
E02001275,Trafford 017,E08000009,Trafford,4089.2
E02001276,Trafford 018,E08000009,Trafford,15124.8
E02001277,Trafford 019,E08000009,Trafford,14268.4
E02001278,Trafford 020,E08000009,Trafford,28015.8
E02001279,Trafford 021,E08000009,Trafford,31079.2
E02001280,Trafford 022,E08000009,Trafford,13312.6
E02001281,Trafford 023,E08000009,Trafford,30646.6
E02001282,Trafford 024,E08000009,Trafford,24823.2
E02001283,Trafford 025,E08000009,Trafford,27037.2
E02001284,Trafford 026,E08000009,Trafford,31614.2
E02001285,Trafford 027,E08000009,Trafford,27985.0
E02001286,Trafford 028,E08000009,Trafford,31018.6
E02001287,Wigan 001,E08000010,Wigan,16437.0
E02001288,Wigan 002,E08000010,Wigan,17746.8
E02001289,Wigan 003,E08000010,Wigan,16624.285714285714
E02001290,Wigan 004,E08000010,Wigan,13773.25
E02001291,Wigan 005,E08000010,Wigan,7021.0
E02001292,Wigan 006,E08000010,Wigan,14966.2
E02001293,Wigan 007,E08000010,Wigan,12336.25
E02001294,Wigan 008,E08000010,Wigan,6992.2
E02001295,Wigan 009,E08000010,Wigan,1645.2
E02001296,Wigan 010,E08000010,Wigan,1059.8
E02001297,Wigan 011,E08000010,Wigan,5343.2
E02001298,Wigan 012,E08000010,Wigan,2258.0
E02001299,Wigan 013,E08000010,Wigan,7419.8
E02001300,Wigan 014,E08000010,Wigan,5430.0
E02001301,Wigan 015,E08000010,Wigan,3901.4
E02001302,Wigan 016,E08000010,Wigan,5497.4
E02001303,Wigan 017,E08000010,Wigan,4793.2
E02001304,Wigan 018,E08000010,Wigan,17007.285714285714
E02001305,Wigan 019,E08000010,Wigan,12242.4
E02001306,Wigan 020,E08000010,Wigan,13323.4
E02001307,Wigan 021,E08000010,Wigan,20270.714285714286
E02001308,Wigan 022,E08000010,Wigan,9342.25
E02001309,Wigan 023,E08000010,Wigan,11625.75
E02001310,Wigan 024,E08000010,Wigan,3905.6
E02001311,Wigan 025,E08000010,Wigan,11414.0
E02001312,Wigan 026,E08000010,Wigan,7875.2
E02001313,Wigan 027,E08000010,Wigan,4625.4
E02001314,Wigan 028,E08000010,Wigan,15419.2
E02001315,Wigan 029,E08000010,Wigan,19613.0
E02001316,Wigan 030,E08000010,Wigan,3813.25
E02001317,Wigan 031,E08000010,Wigan,8921.2
E02001318,Wigan 032,E08000010,Wigan,10424.2
E02001319,Wigan 033,E08000010,Wigan,3670.2
E02001320,Wigan 034,E08000010,Wigan,8188.8
E02001321,Wigan 035,E08000010,Wigan,13805.8
E02001322,Wigan 036,E08000010,Wigan,10910.8
E02001323,Wigan 037,E08000010,Wigan,13628.4
E02001324,Wigan 038,E08000010,Wigan,9498.0
E02001325,Wigan 039,E08000010,Wigan,16910.2
E02001326,Wigan 040,E08000010,Wigan,14001.0
E02001327,Knowsley 001,E08000011,Knowsley,1664.2
E02001328,Knowsley 002,E08000011,Knowsley,7603.833333333333
E02001329,Knowsley 003,E08000011,Knowsley,889.4
E02001330,Knowsley 004,E08000011,Knowsley,1664.0
E02001331,Knowsley 005,E08000011,Knowsley,2406.714285714286
E02001332,Knowsley 006,E08000011,Knowsley,2245.6
E02001333,Knowsley 007,E08000011,Knowsley,2039.5
E02001334,Knowsley 008,E08000011,Knowsley,570.75
E02001335,Knowsley 009,E08000011,Knowsley,7279.0
E02001336,Knowsley 010,E08000011,Knowsley,677.8
E02001337,Knowsley 011,E08000011,Knowsley,4053.25
E02001338,Knowsley 012,E08000011,Knowsley,3362.75
E02001339,Knowsley 013,E08000011,Knowsley,2899.8
E02001340,Knowsley 014,E08000011,Knowsley,11534.166666666666
E02001341,Knowsley 015,E08000011,Knowsley,1474.0
E02001342,Knowsley 016,E08000011,Knowsley,12800.0
E02001343,Knowsley 017,E08000011,Knowsley,14776.5
E02001344,Knowsley 018,E08000011,Knowsley,7312.75
E02001345,Knowsley 019,E08000011,Knowsley,9517.25
E02001346,Knowsley 020,E08000011,Knowsley,1985.6
E02001347,Liverpool 001,E08000012,Liverpool,2377.0
E02001348,Liverpool 002,E08000012,Liverpool,3273.6
E02001349,Liverpool 003,E08000012,Liverpool,4677.6
E02001350,Liverpool 004,E08000012,Liverpool,2052.2
E02001351,Liverpool 005,E08000012,Liverpool,972.6666666666666
E02001352,Liverpool 006,E08000012,Liverpool,1731.25
E02001353,Liverpool 007,E08000012,Liverpool,9013.0
E02001354,Liverpool 008,E08000012,Liverpool,1645.2
E02001355,Liverpool 009,E08000012,Liverpool,965.8
E02001356,Liverpool 010,E08000012,Liverpool,2012.2
E02001357,Liverpool 011,E08000012,Liverpool,838.6
E02001358,Liverpool 012,E08000012,Liverpool,573.6
E02001359,Liverpool 013,E08000012,Liverpool,5855.0
E02001360,Liverpool 014,E08000012,Liverpool,523.6
E02001361,Liverpool 015,E08000012,Liverpool,2505.0
E02001362,Liverpool 016,E08000012,Liverpool,4127.2
E02001363,Liverpool 017,E08000012,Liverpool,1429.0
E02001364,Liverpool 018,E08000012,Liverpool,464.0
E02001365,Liverpool 019,E08000012,Liverpool,1193.1666666666667
E02001366,Liverpool 020,E08000012,Liverpool,2135.6666666666665
E02001367,Liverpool 021,E08000012,Liverpool,10546.833333333334
E02001368,Liverpool 022,E08000012,Liverpool,709.2
E02001369,Liverpool 023,E08000012,Liverpool,704.0
E02001370,Liverpool 024,E08000012,Liverpool,120.5
E02001371,Liverpool 025,E08000012,Liverpool,893.8
E02001372,Liverpool 026,E08000012,Liverpool,3018.75
E02001373,Liverpool 027,E08000012,Liverpool,2680.8333333333335
E02001374,Liverpool 028,E08000012,Liverpool,542.4
E02001375,Liverpool 029,E08000012,Liverpool,2852.0
E02001376,Liverpool 030,E08000012,Liverpool,1560.0
E02001377,Liverpool 031,E08000012,Liverpool,2702.6
E02001378,Liverpool 032,E08000012,Liverpool,3413.8
E02001380,Liverpool 034,E08000012,Liverpool,13228.2
E02001381,Liverpool 035,E08000012,Liverpool,3179.6
E02001382,Liverpool 036,E08000012,Liverpool,14341.0
E02001383,Liverpool 037,E08000012,Liverpool,955.0
E02001384,Liverpool 038,E08000012,Liverpool,5406.166666666667
E02001385,Liverpool 039,E08000012,Liverpool,1701.5
E02001386,Liverpool 040,E08000012,Liverpool,1128.6666666666667
E02001387,Liverpool 041,E08000012,Liverpool,19952.4
E02001388,Liverpool 042,E08000012,Liverpool,9423.0
E02001389,Liverpool 043,E08000012,Liverpool,1070.25
E02001390,Liverpool 044,E08000012,Liverpool,1007.0
E02001391,Liverpool 045,E08000012,Liverpool,1006.25
E02001392,Liverpool 046,E08000012,Liverpool,14883.0
E02001393,Liverpool 047,E08000012,Liverpool,21819.2
E02001394,Liverpool 048,E08000012,Liverpool,8284.833333333334
E02001395,Liverpool 049,E08000012,Liverpool,16124.0
E02001396,Liverpool 050,E08000012,Liverpool,4060.8333333333335
E02001397,Liverpool 051,E08000012,Liverpool,6039.2
E02001398,Liverpool 052,E08000012,Liverpool,6341.8
E02001399,Liverpool 053,E08000012,Liverpool,15191.4
E02001400,Liverpool 054,E08000012,Liverpool,6019.25
E02001401,Liverpool 055,E08000012,Liverpool,12408.4
E02001402,Liverpool 056,E08000012,Liverpool,14016.8
E02001403,Liverpool 057,E08000012,Liverpool,3454.25
E02001404,Liverpool 058,E08000012,Liverpool,2047.25
E02001405,Liverpool 059,E08000012,Liverpool,824.6666666666666
E02001406,St. Helens 001,E08000013,St. Helens,15541.833333333334
E02001407,St. Helens 002,E08000013,St. Helens,14753.0
E02001408,St. Helens 003,E08000013,St. Helens,11855.75
E02001409,St. Helens 004,E08000013,St. Helens,5785.428571428572
E02001410,St. Helens 005,E08000013,St. Helens,3617.25
E02001411,St. Helens 006,E08000013,St. Helens,7579.25
E02001412,St. Helens 007,E08000013,St. Helens,10369.0
E02001413,St. Helens 008,E08000013,St. Helens,6294.428571428572
E02001414,St. Helens 009,E08000013,St. Helens,19135.5
E02001415,St. Helens 010,E08000013,St. Helens,6321.25
E02001416,St. Helens 011,E08000013,St. Helens,1530.0
E02001417,St. Helens 012,E08000013,St. Helens,912.4
E02001418,St. Helens 013,E08000013,St. Helens,9856.0
E02001419,St. Helens 014,E08000013,St. Helens,940.4
E02001420,St. Helens 015,E08000013,St. Helens,10307.0
E02001421,St. Helens 016,E08000013,St. Helens,4819.142857142857
E02001422,St. Helens 017,E08000013,St. Helens,1040.25
E02001423,St. Helens 018,E08000013,St. Helens,15383.25
E02001425,St. Helens 020,E08000013,St. Helens,7378.285714285715
E02001426,St. Helens 021,E08000013,St. Helens,7606.25
E02001427,St. Helens 022,E08000013,St. Helens,5686.428571428572
E02001428,St. Helens 023,E08000013,St. Helens,14901.5
E02001429,Sefton 001,E08000014,Sefton,11801.4
E02001430,Sefton 002,E08000014,Sefton,14508.0
E02001431,Sefton 003,E08000014,Sefton,7246.4
E02001432,Sefton 004,E08000014,Sefton,2993.285714285714
E02001433,Sefton 005,E08000014,Sefton,9599.0
E02001434,Sefton 006,E08000014,Sefton,10055.8
E02001435,Sefton 007,E08000014,Sefton,7464.0
E02001436,Sefton 008,E08000014,Sefton,9087.333333333334
E02001437,Sefton 009,E08000014,Sefton,13740.833333333334
E02001438,Sefton 010,E08000014,Sefton,14861.2
E02001439,Sefton 011,E08000014,Sefton,8651.25
E02001440,Sefton 012,E08000014,Sefton,20215.75
E02001441,Sefton 013,E08000014,Sefton,19447.6
E02001442,Sefton 014,E08000014,Sefton,19098.75
E02001443,Sefton 015,E08000014,Sefton,21686.0
E02001444,Sefton 016,E08000014,Sefton,15864.0
E02001445,Sefton 017,E08000014,Sefton,16055.8
E02001446,Sefton 018,E08000014,Sefton,15253.2
E02001447,Sefton 019,E08000014,Sefton,13130.5
E02001448,Sefton 020,E08000014,Sefton,17011.2
E02001449,Sefton 021,E08000014,Sefton,13366.666666666666
E02001450,Sefton 022,E08000014,Sefton,20063.833333333332
E02001451,Sefton 023,E08000014,Sefton,2957.2
E02001452,Sefton 024,E08000014,Sefton,897.4
E02001453,Sefton 025,E08000014,Sefton,17400.166666666668
E02001454,Sefton 026,E08000014,Sefton,11486.8
E02001455,Sefton 027,E08000014,Sefton,12512.2
E02001456,Sefton 028,E08000014,Sefton,14362.8
E02001457,Sefton 029,E08000014,Sefton,1602.6
E02001458,Sefton 030,E08000014,Sefton,10436.4
E02001459,Sefton 031,E08000014,Sefton,6734.8
E02001460,Sefton 032,E08000014,Sefton,3161.2
E02001461,Sefton 033,E08000014,Sefton,9236.25
E02001462,Sefton 034,E08000014,Sefton,722.2
E02001463,Sefton 035,E08000014,Sefton,3126.8
E02001464,Sefton 036,E08000014,Sefton,908.6
E02001465,Sefton 037,E08000014,Sefton,279.6
E02001466,Sefton 038,E08000014,Sefton,2160.1666666666665
E02001467,Wirral 001,E08000015,Wirral,4682.6
E02001468,Wirral 002,E08000015,Wirral,4149.2
E02001469,Wirral 003,E08000015,Wirral,12547.6
E02001470,Wirral 004,E08000015,Wirral,11937.166666666666
E02001471,Wirral 005,E08000015,Wirral,1594.4
E02001472,Wirral 006,E08000015,Wirral,8067.75
E02001473,Wirral 007,E08000015,Wirral,5458.6
E02001474,Wirral 008,E08000015,Wirral,415.4
E02001475,Wirral 009,E08000015,Wirral,1613.0
E02001476,Wirral 010,E08000015,Wirral,481.6
E02001477,Wirral 011,E08000015,Wirral,386.2
E02001478,Wirral 012,E08000015,Wirral,5453.0
E02001479,Wirral 013,E08000015,Wirral,14688.0
E02001480,Wirral 014,E08000015,Wirral,13504.2
E02001481,Wirral 015,E08000015,Wirral,7732.0
E02001482,Wirral 016,E08000015,Wirral,23.666666666666668
E02001483,Wirral 017,E08000015,Wirral,13244.0
E02001484,Wirral 018,E08000015,Wirral,11319.6
E02001485,Wirral 019,E08000015,Wirral,2162.5
E02001486,Wirral 020,E08000015,Wirral,7430.2
E02001487,Wirral 021,E08000015,Wirral,894.8333333333334
E02001488,Wirral 022,E08000015,Wirral,4094.0
E02001489,Wirral 023,E08000015,Wirral,17617.666666666668
E02001490,Wirral 024,E08000015,Wirral,12051.2
E02001491,Wirral 025,E08000015,Wirral,2023.0
E02001492,Wirral 026,E08000015,Wirral,15042.8
E02001493,Wirral 027,E08000015,Wirral,518.2
E02001494,Wirral 028,E08000015,Wirral,21846.8
E02001495,Wirral 029,E08000015,Wirral,3614.4
E02001496,Wirral 030,E08000015,Wirral,10997.5
E02001497,Wirral 031,E08000015,Wirral,3278.0
E02001498,Wirral 032,E08000015,Wirral,12655.6
E02001499,Wirral 033,E08000015,Wirral,17387.25
E02001500,Wirral 034,E08000015,Wirral,15235.4
E02001501,Wirral 035,E08000015,Wirral,14210.4
E02001502,Wirral 036,E08000015,Wirral,8319.0
E02001503,Wirral 037,E08000015,Wirral,14005.6
E02001504,Wirral 038,E08000015,Wirral,18323.6
E02001505,Wirral 039,E08000015,Wirral,8928.5
E02001506,Wirral 040,E08000015,Wirral,27227.0
E02001507,Wirral 041,E08000015,Wirral,19794.8
E02001508,Wirral 042,E08000015,Wirral,8015.2
E02001509,Barnsley 001,E08000016,Barnsley,7817.75
E02001510,Barnsley 002,E08000016,Barnsley,4027.0
E02001511,Barnsley 003,E08000016,Barnsley,4257.5
E02001512,Barnsley 004,E08000016,Barnsley,8254.6
E02001513,Barnsley 005,E08000016,Barnsley,10132.6
E02001514,Barnsley 006,E08000016,Barnsley,2354.25
E02001515,Barnsley 007,E08000016,Barnsley,1012.6666666666666
E02001516,Barnsley 008,E08000016,Barnsley,5355.0
E02001517,Barnsley 009,E08000016,Barnsley,8033.2
E02001518,Barnsley 010,E08000016,Barnsley,5674.666666666667
E02001519,Barnsley 011,E08000016,Barnsley,2934.25
E02001520,Barnsley 012,E08000016,Barnsley,12014.285714285714
E02001521,Barnsley 013,E08000016,Barnsley,4898.857142857143
E02001522,Barnsley 014,E08000016,Barnsley,2115.3333333333335
E02001523,Barnsley 015,E08000016,Barnsley,9392.0
E02001524,Barnsley 016,E08000016,Barnsley,18475.5
E02001525,Barnsley 017,E08000016,Barnsley,1078.5
E02001526,Barnsley 018,E08000016,Barnsley,1122.75
E02001527,Barnsley 019,E08000016,Barnsley,9655.5
E02001528,Barnsley 020,E08000016,Barnsley,3955.0
E02001529,Barnsley 021,E08000016,Barnsley,2819.5
E02001530,Barnsley 022,E08000016,Barnsley,2184.5
E02001531,Barnsley 023,E08000016,Barnsley,3631.0
E02001532,Barnsley 024,E08000016,Barnsley,14404.666666666666
E02001533,Barnsley 025,E08000016,Barnsley,3684.6
E02001534,Barnsley 026,E08000016,Barnsley,5685.5
E02001535,Barnsley 027,E08000016,Barnsley,16416.5
E02001536,Barnsley 028,E08000016,Barnsley,7858.4
E02001537,Barnsley 029,E08000016,Barnsley,6122.4
E02001538,Barnsley 030,E08000016,Barnsley,5768.2
E02001539,Doncaster 001,E08000017,Doncaster,6167.0
E02001540,Doncaster 002,E08000017,Doncaster,10526.142857142857
E02001541,Doncaster 003,E08000017,Doncaster,8397.57142857143
E02001542,Doncaster 004,E08000017,Doncaster,6358.6
E02001543,Doncaster 005,E08000017,Doncaster,6363.5
E02001544,Doncaster 006,E08000017,Doncaster,9311.833333333334
E02001545,Doncaster 007,E08000017,Doncaster,17931.833333333332
E02001546,Doncaster 008,E08000017,Doncaster,12600.2
E02001547,Doncaster 009,E08000017,Doncaster,6307.142857142857
E02001548,Doncaster 010,E08000017,Doncaster,3427.4
E02001549,Doncaster 011,E08000017,Doncaster,14385.5
E02001550,Doncaster 012,E08000017,Doncaster,10278.4
E02001551,Doncaster 013,E08000017,Doncaster,9843.25
E02001552,Doncaster 014,E08000017,Doncaster,6946.4
E02001553,Doncaster 015,E08000017,Doncaster,9730.0
E02001554,Doncaster 016,E08000017,Doncaster,17016.5
E02001555,Doncaster 017,E08000017,Doncaster,12032.0
E02001556,Doncaster 018,E08000017,Doncaster,9759.0
E02001557,Doncaster 019,E08000017,Doncaster,10896.57142857143
E02001558,Doncaster 020,E08000017,Doncaster,16909.25
E02001559,Doncaster 021,E08000017,Doncaster,20338.2
E02001560,Doncaster 022,E08000017,Doncaster,3788.8571428571427
E02001561,Doncaster 023,E08000017,Doncaster,4939.0
E02001562,Doncaster 024,E08000017,Doncaster,8025.75
E02001563,Doncaster 025,E08000017,Doncaster,19872.8
E02001564,Doncaster 026,E08000017,Doncaster,22320.0
E02001565,Doncaster 027,E08000017,Doncaster,22573.2
E02001566,Doncaster 028,E08000017,Doncaster,7801.0
E02001567,Doncaster 029,E08000017,Doncaster,8707.0
E02001568,Doncaster 030,E08000017,Doncaster,6704.75
E02001569,Doncaster 031,E08000017,Doncaster,5030.333333333333
E02001570,Doncaster 032,E08000017,Doncaster,4189.75
E02001571,Doncaster 033,E08000017,Doncaster,16167.0
E02001572,Doncaster 034,E08000017,Doncaster,5029.2
E02001573,Doncaster 035,E08000017,Doncaster,6117.2
E02001574,Doncaster 036,E08000017,Doncaster,14202.0
E02001575,Doncaster 037,E08000017,Doncaster,4096.0
E02001576,Doncaster 038,E08000017,Doncaster,16504.5
E02001577,Doncaster 039,E08000017,Doncaster,17005.6
E02001578,Rotherham 001,E08000018,Rotherham,6224.833333333333
E02001579,Rotherham 002,E08000018,Rotherham,4593.0
E02001580,Rotherham 003,E08000018,Rotherham,7920.166666666667
E02001581,Rotherham 004,E08000018,Rotherham,7234.25
E02001582,Rotherham 005,E08000018,Rotherham,5953.4
E02001583,Rotherham 006,E08000018,Rotherham,5879.25
E02001584,Rotherham 007,E08000018,Rotherham,15318.8
E02001585,Rotherham 008,E08000018,Rotherham,1786.5
E02001586,Rotherham 009,E08000018,Rotherham,2375.5
E02001587,Rotherham 010,E08000018,Rotherham,1610.5
E02001588,Rotherham 011,E08000018,Rotherham,3178.6
E02001589,Rotherham 012,E08000018,Rotherham,12344.2
E02001590,Rotherham 013,E08000018,Rotherham,926.2
E02001591,Rotherham 014,E08000018,Rotherham,3336.0
E02001592,Rotherham 015,E08000018,Rotherham,9626.166666666666
E02001593,Rotherham 016,E08000018,Rotherham,1421.75
E02001594,Rotherham 017,E08000018,Rotherham,1025.25
E02001595,Rotherham 018,E08000018,Rotherham,11733.0
E02001596,Rotherham 019,E08000018,Rotherham,9274.0
E02001597,Rotherham 020,E08000018,Rotherham,3558.5
E02001598,Rotherham 021,E08000018,Rotherham,12947.833333333334
E02001600,Rotherham 023,E08000018,Rotherham,12557.833333333334
E02001602,Rotherham 025,E08000018,Rotherham,11568.5
E02001603,Rotherham 026,E08000018,Rotherham,6288.5
E02001604,Rotherham 027,E08000018,Rotherham,10862.285714285714
E02001605,Rotherham 028,E08000018,Rotherham,10471.0
E02001606,Rotherham 029,E08000018,Rotherham,8557.333333333334
E02001607,Rotherham 030,E08000018,Rotherham,9607.0
E02001608,Rotherham 031,E08000018,Rotherham,12512.0
E02001609,Rotherham 032,E08000018,Rotherham,14646.166666666666
E02001610,Rotherham 033,E08000018,Rotherham,13866.0
E02001611,Sheffield 001,E08000019,Sheffield,11154.0
E02001612,Sheffield 002,E08000019,Sheffield,15410.25
E02001613,Sheffield 003,E08000019,Sheffield,12091.42857142857
E02001614,Sheffield 004,E08000019,Sheffield,16460.14285714286
E02001615,Sheffield 005,E08000019,Sheffield,18935.2
E02001616,Sheffield 006,E08000019,Sheffield,5891.0
E02001617,Sheffield 007,E08000019,Sheffield,4106.25
E02001618,Sheffield 008,E08000019,Sheffield,17847.0
E02001619,Sheffield 009,E08000019,Sheffield,2628.1428571428573
E02001620,Sheffield 010,E08000019,Sheffield,3898.5
E02001621,Sheffield 011,E08000019,Sheffield,3826.6666666666665
E02001622,Sheffield 012,E08000019,Sheffield,5606.666666666667
E02001623,Sheffield 013,E08000019,Sheffield,1494.0
E02001624,Sheffield 014,E08000019,Sheffield,7631.333333333333
E02001625,Sheffield 015,E08000019,Sheffield,2428.0
E02001626,Sheffield 016,E08000019,Sheffield,18013.0
E02001627,Sheffield 017,E08000019,Sheffield,8058.75
E02001628,Sheffield 018,E08000019,Sheffield,3584.0
E02001629,Sheffield 019,E08000019,Sheffield,1965.5
E02001630,Sheffield 020,E08000019,Sheffield,3436.6
E02001631,Sheffield 021,E08000019,Sheffield,12894.6
E02001632,Sheffield 022,E08000019,Sheffield,2196.8333333333335
E02001633,Sheffield 023,E08000019,Sheffield,19626.2
E02001634,Sheffield 024,E08000019,Sheffield,15561.666666666666
E02001635,Sheffield 025,E08000019,Sheffield,11185.75
E02001636,Sheffield 026,E08000019,Sheffield,4612.2
E02001637,Sheffield 027,E08000019,Sheffield,3980.0
E02001638,Sheffield 028,E08000019,Sheffield,15353.5
E02001639,Sheffield 029,E08000019,Sheffield,18065.0
E02001640,Sheffield 030,E08000019,Sheffield,12260.6
E02001642,Sheffield 032,E08000019,Sheffield,11594.833333333334
E02001643,Sheffield 033,E08000019,Sheffield,25270.0
E02001646,Sheffield 036,E08000019,Sheffield,20467.0
E02001647,Sheffield 037,E08000019,Sheffield,10045.5
E02001648,Sheffield 038,E08000019,Sheffield,30099.75
E02001649,Sheffield 039,E08000019,Sheffield,1781.3333333333333
E02001650,Sheffield 040,E08000019,Sheffield,6630.4
E02001651,Sheffield 041,E08000019,Sheffield,29544.2
E02001652,Sheffield 042,E08000019,Sheffield,7783.666666666667
E02001653,Sheffield 043,E08000019,Sheffield,3510.25
E02001654,Sheffield 044,E08000019,Sheffield,8922.0
E02001655,Sheffield 045,E08000019,Sheffield,5125.0
E02001656,Sheffield 046,E08000019,Sheffield,22730.2
E02001657,Sheffield 047,E08000019,Sheffield,25644.833333333332
E02001658,Sheffield 048,E08000019,Sheffield,1504.25
E02001659,Sheffield 049,E08000019,Sheffield,3983.5
E02001660,Sheffield 050,E08000019,Sheffield,15063.5
E02001661,Sheffield 051,E08000019,Sheffield,4086.2
E02001662,Sheffield 052,E08000019,Sheffield,6457.6
E02001663,Sheffield 053,E08000019,Sheffield,14659.8
E02001664,Sheffield 054,E08000019,Sheffield,13297.5
E02001665,Sheffield 055,E08000019,Sheffield,28402.833333333332
E02001666,Sheffield 056,E08000019,Sheffield,4840.5
E02001669,Sheffield 059,E08000019,Sheffield,16923.6
E02001670,Sheffield 060,E08000019,Sheffield,2352.0
E02001671,Sheffield 061,E08000019,Sheffield,12201.25
E02001672,Sheffield 062,E08000019,Sheffield,14523.5
E02001673,Sheffield 063,E08000019,Sheffield,19296.5
E02001674,Sheffield 064,E08000019,Sheffield,18810.166666666668
E02001675,Sheffield 065,E08000019,Sheffield,7220.5
E02001676,Sheffield 066,E08000019,Sheffield,22845.0
E02001678,Sheffield 068,E08000019,Sheffield,27443.666666666668
E02001679,Sheffield 069,E08000019,Sheffield,4874.5
E02001680,Sheffield 070,E08000019,Sheffield,966.5
E02001681,Sheffield 071,E08000019,Sheffield,22267.6
E02001682,Gateshead 001,E08000037,Gateshead,14573.6
E02001683,Gateshead 002,E08000037,Gateshead,15267.666666666666
E02001684,Gateshead 003,E08000037,Gateshead,5303.75
E02001685,Gateshead 004,E08000037,Gateshead,4693.2
E02001686,Gateshead 005,E08000037,Gateshead,12122.0
E02001688,Gateshead 007,E08000037,Gateshead,3570.5
E02001689,Gateshead 008,E08000037,Gateshead,2683.5
E02001690,Gateshead 009,E08000037,Gateshead,12030.0
E02001691,Gateshead 010,E08000037,Gateshead,5137.0
E02001692,Gateshead 011,E08000037,Gateshead,2281.75
E02001693,Gateshead 012,E08000037,Gateshead,2965.75
E02001694,Gateshead 013,E08000037,Gateshead,10412.0
E02001695,Gateshead 014,E08000037,Gateshead,12009.5
E02001696,Gateshead 015,E08000037,Gateshead,4976.166666666667
E02001697,Gateshead 016,E08000037,Gateshead,14384.4
E02001698,Gateshead 017,E08000037,Gateshead,19017.6
E02001699,Gateshead 018,E08000037,Gateshead,4947.4
E02001700,Gateshead 019,E08000037,Gateshead,12800.57142857143
E02001701,Gateshead 020,E08000037,Gateshead,16237.25
E02001702,Gateshead 021,E08000037,Gateshead,2659.8
E02001703,Gateshead 022,E08000037,Gateshead,15351.5
E02001704,Gateshead 023,E08000037,Gateshead,4608.0
E02001706,Gateshead 025,E08000037,Gateshead,8558.25
E02001707,Gateshead 026,E08000037,Gateshead,6492.6
E02001709,Newcastle upon Tyne 002,E08000021,Newcastle upon Tyne,24636.333333333332
E02001710,Newcastle upon Tyne 003,E08000021,Newcastle upon Tyne,4304.142857142857
E02001711,Newcastle upon Tyne 004,E08000021,Newcastle upon Tyne,7377.5
E02001712,Newcastle upon Tyne 005,E08000021,Newcastle upon Tyne,22155.0
E02001713,Newcastle upon Tyne 006,E08000021,Newcastle upon Tyne,21810.0
E02001714,Newcastle upon Tyne 007,E08000021,Newcastle upon Tyne,21956.666666666668
E02001715,Newcastle upon Tyne 008,E08000021,Newcastle upon Tyne,6991.857142857143
E02001718,Newcastle upon Tyne 011,E08000021,Newcastle upon Tyne,3325.75
E02001719,Newcastle upon Tyne 012,E08000021,Newcastle upon Tyne,15565.333333333334
E02001720,Newcastle upon Tyne 013,E08000021,Newcastle upon Tyne,20376.6
E02001721,Newcastle upon Tyne 014,E08000021,Newcastle upon Tyne,8518.0
E02001722,Newcastle upon Tyne 015,E08000021,Newcastle upon Tyne,7670.0
E02001723,Newcastle upon Tyne 016,E08000021,Newcastle upon Tyne,9253.25
E02001724,Newcastle upon Tyne 017,E08000021,Newcastle upon Tyne,16621.0
E02001725,Newcastle upon Tyne 018,E08000021,Newcastle upon Tyne,5036.5
E02001726,Newcastle upon Tyne 019,E08000021,Newcastle upon Tyne,7590.625
E02001727,Newcastle upon Tyne 020,E08000021,Newcastle upon Tyne,7364.0
E02001728,Newcastle upon Tyne 021,E08000021,Newcastle upon Tyne,8876.285714285714
E02001729,Newcastle upon Tyne 022,E08000021,Newcastle upon Tyne,7166.333333333333
E02001732,Newcastle upon Tyne 025,E08000021,Newcastle upon Tyne,6080.0
E02001734,Newcastle upon Tyne 027,E08000021,Newcastle upon Tyne,5868.2
E02001735,Newcastle upon Tyne 028,E08000021,Newcastle upon Tyne,1148.75
E02001737,Newcastle upon Tyne 030,E08000021,Newcastle upon Tyne,552.25
E02001738,North Tyneside 001,E08000022,North Tyneside,28364.0
E02001739,North Tyneside 002,E08000022,North Tyneside,8327.8
E02001740,North Tyneside 003,E08000022,North Tyneside,26965.25
E02001741,North Tyneside 004,E08000022,North Tyneside,15936.2
E02001742,North Tyneside 005,E08000022,North Tyneside,22874.25
E02001743,North Tyneside 006,E08000022,North Tyneside,12504.4
E02001744,North Tyneside 007,E08000022,North Tyneside,14450.8
E02001745,North Tyneside 008,E08000022,North Tyneside,13545.0
E02001746,North Tyneside 009,E08000022,North Tyneside,14828.8
E02001747,North Tyneside 010,E08000022,North Tyneside,22895.75
E02001748,North Tyneside 011,E08000022,North Tyneside,10668.2
E02001749,North Tyneside 012,E08000022,North Tyneside,13952.75
E02001750,North Tyneside 013,E08000022,North Tyneside,19485.75
E02001751,North Tyneside 014,E08000022,North Tyneside,11710.75
E02001752,North Tyneside 015,E08000022,North Tyneside,5258.0
E02001753,North Tyneside 016,E08000022,North Tyneside,16077.0
E02001754,North Tyneside 017,E08000022,North Tyneside,17324.5
E02001755,North Tyneside 018,E08000022,North Tyneside,15526.166666666666
E02001756,North Tyneside 019,E08000022,North Tyneside,5115.5
E02001757,North Tyneside 020,E08000022,North Tyneside,12953.5
E02001758,North Tyneside 021,E08000022,North Tyneside,11437.75
E02001759,North Tyneside 022,E08000022,North Tyneside,10606.25
E02001760,North Tyneside 023,E08000022,North Tyneside,2400.2
E02001761,North Tyneside 024,E08000022,North Tyneside,9007.75
E02001762,North Tyneside 025,E08000022,North Tyneside,13984.25
E02001763,North Tyneside 026,E08000022,North Tyneside,4720.25
E02001764,North Tyneside 027,E08000022,North Tyneside,3042.2
E02001765,North Tyneside 028,E08000022,North Tyneside,3070.5
E02001766,North Tyneside 029,E08000022,North Tyneside,7075.0
E02001767,North Tyneside 030,E08000022,North Tyneside,5362.0
E02001768,South Tyneside 001,E08000023,South Tyneside,4139.4
E02001769,South Tyneside 002,E08000023,South Tyneside,725.4
E02001770,South Tyneside 003,E08000023,South Tyneside,8976.2
E02001771,South Tyneside 004,E08000023,South Tyneside,7269.0
E02001772,South Tyneside 005,E08000023,South Tyneside,6455.5
E02001773,South Tyneside 006,E08000023,South Tyneside,15810.0
E02001774,South Tyneside 007,E08000023,South Tyneside,2048.0
E02001775,South Tyneside 008,E08000023,South Tyneside,3071.0
E02001776,South Tyneside 009,E08000023,South Tyneside,3265.0
E02001777,South Tyneside 010,E08000023,South Tyneside,9469.75
E02001778,South Tyneside 011,E08000023,South Tyneside,2521.5
E02001779,South Tyneside 012,E08000023,South Tyneside,2585.75
E02001780,South Tyneside 013,E08000023,South Tyneside,5031.0
E02001781,South Tyneside 014,E08000023,South Tyneside,1635.0
E02001782,South Tyneside 015,E08000023,South Tyneside,5484.333333333333
E02001783,South Tyneside 016,E08000023,South Tyneside,2342.2
E02001784,South Tyneside 017,E08000023,South Tyneside,3727.4
E02001785,South Tyneside 018,E08000023,South Tyneside,8038.0
E02001786,South Tyneside 019,E08000023,South Tyneside,4501.4
E02001787,South Tyneside 020,E08000023,South Tyneside,5917.5
E02001788,South Tyneside 021,E08000023,South Tyneside,8279.75
E02001789,South Tyneside 022,E08000023,South Tyneside,25497.5
E02001790,South Tyneside 023,E08000023,South Tyneside,16539.75
E02001791,Sunderland 001,E08000024,Sunderland,19057.75
E02001792,Sunderland 002,E08000024,Sunderland,13303.2
E02001793,Sunderland 003,E08000024,Sunderland,919.1666666666666
E02001794,Sunderland 004,E08000024,Sunderland,1251.3333333333333
E02001795,Sunderland 005,E08000024,Sunderland,2346.0
E02001796,Sunderland 006,E08000024,Sunderland,7089.5
E02001797,Sunderland 007,E08000024,Sunderland,10404.75
E02001798,Sunderland 008,E08000024,Sunderland,3041.5
E02001799,Sunderland 009,E08000024,Sunderland,1794.857142857143
E02001800,Sunderland 010,E08000024,Sunderland,4911.8
E02001801,Sunderland 011,E08000024,Sunderland,3272.5
E02001802,Sunderland 012,E08000024,Sunderland,1699.0
E02001803,Sunderland 013,E08000024,Sunderland,2663.4
E02001804,Sunderland 014,E08000024,Sunderland,3549.0
E02001805,Sunderland 015,E08000024,Sunderland,6123.0
E02001806,Sunderland 016,E08000024,Sunderland,700.0
E02001807,Sunderland 017,E08000024,Sunderland,7015.5
E02001808,Sunderland 018,E08000024,Sunderland,8172.75
E02001809,Sunderland 019,E08000024,Sunderland,7000.8
E02001810,Sunderland 020,E08000024,Sunderland,8271.166666666666
E02001811,Sunderland 021,E08000024,Sunderland,3925.0
E02001812,Sunderland 022,E08000024,Sunderland,15479.285714285714
E02001813,Sunderland 023,E08000024,Sunderland,1480.4285714285713
E02001814,Sunderland 024,E08000024,Sunderland,5059.0
E02001815,Sunderland 025,E08000024,Sunderland,10092.285714285714
E02001816,Sunderland 026,E08000024,Sunderland,2007.0
E02001817,Sunderland 027,E08000024,Sunderland,4235.25
E02001818,Sunderland 028,E08000024,Sunderland,5074.8
E02001819,Sunderland 029,E08000024,Sunderland,13251.0
E02001820,Sunderland 030,E08000024,Sunderland,8092.333333333333
E02001821,Sunderland 031,E08000024,Sunderland,8866.0
E02001822,Sunderland 032,E08000024,Sunderland,5822.4
E02001823,Sunderland 033,E08000024,Sunderland,4614.8
E02001824,Sunderland 034,E08000024,Sunderland,6963.666666666667
E02001825,Sunderland 035,E08000024,Sunderland,4493.2
E02001826,Sunderland 036,E08000024,Sunderland,3887.25
E02001827,Birmingham 001,E08000025,Birmingham,19167.25
E02001828,Birmingham 002,E08000025,Birmingham,21091.0
E02001829,Birmingham 003,E08000025,Birmingham,25255.6
E02001830,Birmingham 004,E08000025,Birmingham,24815.833333333332
E02001831,Birmingham 005,E08000025,Birmingham,9137.333333333334
E02001832,Birmingham 006,E08000025,Birmingham,21689.4
E02001833,Birmingham 007,E08000025,Birmingham,16439.25
E02001834,Birmingham 008,E08000025,Birmingham,7493.25
E02001835,Birmingham 009,E08000025,Birmingham,17910.8
E02001836,Birmingham 010,E08000025,Birmingham,19509.666666666668
E02001837,Birmingham 011,E08000025,Birmingham,2617.0
E02001838,Birmingham 012,E08000025,Birmingham,23032.4
E02001839,Birmingham 013,E08000025,Birmingham,9266.5
E02001840,Birmingham 014,E08000025,Birmingham,2279.8333333333335
E02001841,Birmingham 015,E08000025,Birmingham,24781.25
E02001842,Birmingham 016,E08000025,Birmingham,16032.6
E02001843,Birmingham 017,E08000025,Birmingham,11684.5
E02001844,Birmingham 018,E08000025,Birmingham,10329.0
E02001845,Birmingham 019,E08000025,Birmingham,14184.0
E02001846,Birmingham 020,E08000025,Birmingham,4044.2
E02001847,Birmingham 021,E08000025,Birmingham,16706.5
E02001848,Birmingham 022,E08000025,Birmingham,5832.0
E02001849,Birmingham 023,E08000025,Birmingham,6170.0
E02001850,Birmingham 024,E08000025,Birmingham,11334.6
E02001851,Birmingham 025,E08000025,Birmingham,6701.8
E02001852,Birmingham 026,E08000025,Birmingham,5624.0
E02001855,Birmingham 029,E08000025,Birmingham,1626.0
E02001856,Birmingham 030,E08000025,Birmingham,4675.0
E02001857,Birmingham 031,E08000025,Birmingham,2430.375
E02001858,Birmingham 032,E08000025,Birmingham,7059.2
E02001859,Birmingham 033,E08000025,Birmingham,7099.0
E02001860,Birmingham 034,E08000025,Birmingham,6114.4
E02001861,Birmingham 035,E08000025,Birmingham,6063.666666666667
E02001862,Birmingham 036,E08000025,Birmingham,7205.5
E02001863,Birmingham 037,E08000025,Birmingham,7064.0
E02001865,Birmingham 039,E08000025,Birmingham,5116.428571428572
E02001866,Birmingham 040,E08000025,Birmingham,3441.2
E02001867,Birmingham 041,E08000025,Birmingham,5304.4
E02001868,Birmingham 042,E08000025,Birmingham,10076.8
E02001869,Birmingham 043,E08000025,Birmingham,3796.0
E02001870,Birmingham 044,E08000025,Birmingham,6021.166666666667
E02001871,Birmingham 045,E08000025,Birmingham,2654.0
E02001872,Birmingham 046,E08000025,Birmingham,2782.25
E02001873,Birmingham 047,E08000025,Birmingham,5111.8
E02001874,Birmingham 048,E08000025,Birmingham,4482.8
E02001875,Birmingham 049,E08000025,Birmingham,6897.0
E02001876,Birmingham 050,E08000025,Birmingham,5414.166666666667
E02001877,Birmingham 051,E08000025,Birmingham,6009.333333333333
E02001878,Birmingham 052,E08000025,Birmingham,4522.6
E02001879,Birmingham 053,E08000025,Birmingham,4774.4
E02001880,Birmingham 054,E08000025,Birmingham,2113.8333333333335
E02001881,Birmingham 055,E08000025,Birmingham,5228.8
E02001882,Birmingham 056,E08000025,Birmingham,5257.8
E02001883,Birmingham 057,E08000025,Birmingham,2355.6
E02001884,Birmingham 058,E08000025,Birmingham,5393.0
E02001886,Birmingham 060,E08000025,Birmingham,9144.2
E02001888,Birmingham 062,E08000025,Birmingham,4263.75
E02001889,Birmingham 063,E08000025,Birmingham,6129.0
E02001890,Birmingham 064,E08000025,Birmingham,12948.666666666666
E02001892,Birmingham 066,E08000025,Birmingham,4326.166666666667
E02001893,Birmingham 067,E08000025,Birmingham,8603.6
E02001895,Birmingham 069,E08000025,Birmingham,2992.2
E02001896,Birmingham 070,E08000025,Birmingham,5664.4
E02001897,Birmingham 071,E08000025,Birmingham,2175.4
E02001898,Birmingham 072,E08000025,Birmingham,14067.0
E02001899,Birmingham 073,E08000025,Birmingham,19133.6
E02001900,Birmingham 074,E08000025,Birmingham,11518.75
E02001901,Birmingham 075,E08000025,Birmingham,18690.2
E02001902,Birmingham 076,E08000025,Birmingham,11104.25
E02001903,Birmingham 077,E08000025,Birmingham,5281.0
E02001904,Birmingham 078,E08000025,Birmingham,4159.0
E02001905,Birmingham 079,E08000025,Birmingham,21764.6
E02001906,Birmingham 080,E08000025,Birmingham,13353.666666666666
E02001907,Birmingham 081,E08000025,Birmingham,12379.0
E02001908,Birmingham 082,E08000025,Birmingham,5888.5
E02001909,Birmingham 083,E08000025,Birmingham,3741.4
E02001910,Birmingham 084,E08000025,Birmingham,4496.5
E02001911,Birmingham 085,E08000025,Birmingham,5744.6
E02001913,Birmingham 087,E08000025,Birmingham,6773.5
E02001914,Birmingham 088,E08000025,Birmingham,10603.25
E02001915,Birmingham 089,E08000025,Birmingham,5265.428571428572
E02001916,Birmingham 090,E08000025,Birmingham,6063.6
E02001918,Birmingham 092,E08000025,Birmingham,5991.166666666667
E02001919,Birmingham 093,E08000025,Birmingham,10635.5
E02001920,Birmingham 094,E08000025,Birmingham,5725.4
E02001921,Birmingham 095,E08000025,Birmingham,7080.8
E02001922,Birmingham 096,E08000025,Birmingham,8777.0
E02001923,Birmingham 097,E08000025,Birmingham,8180.333333333333
E02001924,Birmingham 098,E08000025,Birmingham,9265.25
E02001925,Birmingham 099,E08000025,Birmingham,13104.5
E02001926,Birmingham 100,E08000025,Birmingham,8892.8
E02001927,Birmingham 101,E08000025,Birmingham,2852.4
E02001928,Birmingham 102,E08000025,Birmingham,6315.6
E02001929,Birmingham 103,E08000025,Birmingham,3388.6666666666665
E02001930,Birmingham 104,E08000025,Birmingham,12123.0
E02001931,Birmingham 105,E08000025,Birmingham,15075.6
E02001932,Birmingham 106,E08000025,Birmingham,4331.25
E02001933,Birmingham 107,E08000025,Birmingham,6870.6
E02001934,Birmingham 108,E08000025,Birmingham,16063.75
E02001935,Birmingham 109,E08000025,Birmingham,13367.6
E02001936,Birmingham 110,E08000025,Birmingham,16570.5
E02001937,Birmingham 111,E08000025,Birmingham,4826.4
E02001938,Birmingham 112,E08000025,Birmingham,9916.0
E02001939,Birmingham 113,E08000025,Birmingham,8334.25
E02001941,Birmingham 115,E08000025,Birmingham,4724.5
E02001942,Birmingham 116,E08000025,Birmingham,10144.75
E02001943,Birmingham 117,E08000025,Birmingham,7943.0
E02001944,Birmingham 118,E08000025,Birmingham,7532.75
E02001945,Birmingham 119,E08000025,Birmingham,2707.6
E02001946,Birmingham 120,E08000025,Birmingham,12034.4
E02001947,Birmingham 121,E08000025,Birmingham,1436.75
E02001948,Birmingham 122,E08000025,Birmingham,9045.4
E02001949,Birmingham 123,E08000025,Birmingham,5351.25
E02001950,Birmingham 124,E08000025,Birmingham,10226.2
E02001951,Birmingham 125,E08000025,Birmingham,3424.0
E02001952,Birmingham 126,E08000025,Birmingham,1735.2
E02001953,Birmingham 127,E08000025,Birmingham,11647.0
E02001954,Birmingham 128,E08000025,Birmingham,1689.2
E02001955,Birmingham 129,E08000025,Birmingham,6251.6
E02001956,Birmingham 130,E08000025,Birmingham,8630.25
E02001957,Birmingham 131,E08000025,Birmingham,10395.6
E02001958,Coventry 001,E08000026,Coventry,6223.5
E02001959,Coventry 002,E08000026,Coventry,11396.5
E02001961,Coventry 004,E08000026,Coventry,3518.2
E02001962,Coventry 005,E08000026,Coventry,6100.25
E02001963,Coventry 006,E08000026,Coventry,9889.75
E02001964,Coventry 007,E08000026,Coventry,2269.5
E02001965,Coventry 008,E08000026,Coventry,11031.2
E02001966,Coventry 009,E08000026,Coventry,4920.0
E02001967,Coventry 010,E08000026,Coventry,18969.5
E02001968,Coventry 011,E08000026,Coventry,10036.5
E02001969,Coventry 012,E08000026,Coventry,6376.0
E02001970,Coventry 013,E08000026,Coventry,8468.0
E02001971,Coventry 014,E08000026,Coventry,14558.5
E02001972,Coventry 015,E08000026,Coventry,5023.142857142857
E02001973,Coventry 016,E08000026,Coventry,4778.0
E02001974,Coventry 017,E08000026,Coventry,18260.666666666668
E02001975,Coventry 018,E08000026,Coventry,12630.8
E02001976,Coventry 019,E08000026,Coventry,8241.6
E02001977,Coventry 020,E08000026,Coventry,5117.5
E02001978,Coventry 021,E08000026,Coventry,11616.75
E02001979,Coventry 022,E08000026,Coventry,16698.5
E02001980,Coventry 023,E08000026,Coventry,20558.25
E02001981,Coventry 024,E08000026,Coventry,4385.166666666667
E02001982,Coventry 025,E08000026,Coventry,18959.0
E02001983,Coventry 026,E08000026,Coventry,14048.0
E02001984,Coventry 027,E08000026,Coventry,10532.666666666666
E02001985,Coventry 028,E08000026,Coventry,6008.0
E02001986,Coventry 029,E08000026,Coventry,4712.8
E02001987,Coventry 030,E08000026,Coventry,6414.25
E02001988,Coventry 031,E08000026,Coventry,3500.8
E02001989,Coventry 032,E08000026,Coventry,13133.0
E02001990,Coventry 033,E08000026,Coventry,17603.166666666668
E02001991,Coventry 034,E08000026,Coventry,18655.333333333332
E02001992,Coventry 035,E08000026,Coventry,3852.4285714285716
E02001993,Coventry 036,E08000026,Coventry,10313.0
E02001994,Coventry 037,E08000026,Coventry,14177.0
E02001995,Coventry 038,E08000026,Coventry,8084.8
E02001996,Coventry 039,E08000026,Coventry,919.75
E02001997,Coventry 040,E08000026,Coventry,22130.2
E02001998,Coventry 041,E08000026,Coventry,22338.0
E02001999,Coventry 042,E08000026,Coventry,20823.0
E02002000,Dudley 001,E08000027,Dudley,11686.8
E02002001,Dudley 002,E08000027,Dudley,13181.5
E02002002,Dudley 003,E08000027,Dudley,24200.6
E02002003,Dudley 004,E08000027,Dudley,13715.666666666666
E02002004,Dudley 005,E08000027,Dudley,10354.0
E02002005,Dudley 006,E08000027,Dudley,9008.166666666666
E02002006,Dudley 007,E08000027,Dudley,11189.25
E02002007,Dudley 008,E08000027,Dudley,17953.666666666668
E02002008,Dudley 009,E08000027,Dudley,20874.0
E02002009,Dudley 010,E08000027,Dudley,7640.75
E02002010,Dudley 011,E08000027,Dudley,5895.2
E02002011,Dudley 012,E08000027,Dudley,21699.0
E02002012,Dudley 013,E08000027,Dudley,4502.4
E02002013,Dudley 014,E08000027,Dudley,21142.0
E02002014,Dudley 015,E08000027,Dudley,10573.25
E02002015,Dudley 016,E08000027,Dudley,17115.75
E02002016,Dudley 017,E08000027,Dudley,5542.8
E02002017,Dudley 018,E08000027,Dudley,8540.6
E02002018,Dudley 019,E08000027,Dudley,20598.333333333332
E02002019,Dudley 020,E08000027,Dudley,9151.6
E02002020,Dudley 021,E08000027,Dudley,19801.333333333332
E02002021,Dudley 022,E08000027,Dudley,5451.5
E02002022,Dudley 023,E08000027,Dudley,10789.2
E02002023,Dudley 024,E08000027,Dudley,19121.0
E02002024,Dudley 025,E08000027,Dudley,12734.0
E02002025,Dudley 026,E08000027,Dudley,12857.4
E02002026,Dudley 027,E08000027,Dudley,21960.0
E02002027,Dudley 028,E08000027,Dudley,24122.25
E02002028,Dudley 029,E08000027,Dudley,18738.0
E02002029,Dudley 030,E08000027,Dudley,19362.0
E02002030,Dudley 031,E08000027,Dudley,12899.75
E02002031,Dudley 032,E08000027,Dudley,12482.0
E02002032,Dudley 033,E08000027,Dudley,11710.166666666666
E02002033,Dudley 034,E08000027,Dudley,18412.2
E02002034,Dudley 035,E08000027,Dudley,15518.0
E02002035,Dudley 036,E08000027,Dudley,25210.0
E02002036,Dudley 037,E08000027,Dudley,9069.75
E02002037,Dudley 038,E08000027,Dudley,19352.5
E02002038,Dudley 039,E08000027,Dudley,15285.5
E02002039,Dudley 040,E08000027,Dudley,22378.5
E02002040,Dudley 041,E08000027,Dudley,23894.25
E02002041,Dudley 042,E08000027,Dudley,23390.5
E02002042,Dudley 043,E08000027,Dudley,24855.4
E02002043,Sandwell 001,E08000028,Sandwell,5927.6
E02002044,Sandwell 002,E08000028,Sandwell,9503.75
E02002045,Sandwell 003,E08000028,Sandwell,8185.4
E02002046,Sandwell 004,E08000028,Sandwell,2652.0
E02002047,Sandwell 005,E08000028,Sandwell,5272.25
E02002048,Sandwell 006,E08000028,Sandwell,19913.0
E02002049,Sandwell 007,E08000028,Sandwell,9720.75
E02002051,Sandwell 009,E08000028,Sandwell,3797.75
E02002052,Sandwell 010,E08000028,Sandwell,6105.166666666667
E02002053,Sandwell 011,E08000028,Sandwell,14303.25
E02002054,Sandwell 012,E08000028,Sandwell,13897.75
E02002055,Sandwell 013,E08000028,Sandwell,6691.5
E02002056,Sandwell 014,E08000028,Sandwell,3877.5
E02002057,Sandwell 015,E08000028,Sandwell,5994.5
E02002058,Sandwell 016,E08000028,Sandwell,9418.0
E02002059,Sandwell 017,E08000028,Sandwell,7500.0
E02002060,Sandwell 018,E08000028,Sandwell,5409.75
E02002061,Sandwell 019,E08000028,Sandwell,5675.0
E02002062,Sandwell 020,E08000028,Sandwell,5327.25
E02002063,Sandwell 021,E08000028,Sandwell,10341.4
E02002064,Sandwell 022,E08000028,Sandwell,9665.0
E02002065,Sandwell 023,E08000028,Sandwell,9233.57142857143
E02002066,Sandwell 024,E08000028,Sandwell,6809.0
E02002067,Sandwell 025,E08000028,Sandwell,12740.25
E02002069,Sandwell 027,E08000028,Sandwell,7310.75
E02002070,Sandwell 028,E08000028,Sandwell,6874.6
E02002071,Sandwell 029,E08000028,Sandwell,6390.25
E02002072,Sandwell 030,E08000028,Sandwell,11952.0
E02002073,Sandwell 031,E08000028,Sandwell,6985.0
E02002074,Sandwell 032,E08000028,Sandwell,7496.0
E02002075,Sandwell 033,E08000028,Sandwell,7533.4
E02002076,Sandwell 034,E08000028,Sandwell,14314.142857142857
E02002077,Sandwell 035,E08000028,Sandwell,9056.166666666666
E02002078,Sandwell 036,E08000028,Sandwell,18555.25
E02002079,Sandwell 037,E08000028,Sandwell,10487.6
E02002080,Sandwell 038,E08000028,Sandwell,9754.25
E02002081,Solihull 001,E08000029,Solihull,15283.25
E02002082,Solihull 002,E08000029,Solihull,3226.5
E02002083,Solihull 003,E08000029,Solihull,22673.75
E02002084,Solihull 004,E08000029,Solihull,4699.5
E02002085,Solihull 005,E08000029,Solihull,8764.5
E02002086,Solihull 006,E08000029,Solihull,3322.75
E02002087,Solihull 007,E08000029,Solihull,3100.75
E02002088,Solihull 008,E08000029,Solihull,1847.3333333333333
E02002089,Solihull 009,E08000029,Solihull,11661.0
E02002090,Solihull 010,E08000029,Solihull,18791.75
E02002091,Solihull 011,E08000029,Solihull,19447.4
E02002092,Solihull 012,E08000029,Solihull,12314.0
E02002093,Solihull 013,E08000029,Solihull,17025.5
E02002094,Solihull 014,E08000029,Solihull,27085.75
E02002095,Solihull 015,E08000029,Solihull,21337.8
E02002096,Solihull 016,E08000029,Solihull,23450.0
E02002097,Solihull 017,E08000029,Solihull,21722.25
E02002098,Solihull 018,E08000029,Solihull,21120.0
E02002099,Solihull 019,E08000029,Solihull,30651.0
E02002101,Solihull 021,E08000029,Solihull,15783.75
E02002102,Solihull 022,E08000029,Solihull,20494.4
E02002103,Solihull 023,E08000029,Solihull,21707.0
E02002104,Solihull 024,E08000029,Solihull,30511.5
E02002105,Solihull 025,E08000029,Solihull,28523.2
E02002106,Solihull 026,E08000029,Solihull,28347.666666666668
E02002107,Solihull 027,E08000029,Solihull,29378.75
E02002108,Solihull 028,E08000029,Solihull,28841.333333333332
E02002109,Solihull 029,E08000029,Solihull,24952.5
E02002110,Walsall 001,E08000030,Walsall,10991.0
E02002111,Walsall 002,E08000030,Walsall,7057.5
E02002112,Walsall 003,E08000030,Walsall,14044.0
E02002113,Walsall 004,E08000030,Walsall,8889.25
E02002114,Walsall 005,E08000030,Walsall,13155.0
E02002115,Walsall 006,E08000030,Walsall,6724.75
E02002116,Walsall 007,E08000030,Walsall,14222.0
E02002117,Walsall 008,E08000030,Walsall,12740.0
E02002118,Walsall 009,E08000030,Walsall,4744.8
E02002119,Walsall 010,E08000030,Walsall,10986.75
E02002120,Walsall 011,E08000030,Walsall,16714.5
E02002121,Walsall 012,E08000030,Walsall,3169.0
E02002122,Walsall 013,E08000030,Walsall,4851.5
E02002123,Walsall 014,E08000030,Walsall,10713.0
E02002124,Walsall 015,E08000030,Walsall,12701.75
E02002125,Walsall 016,E08000030,Walsall,6852.5
E02002126,Walsall 017,E08000030,Walsall,3062.0
E02002127,Walsall 018,E08000030,Walsall,4165.0
E02002128,Walsall 019,E08000030,Walsall,10798.75
E02002129,Walsall 020,E08000030,Walsall,12207.0
E02002130,Walsall 021,E08000030,Walsall,6208.25
E02002131,Walsall 022,E08000030,Walsall,20714.6
E02002132,Walsall 023,E08000030,Walsall,5719.75
E02002133,Walsall 024,E08000030,Walsall,10886.75
E02002134,Walsall 025,E08000030,Walsall,5496.6
E02002135,Walsall 026,E08000030,Walsall,6436.0
E02002136,Walsall 027,E08000030,Walsall,8643.0
E02002137,Walsall 028,E08000030,Walsall,25881.5
E02002138,Walsall 029,E08000030,Walsall,17142.25
E02002139,Walsall 030,E08000030,Walsall,7287.833333333333
E02002140,Walsall 031,E08000030,Walsall,7334.2
E02002141,Walsall 032,E08000030,Walsall,23561.5
E02002142,Walsall 033,E08000030,Walsall,5309.75
E02002143,Walsall 034,E08000030,Walsall,7912.833333333333
E02002144,Walsall 035,E08000030,Walsall,26289.5
E02002145,Walsall 036,E08000030,Walsall,6067.5
E02002146,Walsall 037,E08000030,Walsall,10027.0
E02002147,Walsall 038,E08000030,Walsall,5162.6
E02002148,Walsall 039,E08000030,Walsall,18227.0
E02002149,Wolverhampton 001,E08000031,Wolverhampton,11355.142857142857
E02002150,Wolverhampton 002,E08000031,Wolverhampton,9729.75
E02002151,Wolverhampton 003,E08000031,Wolverhampton,5921.5
E02002152,Wolverhampton 004,E08000031,Wolverhampton,2875.0
E02002153,Wolverhampton 005,E08000031,Wolverhampton,8226.8
E02002154,Wolverhampton 006,E08000031,Wolverhampton,9853.0
E02002155,Wolverhampton 007,E08000031,Wolverhampton,2950.25
E02002156,Wolverhampton 008,E08000031,Wolverhampton,10477.2
E02002157,Wolverhampton 009,E08000031,Wolverhampton,17568.6
E02002158,Wolverhampton 010,E08000031,Wolverhampton,7353.4
E02002159,Wolverhampton 011,E08000031,Wolverhampton,5165.75
E02002160,Wolverhampton 012,E08000031,Wolverhampton,11203.25
E02002161,Wolverhampton 013,E08000031,Wolverhampton,7779.5
E02002162,Wolverhampton 014,E08000031,Wolverhampton,15806.2
E02002163,Wolverhampton 015,E08000031,Wolverhampton,6013.0
E02002164,Wolverhampton 016,E08000031,Wolverhampton,4621.75
E02002165,Wolverhampton 017,E08000031,Wolverhampton,6277.0
E02002166,Wolverhampton 018,E08000031,Wolverhampton,4112.0
E02002167,Wolverhampton 019,E08000031,Wolverhampton,17342.0
E02002168,Wolverhampton 020,E08000031,Wolverhampton,4183.428571428572
E02002169,Wolverhampton 021,E08000031,Wolverhampton,17508.333333333332
E02002170,Wolverhampton 022,E08000031,Wolverhampton,9914.0
E02002171,Wolverhampton 023,E08000031,Wolverhampton,5193.8
E02002174,Wolverhampton 026,E08000031,Wolverhampton,13955.6
E02002175,Wolverhampton 027,E08000031,Wolverhampton,5653.0
E02002176,Wolverhampton 028,E08000031,Wolverhampton,14258.8
E02002177,Wolverhampton 029,E08000031,Wolverhampton,7444.8
E02002178,Wolverhampton 030,E08000031,Wolverhampton,15120.4
E02002179,Wolverhampton 031,E08000031,Wolverhampton,18626.5
E02002180,Wolverhampton 032,E08000031,Wolverhampton,11661.0
E02002181,Wolverhampton 033,E08000031,Wolverhampton,5653.75
E02002182,Wolverhampton 034,E08000031,Wolverhampton,7794.5
E02002183,Bradford 001,E08000032,Bradford,24600.5
E02002184,Bradford 002,E08000032,Bradford,25987.625
E02002185,Bradford 003,E08000032,Bradford,23491.25
E02002187,Bradford 005,E08000032,Bradford,28860.0
E02002188,Bradford 006,E08000032,Bradford,19875.75
E02002189,Bradford 007,E08000032,Bradford,8088.75
E02002190,Bradford 008,E08000032,Bradford,5798.285714285715
E02002191,Bradford 009,E08000032,Bradford,2450.3333333333335
E02002192,Bradford 010,E08000032,Bradford,24128.6
E02002193,Bradford 011,E08000032,Bradford,2635.75
E02002194,Bradford 012,E08000032,Bradford,7795.8
E02002195,Bradford 013,E08000032,Bradford,23048.0
E02002196,Bradford 014,E08000032,Bradford,15096.0
E02002197,Bradford 015,E08000032,Bradford,14358.6
E02002198,Bradford 016,E08000032,Bradford,15869.8
E02002199,Bradford 017,E08000032,Bradford,19050.0
E02002200,Bradford 018,E08000032,Bradford,14397.5
E02002201,Bradford 019,E08000032,Bradford,13650.42857142857
E02002202,Bradford 020,E08000032,Bradford,7343.0
E02002203,Bradford 021,E08000032,Bradford,7489.0
E02002204,Bradford 022,E08000032,Bradford,16656.428571428572
E02002205,Bradford 023,E08000032,Bradford,15075.833333333334
E02002206,Bradford 024,E08000032,Bradford,11240.4
E02002207,Bradford 025,E08000032,Bradford,7426.25
E02002208,Bradford 026,E08000032,Bradford,6618.2
E02002209,Bradford 027,E08000032,Bradford,2758.75
E02002210,Bradford 028,E08000032,Bradford,10399.2
E02002211,Bradford 029,E08000032,Bradford,8656.5
E02002212,Bradford 030,E08000032,Bradford,6805.4
E02002213,Bradford 031,E08000032,Bradford,12699.25
E02002214,Bradford 032,E08000032,Bradford,11705.5
E02002215,Bradford 033,E08000032,Bradford,5891.8
E02002216,Bradford 034,E08000032,Bradford,3311.6
E02002217,Bradford 035,E08000032,Bradford,4119.2
E02002218,Bradford 036,E08000032,Bradford,7611.5
E02002219,Bradford 037,E08000032,Bradford,4566.75
E02002220,Bradford 038,E08000032,Bradford,4822.6
E02002222,Bradford 040,E08000032,Bradford,6029.8
E02002223,Bradford 041,E08000032,Bradford,3883.5
E02002224,Bradford 042,E08000032,Bradford,4330.4
E02002225,Bradford 043,E08000032,Bradford,10359.0
E02002226,Bradford 044,E08000032,Bradford,7679.571428571428
E02002227,Bradford 045,E08000032,Bradford,3330.5
E02002228,Bradford 046,E08000032,Bradford,2535.0
E02002229,Bradford 047,E08000032,Bradford,9941.8
E02002230,Bradford 048,E08000032,Bradford,3780.6
E02002231,Bradford 049,E08000032,Bradford,8299.142857142857
E02002232,Bradford 050,E08000032,Bradford,4305.5
E02002233,Bradford 051,E08000032,Bradford,4752.8
E02002234,Bradford 052,E08000032,Bradford,645.6
E02002235,Bradford 053,E08000032,Bradford,4881.25
E02002236,Bradford 054,E08000032,Bradford,10682.75
E02002237,Bradford 055,E08000032,Bradford,8381.4
E02002238,Bradford 056,E08000032,Bradford,6697.25
E02002239,Bradford 057,E08000032,Bradford,9471.6
E02002240,Bradford 058,E08000032,Bradford,12552.57142857143
E02002241,Bradford 059,E08000032,Bradford,7371.25
E02002242,Bradford 060,E08000032,Bradford,11290.0
E02002243,Bradford 061,E08000032,Bradford,7164.0
E02002244,Calderdale 001,E08000033,Calderdale,12729.25
E02002245,Calderdale 002,E08000033,Calderdale,2997.5
E02002246,Calderdale 003,E08000033,Calderdale,22674.0
E02002247,Calderdale 004,E08000033,Calderdale,17568.333333333332
E02002248,Calderdale 005,E08000033,Calderdale,5674.4
E02002249,Calderdale 006,E08000033,Calderdale,4118.5
E02002250,Calderdale 007,E08000033,Calderdale,17318.8
E02002251,Calderdale 008,E08000033,Calderdale,3537.0
E02002252,Calderdale 009,E08000033,Calderdale,16387.25
E02002253,Calderdale 010,E08000033,Calderdale,9164.25
E02002254,Calderdale 011,E08000033,Calderdale,22989.5
E02002255,Calderdale 012,E08000033,Calderdale,1243.6
E02002256,Calderdale 013,E08000033,Calderdale,9891.666666666666
E02002257,Calderdale 014,E08000033,Calderdale,6272.0
E02002258,Calderdale 015,E08000033,Calderdale,16145.2
E02002259,Calderdale 016,E08000033,Calderdale,15344.5
E02002260,Calderdale 017,E08000033,Calderdale,11574.0
E02002261,Calderdale 018,E08000033,Calderdale,9567.2
E02002262,Calderdale 019,E08000033,Calderdale,12604.0
E02002263,Calderdale 020,E08000033,Calderdale,12734.25
E02002264,Calderdale 021,E08000033,Calderdale,18443.0
E02002265,Calderdale 022,E08000033,Calderdale,11316.0
E02002266,Calderdale 023,E08000033,Calderdale,15076.75
E02002267,Calderdale 024,E08000033,Calderdale,13833.8
E02002268,Calderdale 025,E08000033,Calderdale,11634.333333333334
E02002269,Calderdale 026,E08000033,Calderdale,17298.333333333332
E02002270,Calderdale 027,E08000033,Calderdale,24123.6
E02002271,Kirklees 001,E08000034,Kirklees,20618.4
E02002272,Kirklees 002,E08000034,Kirklees,12566.833333333334
E02002273,Kirklees 003,E08000034,Kirklees,18426.0
E02002274,Kirklees 004,E08000034,Kirklees,16932.75
E02002275,Kirklees 005,E08000034,Kirklees,10367.0
E02002276,Kirklees 006,E08000034,Kirklees,13319.8
E02002277,Kirklees 007,E08000034,Kirklees,11729.25
E02002278,Kirklees 008,E08000034,Kirklees,14952.0
E02002279,Kirklees 009,E08000034,Kirklees,6693.25
E02002280,Kirklees 010,E08000034,Kirklees,4868.5
E02002281,Kirklees 011,E08000034,Kirklees,9166.0
E02002282,Kirklees 012,E08000034,Kirklees,8824.0
E02002283,Kirklees 013,E08000034,Kirklees,9093.0
E02002284,Kirklees 014,E08000034,Kirklees,16470.75
E02002285,Kirklees 015,E08000034,Kirklees,16977.8
E02002286,Kirklees 016,E08000034,Kirklees,7295.25
E02002287,Kirklees 017,E08000034,Kirklees,7323.0
E02002288,Kirklees 018,E08000034,Kirklees,7522.166666666667
E02002289,Kirklees 019,E08000034,Kirklees,6146.75
E02002290,Kirklees 020,E08000034,Kirklees,20217.75
E02002291,Kirklees 021,E08000034,Kirklees,17931.25
E02002292,Kirklees 022,E08000034,Kirklees,15533.25
E02002293,Kirklees 023,E08000034,Kirklees,4304.6
E02002294,Kirklees 024,E08000034,Kirklees,9124.166666666666
E02002295,Kirklees 025,E08000034,Kirklees,4010.5
E02002296,Kirklees 026,E08000034,Kirklees,17056.25
E02002297,Kirklees 027,E08000034,Kirklees,18186.5
E02002298,Kirklees 028,E08000034,Kirklees,10862.6
E02002299,Kirklees 029,E08000034,Kirklees,3922.0
E02002300,Kirklees 030,E08000034,Kirklees,21851.0
E02002301,Kirklees 031,E08000034,Kirklees,6746.25
E02002302,Kirklees 032,E08000034,Kirklees,21031.0
E02002303,Kirklees 033,E08000034,Kirklees,12188.75
E02002304,Kirklees 034,E08000034,Kirklees,11115.75
E02002305,Kirklees 035,E08000034,Kirklees,7639.0
E02002306,Kirklees 036,E08000034,Kirklees,21154.75
E02002307,Kirklees 037,E08000034,Kirklees,9503.75
E02002308,Kirklees 038,E08000034,Kirklees,16067.75
E02002309,Kirklees 039,E08000034,Kirklees,6985.0
E02002310,Kirklees 040,E08000034,Kirklees,8134.5
E02002311,Kirklees 041,E08000034,Kirklees,13243.75
E02002312,Kirklees 042,E08000034,Kirklees,8989.5
E02002313,Kirklees 043,E08000034,Kirklees,5888.75
E02002314,Kirklees 044,E08000034,Kirklees,15449.5
E02002315,Kirklees 045,E08000034,Kirklees,9812.0
E02002316,Kirklees 046,E08000034,Kirklees,22268.25
E02002317,Kirklees 047,E08000034,Kirklees,8791.75
E02002318,Kirklees 048,E08000034,Kirklees,9113.75
E02002319,Kirklees 049,E08000034,Kirklees,16064.75
E02002320,Kirklees 050,E08000034,Kirklees,14344.75
E02002321,Kirklees 051,E08000034,Kirklees,23707.25
E02002322,Kirklees 052,E08000034,Kirklees,16146.5
E02002323,Kirklees 053,E08000034,Kirklees,21556.0
E02002324,Kirklees 054,E08000034,Kirklees,19271.5
E02002325,Kirklees 055,E08000034,Kirklees,19429.0
E02002326,Kirklees 056,E08000034,Kirklees,25854.5
E02002327,Kirklees 057,E08000034,Kirklees,20700.833333333332
E02002328,Kirklees 058,E08000034,Kirklees,25911.75
E02002329,Kirklees 059,E08000034,Kirklees,24067.714285714286
E02002330,Leeds 001,E08000035,Leeds,27385.4
E02002331,Leeds 002,E08000035,Leeds,12952.5
E02002332,Leeds 003,E08000035,Leeds,22503.25
E02002333,Leeds 004,E08000035,Leeds,22073.4
E02002334,Leeds 005,E08000035,Leeds,23913.2
E02002335,Leeds 006,E08000035,Leeds,31370.6
E02002336,Leeds 007,E08000035,Leeds,29587.5
E02002337,Leeds 008,E08000035,Leeds,29266.5
E02002338,Leeds 009,E08000035,Leeds,23276.5
E02002339,Leeds 010,E08000035,Leeds,11024.0
E02002340,Leeds 011,E08000035,Leeds,18418.75
E02002341,Leeds 012,E08000035,Leeds,30212.4
E02002342,Leeds 013,E08000035,Leeds,22904.75
E02002343,Leeds 014,E08000035,Leeds,22430.25
E02002344,Leeds 015,E08000035,Leeds,27231.0
E02002345,Leeds 016,E08000035,Leeds,28072.0
E02002346,Leeds 017,E08000035,Leeds,14110.75
E02002347,Leeds 018,E08000035,Leeds,11911.5
E02002348,Leeds 019,E08000035,Leeds,17476.25
E02002349,Leeds 020,E08000035,Leeds,24527.5
E02002350,Leeds 021,E08000035,Leeds,29566.0
E02002351,Leeds 022,E08000035,Leeds,26046.75
E02002352,Leeds 023,E08000035,Leeds,25725.8
E02002353,Leeds 024,E08000035,Leeds,25812.0
E02002354,Leeds 025,E08000035,Leeds,20661.6
E02002356,Leeds 027,E08000035,Leeds,28129.0
E02002357,Leeds 028,E08000035,Leeds,18779.2
E02002358,Leeds 029,E08000035,Leeds,12099.4
E02002359,Leeds 030,E08000035,Leeds,26425.5
E02002360,Leeds 031,E08000035,Leeds,17479.25
E02002361,Leeds 032,E08000035,Leeds,19939.25
E02002362,Leeds 033,E08000035,Leeds,7817.8
E02002363,Leeds 034,E08000035,Leeds,21856.0
E02002364,Leeds 035,E08000035,Leeds,3161.0
E02002366,Leeds 037,E08000035,Leeds,18950.4
E02002367,Leeds 038,E08000035,Leeds,5303.5
E02002368,Leeds 039,E08000035,Leeds,23904.6
E02002369,Leeds 040,E08000035,Leeds,6018.2
E02002370,Leeds 041,E08000035,Leeds,4325.75
E02002371,Leeds 042,E08000035,Leeds,9836.4
E02002373,Leeds 044,E08000035,Leeds,13777.6
E02002374,Leeds 045,E08000035,Leeds,12826.0
E02002375,Leeds 046,E08000035,Leeds,7181.5
E02002376,Leeds 047,E08000035,Leeds,6811.5
E02002377,Leeds 048,E08000035,Leeds,9372.75
E02002379,Leeds 050,E08000035,Leeds,3511.25
E02002380,Leeds 051,E08000035,Leeds,14386.75
E02002381,Leeds 052,E08000035,Leeds,14595.25
E02002382,Leeds 053,E08000035,Leeds,7307.5
E02002383,Leeds 054,E08000035,Leeds,6833.4
E02002384,Leeds 055,E08000035,Leeds,7200.666666666667
E02002385,Leeds 056,E08000035,Leeds,8992.0
E02002386,Leeds 057,E08000035,Leeds,19198.166666666668
E02002387,Leeds 058,E08000035,Leeds,6868.5
E02002388,Leeds 059,E08000035,Leeds,8294.8
E02002389,Leeds 060,E08000035,Leeds,6026.5
E02002390,Leeds 061,E08000035,Leeds,12744.0
E02002391,Leeds 062,E08000035,Leeds,16345.4
E02002392,Leeds 063,E08000035,Leeds,7528.0
E02002393,Leeds 064,E08000035,Leeds,5301.2
E02002394,Leeds 065,E08000035,Leeds,5535.5
E02002395,Leeds 066,E08000035,Leeds,18652.5
E02002396,Leeds 067,E08000035,Leeds,9512.833333333334
E02002397,Leeds 068,E08000035,Leeds,12792.8
E02002398,Leeds 069,E08000035,Leeds,19744.8
E02002399,Leeds 070,E08000035,Leeds,8706.0
E02002400,Leeds 071,E08000035,Leeds,4231.2
E02002401,Leeds 072,E08000035,Leeds,4914.0
E02002402,Leeds 073,E08000035,Leeds,26955.75
E02002403,Leeds 074,E08000035,Leeds,17561.5
E02002404,Leeds 075,E08000035,Leeds,7370.0
E02002405,Leeds 076,E08000035,Leeds,18389.8
E02002406,Leeds 077,E08000035,Leeds,26981.8
E02002407,Leeds 078,E08000035,Leeds,2949.25
E02002408,Leeds 079,E08000035,Leeds,14242.6
E02002409,Leeds 080,E08000035,Leeds,11349.25
E02002410,Leeds 081,E08000035,Leeds,12171.0
E02002411,Leeds 082,E08000035,Leeds,6806.0
E02002412,Leeds 083,E08000035,Leeds,18744.25
E02002414,Leeds 085,E08000035,Leeds,4092.25
E02002415,Leeds 086,E08000035,Leeds,5115.5
E02002416,Leeds 087,E08000035,Leeds,13437.25
E02002417,Leeds 088,E08000035,Leeds,16490.5
E02002418,Leeds 089,E08000035,Leeds,17741.6
E02002419,Leeds 090,E08000035,Leeds,8224.4
E02002420,Leeds 091,E08000035,Leeds,13723.4
E02002421,Leeds 092,E08000035,Leeds,2552.0
E02002422,Leeds 093,E08000035,Leeds,21284.5
E02002423,Leeds 094,E08000035,Leeds,7693.25
E02002424,Leeds 095,E08000035,Leeds,15017.2
E02002425,Leeds 096,E08000035,Leeds,17517.0
E02002426,Leeds 097,E08000035,Leeds,18791.8
E02002427,Leeds 098,E08000035,Leeds,13983.2
E02002428,Leeds 099,E08000035,Leeds,13618.4
E02002429,Leeds 100,E08000035,Leeds,17221.0
E02002430,Leeds 101,E08000035,Leeds,3535.0
E02002431,Leeds 102,E08000035,Leeds,15070.0
E02002432,Leeds 103,E08000035,Leeds,13575.6
E02002433,Leeds 104,E08000035,Leeds,11635.5
E02002434,Leeds 105,E08000035,Leeds,16565.5
E02002435,Leeds 106,E08000035,Leeds,18165.4
E02002436,Leeds 107,E08000035,Leeds,11745.5
E02002437,Leeds 108,E08000035,Leeds,23937.5
E02002438,Wakefield 001,E08000036,Wakefield,4153.0
E02002439,Wakefield 002,E08000036,Wakefield,4757.166666666667
E02002440,Wakefield 003,E08000036,Wakefield,7488.6
E02002441,Wakefield 004,E08000036,Wakefield,4277.6
E02002442,Wakefield 005,E08000036,Wakefield,11209.2
E02002443,Wakefield 006,E08000036,Wakefield,12987.0
E02002444,Wakefield 007,E08000036,Wakefield,14001.5
E02002445,Wakefield 008,E08000036,Wakefield,12534.0
E02002446,Wakefield 009,E08000036,Wakefield,12898.75
E02002447,Wakefield 010,E08000036,Wakefield,5070.0
E02002448,Wakefield 011,E08000036,Wakefield,3809.6
E02002449,Wakefield 012,E08000036,Wakefield,11714.8
E02002450,Wakefield 013,E08000036,Wakefield,12008.75
E02002451,Wakefield 014,E08000036,Wakefield,14798.8
E02002452,Wakefield 015,E08000036,Wakefield,4413.4
E02002453,Wakefield 016,E08000036,Wakefield,5256.833333333333
E02002454,Wakefield 017,E08000036,Wakefield,6877.0
E02002455,Wakefield 018,E08000036,Wakefield,4697.5
E02002456,Wakefield 019,E08000036,Wakefield,12215.25
E02002457,Wakefield 020,E08000036,Wakefield,5287.6
E02002458,Wakefield 021,E08000036,Wakefield,13417.833333333334
E02002459,Wakefield 022,E08000036,Wakefield,8310.5
E02002460,Wakefield 023,E08000036,Wakefield,16426.8
E02002461,Wakefield 024,E08000036,Wakefield,7627.625
E02002462,Wakefield 025,E08000036,Wakefield,10007.0
E02002463,Wakefield 026,E08000036,Wakefield,3251.3333333333335
E02002464,Wakefield 027,E08000036,Wakefield,5971.0
E02002465,Wakefield 028,E08000036,Wakefield,11461.25
E02002466,Wakefield 029,E08000036,Wakefield,11290.333333333334
E02002467,Wakefield 030,E08000036,Wakefield,5467.4
E02002468,Wakefield 031,E08000036,Wakefield,16249.0
E02002469,Wakefield 032,E08000036,Wakefield,12289.75
E02002470,Wakefield 033,E08000036,Wakefield,21982.5
E02002471,Wakefield 034,E08000036,Wakefield,20203.85714285714
E02002472,Wakefield 035,E08000036,Wakefield,14785.25
E02002473,Wakefield 036,E08000036,Wakefield,18880.5
E02002474,Wakefield 037,E08000036,Wakefield,8499.5
E02002475,Wakefield 038,E08000036,Wakefield,19186.5
E02002476,Wakefield 039,E08000036,Wakefield,2804.25
E02002477,Wakefield 040,E08000036,Wakefield,4879.5
E02002478,Wakefield 041,E08000036,Wakefield,7502.5
E02002479,Wakefield 042,E08000036,Wakefield,4303.2
E02002480,Wakefield 043,E08000036,Wakefield,3883.0
E02002481,Wakefield 044,E08000036,Wakefield,6962.75
E02002482,Wakefield 045,E08000036,Wakefield,3344.5
E02002483,Hartlepool 001,E06000001,Hartlepool,9020.166666666666
E02002484,Hartlepool 002,E06000001,Hartlepool,946.5
E02002485,Hartlepool 003,E06000001,Hartlepool,1432.6
E02002489,Hartlepool 007,E06000001,Hartlepool,2425.4
E02002490,Hartlepool 008,E06000001,Hartlepool,1951.25
E02002491,Hartlepool 009,E06000001,Hartlepool,3671.5
E02002492,Hartlepool 010,E06000001,Hartlepool,3828.25
E02002493,Hartlepool 011,E06000001,Hartlepool,9869.0
E02002494,Hartlepool 012,E06000001,Hartlepool,1154.0
E02002496,Middlesbrough 001,E06000002,Middlesbrough,1130.142857142857
E02002497,Middlesbrough 002,E06000002,Middlesbrough,982.5
E02002498,Middlesbrough 003,E06000002,Middlesbrough,1947.0
E02002499,Middlesbrough 004,E06000002,Middlesbrough,670.0
E02002500,Middlesbrough 005,E06000002,Middlesbrough,4346.25
E02002501,Middlesbrough 006,E06000002,Middlesbrough,3269.3333333333335
E02002502,Middlesbrough 007,E06000002,Middlesbrough,832.6666666666666
E02002503,Middlesbrough 008,E06000002,Middlesbrough,4645.25
E02002504,Middlesbrough 009,E06000002,Middlesbrough,10168.4
E02002505,Middlesbrough 010,E06000002,Middlesbrough,1491.5
E02002506,Middlesbrough 011,E06000002,Middlesbrough,324.0
E02002507,Middlesbrough 012,E06000002,Middlesbrough,15573.5
E02002508,Middlesbrough 013,E06000002,Middlesbrough,15416.333333333334
E02002509,Middlesbrough 014,E06000002,Middlesbrough,4834.75
E02002510,Middlesbrough 015,E06000002,Middlesbrough,18404.25
E02002512,Middlesbrough 017,E06000002,Middlesbrough,20455.0
E02002513,Middlesbrough 018,E06000002,Middlesbrough,6974.285714285715
E02002514,Middlesbrough 019,E06000002,Middlesbrough,6859.166666666667
E02002515,Redcar and Cleveland 001,E06000003,Redcar and Cleveland,2455.5
E02002516,Redcar and Cleveland 002,E06000003,Redcar and Cleveland,5484.75
E02002517,Redcar and Cleveland 003,E06000003,Redcar and Cleveland,6863.75
E02002518,Redcar and Cleveland 004,E06000003,Redcar and Cleveland,16042.42857142857
E02002519,Redcar and Cleveland 005,E06000003,Redcar and Cleveland,3242.6
E02002520,Redcar and Cleveland 006,E06000003,Redcar and Cleveland,14974.875
E02002521,Redcar and Cleveland 007,E06000003,Redcar and Cleveland,8271.25
E02002523,Redcar and Cleveland 009,E06000003,Redcar and Cleveland,641.5
E02002524,Redcar and Cleveland 010,E06000003,Redcar and Cleveland,7948.5
E02002525,Redcar and Cleveland 011,E06000003,Redcar and Cleveland,4925.5
E02002526,Redcar and Cleveland 012,E06000003,Redcar and Cleveland,10124.75
E02002527,Redcar and Cleveland 013,E06000003,Redcar and Cleveland,3633.6666666666665
E02002529,Redcar and Cleveland 015,E06000003,Redcar and Cleveland,10003.0
E02002530,Redcar and Cleveland 016,E06000003,Redcar and Cleveland,7126.25
E02002532,Redcar and Cleveland 018,E06000003,Redcar and Cleveland,5330.5
E02002533,Redcar and Cleveland 019,E06000003,Redcar and Cleveland,19646.333333333332
E02002534,Redcar and Cleveland 020,E06000003,Redcar and Cleveland,21542.0
E02002535,Stockton-on-Tees 001,E06000004,Stockton-on-Tees,14804.333333333334
E02002536,Stockton-on-Tees 002,E06000004,Stockton-on-Tees,5719.333333333333
E02002537,Stockton-on-Tees 003,E06000004,Stockton-on-Tees,1840.8333333333333
E02002538,Stockton-on-Tees 004,E06000004,Stockton-on-Tees,4094.25
E02002539,Stockton-on-Tees 005,E06000004,Stockton-on-Tees,18001.5
E02002540,Stockton-on-Tees 006,E06000004,Stockton-on-Tees,15081.0
E02002541,Stockton-on-Tees 007,E06000004,Stockton-on-Tees,7027.25
E02002542,Stockton-on-Tees 008,E06000004,Stockton-on-Tees,2101.6666666666665
E02002543,Stockton-on-Tees 009,E06000004,Stockton-on-Tees,1593.2
E02002544,Stockton-on-Tees 010,E06000004,Stockton-on-Tees,2222.6
E02002545,Stockton-on-Tees 011,E06000004,Stockton-on-Tees,11774.5
E02002546,Stockton-on-Tees 012,E06000004,Stockton-on-Tees,2880.0
E02002547,Stockton-on-Tees 013,E06000004,Stockton-on-Tees,11921.75
E02002549,Stockton-on-Tees 015,E06000004,Stockton-on-Tees,14289.0
E02002550,Stockton-on-Tees 016,E06000004,Stockton-on-Tees,10144.25
E02002551,Stockton-on-Tees 017,E06000004,Stockton-on-Tees,971.0
E02002552,Stockton-on-Tees 018,E06000004,Stockton-on-Tees,5486.5
E02002553,Stockton-on-Tees 019,E06000004,Stockton-on-Tees,6374.333333333333
E02002554,Stockton-on-Tees 020,E06000004,Stockton-on-Tees,3242.25
E02002555,Stockton-on-Tees 021,E06000004,Stockton-on-Tees,18310.0
E02002556,Stockton-on-Tees 022,E06000004,Stockton-on-Tees,17803.0
E02002558,Stockton-on-Tees 024,E06000004,Stockton-on-Tees,20041.285714285714
E02002559,Darlington 001,E06000005,Darlington,20046.0
E02002560,Darlington 002,E06000005,Darlington,14109.25
E02002561,Darlington 003,E06000005,Darlington,12976.75
E02002562,Darlington 004,E06000005,Darlington,5461.0
E02002563,Darlington 005,E06000005,Darlington,5660.25
E02002564,Darlington 006,E06000005,Darlington,7403.0
E02002567,Darlington 009,E06000005,Darlington,5318.6
E02002568,Darlington 010,E06000005,Darlington,17600.25
E02002569,Darlington 011,E06000005,Darlington,23498.8
E02002570,Darlington 012,E06000005,Darlington,2095.8
E02002571,Darlington 013,E06000005,Darlington,8247.333333333334
E02002572,Darlington 014,E06000005,Darlington,4497.0
E02002573,Darlington 015,E06000005,Darlington,14672.8
E02002574,Halton 001,E06000006,Halton,20819.5
E02002575,Halton 002,E06000006,Halton,18161.8
E02002576,Halton 003,E06000006,Halton,6384.8
E02002577,Halton 004,E06000006,Halton,2499.2
E02002578,Halton 005,E06000006,Halton,7895.6
E02002579,Halton 006,E06000006,Halton,5242.2
E02002580,Halton 007,E06000006,Halton,1014.5
E02002581,Halton 008,E06000006,Halton,9747.75
E02002582,Halton 009,E06000006,Halton,18120.2
E02002583,Halton 010,E06000006,Halton,1108.2
E02002584,Halton 011,E06000006,Halton,6796.0
E02002585,Halton 012,E06000006,Halton,4211.571428571428
E02002586,Halton 013,E06000006,Halton,1212.3333333333333
E02002587,Halton 014,E06000006,Halton,3588.4
E02002588,Halton 015,E06000006,Halton,1418.0
E02002589,Halton 016,E06000006,Halton,15444.0
E02002590,Warrington 001,E06000007,Warrington,26547.25
E02002591,Warrington 002,E06000007,Warrington,19102.25
E02002592,Warrington 003,E06000007,Warrington,9608.0
E02002593,Warrington 004,E06000007,Warrington,10039.5
E02002594,Warrington 005,E06000007,Warrington,8796.75
E02002595,Warrington 006,E06000007,Warrington,5365.2
E02002596,Warrington 007,E06000007,Warrington,14902.333333333334
E02002597,Warrington 008,E06000007,Warrington,4909.333333333333
E02002598,Warrington 009,E06000007,Warrington,23315.571428571428
E02002599,Warrington 010,E06000007,Warrington,17021.714285714286
E02002600,Warrington 011,E06000007,Warrington,8624.5
E02002601,Warrington 012,E06000007,Warrington,19698.4
E02002602,Warrington 013,E06000007,Warrington,4325.25
E02002603,Warrington 014,E06000007,Warrington,21786.0
E02002604,Warrington 015,E06000007,Warrington,20879.8
E02002605,Warrington 016,E06000007,Warrington,16509.833333333332
E02002606,Warrington 017,E06000007,Warrington,5994.666666666667
E02002607,Warrington 018,E06000007,Warrington,10361.333333333334
E02002608,Warrington 019,E06000007,Warrington,19077.833333333332
E02002609,Warrington 020,E06000007,Warrington,8777.0
E02002610,Warrington 021,E06000007,Warrington,27358.14285714286
E02002611,Warrington 022,E06000007,Warrington,27767.8
E02002612,Warrington 023,E06000007,Warrington,24791.0
E02002613,Warrington 024,E06000007,Warrington,30102.75
E02002614,Warrington 025,E06000007,Warrington,29274.25
E02002615,Blackburn with Darwen 001,E06000008,Blackburn with Darwen,12237.0
E02002616,Blackburn with Darwen 002,E06000008,Blackburn with Darwen,16419.8
E02002617,Blackburn with Darwen 003,E06000008,Blackburn with Darwen,6530.4
E02002618,Blackburn with Darwen 004,E06000008,Blackburn with Darwen,9065.5
E02002619,Blackburn with Darwen 005,E06000008,Blackburn with Darwen,3131.2
E02002620,Blackburn with Darwen 006,E06000008,Blackburn with Darwen,4208.4
E02002621,Blackburn with Darwen 007,E06000008,Blackburn with Darwen,5764.4
E02002622,Blackburn with Darwen 008,E06000008,Blackburn with Darwen,2611.3333333333335
E02002623,Blackburn with Darwen 009,E06000008,Blackburn with Darwen,2030.6666666666667
E02002624,Blackburn with Darwen 010,E06000008,Blackburn with Darwen,19318.5
E02002625,Blackburn with Darwen 011,E06000008,Blackburn with Darwen,4802.666666666667
E02002626,Blackburn with Darwen 012,E06000008,Blackburn with Darwen,4481.6
E02002627,Blackburn with Darwen 013,E06000008,Blackburn with Darwen,14255.75
E02002628,Blackburn with Darwen 014,E06000008,Blackburn with Darwen,5637.8
E02002629,Blackburn with Darwen 015,E06000008,Blackburn with Darwen,2786.25
E02002630,Blackburn with Darwen 016,E06000008,Blackburn with Darwen,5008.25
E02002631,Blackburn with Darwen 017,E06000008,Blackburn with Darwen,11667.666666666666
E02002632,Blackburn with Darwen 018,E06000008,Blackburn with Darwen,25573.25
E02002633,Blackpool 001,E06000009,Blackpool,7057.4
E02002634,Blackpool 002,E06000009,Blackpool,4593.6
E02002635,Blackpool 003,E06000009,Blackpool,6476.2
E02002636,Blackpool 004,E06000009,Blackpool,4077.0
E02002637,Blackpool 005,E06000009,Blackpool,6043.0
E02002638,Blackpool 006,E06000009,Blackpool,275.0
E02002639,Blackpool 007,E06000009,Blackpool,305.0
E02002640,Blackpool 008,E06000009,Blackpool,185.2
E02002641,Blackpool 009,E06000009,Blackpool,5010.833333333333
E02002642,Blackpool 010,E06000009,Blackpool,55.2
E02002643,Blackpool 011,E06000009,Blackpool,1334.0
E02002644,Blackpool 012,E06000009,Blackpool,5468.4
E02002645,Blackpool 013,E06000009,Blackpool,48.75
E02002646,Blackpool 014,E06000009,Blackpool,2065.2
E02002647,Blackpool 015,E06000009,Blackpool,956.4
E02002648,Blackpool 016,E06000009,Blackpool,2044.6
E02002649,Blackpool 017,E06000009,Blackpool,3011.6666666666665
E02002650,Blackpool 018,E06000009,Blackpool,5642.2
E02002651,Blackpool 019,E06000009,Blackpool,4416.8
E02002653,Kingston upon Hull 002,E06000010,"Kingston upon Hull, City of",2469.0
E02002654,Kingston upon Hull 003,E06000010,"Kingston upon Hull, City of",2144.0
E02002655,Kingston upon Hull 004,E06000010,"Kingston upon Hull, City of",2677.6666666666665
E02002656,Kingston upon Hull 005,E06000010,"Kingston upon Hull, City of",15144.5
E02002657,Kingston upon Hull 006,E06000010,"Kingston upon Hull, City of",13710.0
E02002658,Kingston upon Hull 007,E06000010,"Kingston upon Hull, City of",13423.8
E02002659,Kingston upon Hull 008,E06000010,"Kingston upon Hull, City of",3089.714285714286
E02002660,Kingston upon Hull 009,E06000010,"Kingston upon Hull, City of",7013.8
E02002661,Kingston upon Hull 010,E06000010,"Kingston upon Hull, City of",6957.0
E02002662,Kingston upon Hull 011,E06000010,"Kingston upon Hull, City of",6179.25
E02002663,Kingston upon Hull 012,E06000010,"Kingston upon Hull, City of",15184.25
E02002664,Kingston upon Hull 013,E06000010,"Kingston upon Hull, City of",22007.4
E02002665,Kingston upon Hull 014,E06000010,"Kingston upon Hull, City of",18910.2
E02002666,Kingston upon Hull 015,E06000010,"Kingston upon Hull, City of",4862.6
E02002667,Kingston upon Hull 016,E06000010,"Kingston upon Hull, City of",11115.6
E02002668,Kingston upon Hull 017,E06000010,"Kingston upon Hull, City of",2126.0
E02002669,Kingston upon Hull 018,E06000010,"Kingston upon Hull, City of",10367.6
E02002670,Kingston upon Hull 019,E06000010,"Kingston upon Hull, City of",8226.2
E02002671,Kingston upon Hull 020,E06000010,"Kingston upon Hull, City of",7600.4
E02002672,Kingston upon Hull 021,E06000010,"Kingston upon Hull, City of",2143.6
E02002673,Kingston upon Hull 022,E06000010,"Kingston upon Hull, City of",10168.6
E02002674,Kingston upon Hull 023,E06000010,"Kingston upon Hull, City of",10916.4
E02002675,Kingston upon Hull 024,E06000010,"Kingston upon Hull, City of",1954.0
E02002676,Kingston upon Hull 025,E06000010,"Kingston upon Hull, City of",10186.4
E02002677,Kingston upon Hull 026,E06000010,"Kingston upon Hull, City of",6692.6
E02002678,Kingston upon Hull 027,E06000010,"Kingston upon Hull, City of",9065.6
E02002679,Kingston upon Hull 028,E06000010,"Kingston upon Hull, City of",13917.6
E02002680,Kingston upon Hull 029,E06000010,"Kingston upon Hull, City of",2141.6666666666665
E02002681,Kingston upon Hull 030,E06000010,"Kingston upon Hull, City of",3460.2
E02002682,Kingston upon Hull 031,E06000010,"Kingston upon Hull, City of",6262.0
E02002684,East Riding of Yorkshire 001,E06000011,East Riding of Yorkshire,16192.285714285714
E02002685,East Riding of Yorkshire 002,E06000011,East Riding of Yorkshire,19764.4
E02002686,East Riding of Yorkshire 003,E06000011,East Riding of Yorkshire,2410.6
E02002687,East Riding of Yorkshire 004,E06000011,East Riding of Yorkshire,6017.25
E02002688,East Riding of Yorkshire 005,E06000011,East Riding of Yorkshire,4758.75
E02002689,East Riding of Yorkshire 006,E06000011,East Riding of Yorkshire,18010.25
E02002691,East Riding of Yorkshire 008,E06000011,East Riding of Yorkshire,24426.6
E02002692,East Riding of Yorkshire 009,E06000011,East Riding of Yorkshire,28847.6
E02002693,East Riding of Yorkshire 010,E06000011,East Riding of Yorkshire,23691.75
E02002694,East Riding of Yorkshire 011,E06000011,East Riding of Yorkshire,23039.625
E02002695,East Riding of Yorkshire 012,E06000011,East Riding of Yorkshire,12156.6
E02002696,East Riding of Yorkshire 013,E06000011,East Riding of Yorkshire,28831.75
E02002697,East Riding of Yorkshire 014,E06000011,East Riding of Yorkshire,27932.25
E02002698,East Riding of Yorkshire 015,E06000011,East Riding of Yorkshire,22898.75
E02002699,East Riding of Yorkshire 016,E06000011,East Riding of Yorkshire,28069.0
E02002700,East Riding of Yorkshire 017,E06000011,East Riding of Yorkshire,11386.75
E02002701,East Riding of Yorkshire 018,E06000011,East Riding of Yorkshire,28092.2
E02002702,East Riding of Yorkshire 019,E06000011,East Riding of Yorkshire,21072.833333333332
E02002703,East Riding of Yorkshire 020,E06000011,East Riding of Yorkshire,28030.833333333332
E02002704,East Riding of Yorkshire 021,E06000011,East Riding of Yorkshire,23323.0
E02002705,East Riding of Yorkshire 022,E06000011,East Riding of Yorkshire,22054.0
E02002706,East Riding of Yorkshire 023,E06000011,East Riding of Yorkshire,22848.2
E02002707,East Riding of Yorkshire 024,E06000011,East Riding of Yorkshire,29220.5
E02002708,East Riding of Yorkshire 025,E06000011,East Riding of Yorkshire,18760.75
E02002709,East Riding of Yorkshire 026,E06000011,East Riding of Yorkshire,21505.0
E02002710,East Riding of Yorkshire 027,E06000011,East Riding of Yorkshire,27883.0
E02002711,East Riding of Yorkshire 028,E06000011,East Riding of Yorkshire,30438.6
E02002712,East Riding of Yorkshire 029,E06000011,East Riding of Yorkshire,18258.4
E02002714,East Riding of Yorkshire 031,E06000011,East Riding of Yorkshire,20920.6
E02002715,East Riding of Yorkshire 032,E06000011,East Riding of Yorkshire,27584.75
E02002716,East Riding of Yorkshire 033,E06000011,East Riding of Yorkshire,21408.6
E02002717,East Riding of Yorkshire 034,E06000011,East Riding of Yorkshire,18459.4
E02002718,East Riding of Yorkshire 035,E06000011,East Riding of Yorkshire,31054.4
E02002719,East Riding of Yorkshire 036,E06000011,East Riding of Yorkshire,25694.0
E02002720,East Riding of Yorkshire 037,E06000011,East Riding of Yorkshire,27367.25
E02002721,East Riding of Yorkshire 038,E06000011,East Riding of Yorkshire,19993.75
E02002722,East Riding of Yorkshire 039,E06000011,East Riding of Yorkshire,8649.666666666666
E02002723,East Riding of Yorkshire 040,E06000011,East Riding of Yorkshire,15350.0
E02002724,East Riding of Yorkshire 041,E06000011,East Riding of Yorkshire,11411.4
E02002725,East Riding of Yorkshire 042,E06000011,East Riding of Yorkshire,23556.5
E02002726,North East Lincolnshire 001,E06000012,North East Lincolnshire,10912.0
E02002727,North East Lincolnshire 002,E06000012,North East Lincolnshire,505.0
E02002728,North East Lincolnshire 003,E06000012,North East Lincolnshire,3848.4
E02002729,North East Lincolnshire 004,E06000012,North East Lincolnshire,14115.5
E02002730,North East Lincolnshire 005,E06000012,North East Lincolnshire,4509.0
E02002731,North East Lincolnshire 006,E06000012,North East Lincolnshire,4556.25
E02002732,North East Lincolnshire 007,E06000012,North East Lincolnshire,19031.4
E02002733,North East Lincolnshire 008,E06000012,North East Lincolnshire,13093.25
E02002734,North East Lincolnshire 009,E06000012,North East Lincolnshire,12310.666666666666
E02002736,North East Lincolnshire 011,E06000012,North East Lincolnshire,3715.0
E02002737,North East Lincolnshire 012,E06000012,North East Lincolnshire,15201.8
E02002738,North East Lincolnshire 013,E06000012,North East Lincolnshire,15850.2
E02002739,North East Lincolnshire 014,E06000012,North East Lincolnshire,10042.25
E02002740,North East Lincolnshire 015,E06000012,North East Lincolnshire,8039.75
E02002741,North East Lincolnshire 016,E06000012,North East Lincolnshire,14627.166666666666
E02002743,North East Lincolnshire 018,E06000012,North East Lincolnshire,11057.25
E02002744,North East Lincolnshire 019,E06000012,North East Lincolnshire,2302.2
E02002745,North East Lincolnshire 020,E06000012,North East Lincolnshire,22117.5
E02002746,North East Lincolnshire 021,E06000012,North East Lincolnshire,21510.833333333332
E02002747,North East Lincolnshire 022,E06000012,North East Lincolnshire,22681.166666666668
E02002748,North East Lincolnshire 023,E06000012,North East Lincolnshire,20508.166666666668
E02002749,North Lincolnshire 001,E06000013,North Lincolnshire,16566.0
E02002750,North Lincolnshire 002,E06000013,North Lincolnshire,20718.5
E02002751,North Lincolnshire 003,E06000013,North Lincolnshire,15245.25
E02002752,North Lincolnshire 004,E06000013,North Lincolnshire,15525.25
E02002753,North Lincolnshire 005,E06000013,North Lincolnshire,15738.6
E02002754,North Lincolnshire 006,E06000013,North Lincolnshire,15364.6
E02002755,North Lincolnshire 007,E06000013,North Lincolnshire,6941.75
E02002756,North Lincolnshire 008,E06000013,North Lincolnshire,5559.6
E02002757,North Lincolnshire 009,E06000013,North Lincolnshire,15362.75
E02002758,North Lincolnshire 010,E06000013,North Lincolnshire,9522.25
E02002759,North Lincolnshire 011,E06000013,North Lincolnshire,16417.5
E02002760,North Lincolnshire 012,E06000013,North Lincolnshire,13658.75
E02002761,North Lincolnshire 013,E06000013,North Lincolnshire,16749.75
E02002762,North Lincolnshire 014,E06000013,North Lincolnshire,8013.75
E02002763,North Lincolnshire 015,E06000013,North Lincolnshire,6971.833333333333
E02002764,North Lincolnshire 016,E06000013,North Lincolnshire,7019.5
E02002765,North Lincolnshire 017,E06000013,North Lincolnshire,7120.25
E02002766,North Lincolnshire 018,E06000013,North Lincolnshire,15548.0
E02002767,North Lincolnshire 019,E06000013,North Lincolnshire,21085.0
E02002768,North Lincolnshire 020,E06000013,North Lincolnshire,21113.75
E02002769,North Lincolnshire 021,E06000013,North Lincolnshire,20519.75
E02002770,North Lincolnshire 022,E06000013,North Lincolnshire,18441.25
E02002771,North Lincolnshire 023,E06000013,North Lincolnshire,21438.0
E02002772,York 001,E06000014,York,27149.0
E02002773,York 002,E06000014,York,21040.0
E02002774,York 003,E06000014,York,26429.0
E02002775,York 004,E06000014,York,15468.25
E02002776,York 005,E06000014,York,21994.25
E02002777,York 006,E06000014,York,22030.0
E02002778,York 007,E06000014,York,26129.4
E02002779,York 008,E06000014,York,22352.571428571428
E02002780,York 009,E06000014,York,9202.8
E02002781,York 010,E06000014,York,14315.8
E02002782,York 011,E06000014,York,27909.5
E02002783,York 012,E06000014,York,20255.833333333332
E02002784,York 013,E06000014,York,8559.857142857143
E02002785,York 014,E06000014,York,26543.0
E02002786,York 015,E06000014,York,12980.0
E02002787,York 016,E06000014,York,14062.333333333334
E02002788,York 017,E06000014,York,21205.8
E02002789,York 018,E06000014,York,7750.333333333333
E02002790,York 019,E06000014,York,18940.5
E02002791,York 020,E06000014,York,28572.75
E02002792,York 021,E06000014,York,28197.0
E02002793,York 022,E06000014,York,18959.5
E02002794,York 023,E06000014,York,26333.25
E02002795,York 024,E06000014,York,28062.0
E02002796,Derby 001,E06000015,Derby,24806.0
E02002797,Derby 002,E06000015,Derby,25093.6
E02002798,Derby 003,E06000015,Derby,22213.85714285714
E02002799,Derby 004,E06000015,Derby,6281.0
E02002800,Derby 005,E06000015,Derby,20562.5
E02002801,Derby 006,E06000015,Derby,10666.0
E02002802,Derby 007,E06000015,Derby,2899.8
E02002803,Derby 008,E06000015,Derby,5080.75
E02002804,Derby 009,E06000015,Derby,6833.4
E02002805,Derby 010,E06000015,Derby,16771.0
E02002806,Derby 011,E06000015,Derby,5252.75
E02002807,Derby 012,E06000015,Derby,11697.5
E02002808,Derby 013,E06000015,Derby,3638.4285714285716
E02002809,Derby 014,E06000015,Derby,8894.0
E02002810,Derby 015,E06000015,Derby,22664.8
E02002811,Derby 016,E06000015,Derby,4946.8
E02002812,Derby 017,E06000015,Derby,11484.0
E02002813,Derby 018,E06000015,Derby,3410.5
E02002814,Derby 019,E06000015,Derby,18268.6
E02002815,Derby 020,E06000015,Derby,9396.0
E02002816,Derby 021,E06000015,Derby,22589.0
E02002817,Derby 022,E06000015,Derby,18422.5
E02002818,Derby 023,E06000015,Derby,4816.25
E02002819,Derby 024,E06000015,Derby,6357.4
E02002820,Derby 025,E06000015,Derby,6800.333333333333
E02002821,Derby 026,E06000015,Derby,4485.166666666667
E02002822,Derby 027,E06000015,Derby,13699.5
E02002823,Derby 028,E06000015,Derby,7394.2
E02002824,Derby 029,E06000015,Derby,8952.166666666666
E02002825,Derby 030,E06000015,Derby,13637.166666666666
E02002826,Derby 031,E06000015,Derby,18142.25
E02002827,Leicester 001,E06000016,Leicester,9304.75
E02002828,Leicester 002,E06000016,Leicester,17288.4
E02002829,Leicester 003,E06000016,Leicester,5305.333333333333
E02002830,Leicester 004,E06000016,Leicester,7369.4
E02002831,Leicester 005,E06000016,Leicester,16957.25
E02002832,Leicester 006,E06000016,Leicester,17244.5
E02002833,Leicester 007,E06000016,Leicester,18728.8
E02002834,Leicester 008,E06000016,Leicester,19728.714285714286
E02002836,Leicester 010,E06000016,Leicester,18382.166666666668
E02002837,Leicester 011,E06000016,Leicester,11814.0
E02002838,Leicester 012,E06000016,Leicester,3871.0
E02002839,Leicester 013,E06000016,Leicester,12646.8
E02002842,Leicester 016,E06000016,Leicester,9126.0
E02002843,Leicester 017,E06000016,Leicester,18489.0
E02002844,Leicester 018,E06000016,Leicester,10735.166666666666
E02002845,Leicester 019,E06000016,Leicester,9614.666666666666
E02002846,Leicester 020,E06000016,Leicester,18887.2
E02002847,Leicester 021,E06000016,Leicester,19140.166666666668
E02002848,Leicester 022,E06000016,Leicester,11832.333333333334
E02002849,Leicester 023,E06000016,Leicester,10225.875
E02002851,Leicester 025,E06000016,Leicester,21899.6
E02002852,Leicester 026,E06000016,Leicester,3037.0
E02002853,Leicester 027,E06000016,Leicester,19791.85714285714
E02002854,Leicester 028,E06000016,Leicester,4695.2
E02002855,Leicester 029,E06000016,Leicester,18210.6
E02002856,Leicester 030,E06000016,Leicester,18338.85714285714
E02002857,Leicester 031,E06000016,Leicester,7158.75
E02002858,Leicester 032,E06000016,Leicester,24592.0
E02002860,Leicester 034,E06000016,Leicester,12239.8
E02002861,Leicester 035,E06000016,Leicester,2239.8
E02002862,Leicester 036,E06000016,Leicester,3711.4
E02002863,Rutland 001,E06000017,Rutland,30525.75
E02002864,Rutland 002,E06000017,Rutland,24666.5
E02002865,Rutland 003,E06000017,Rutland,26063.8
E02002866,Rutland 004,E06000017,Rutland,29505.0
E02002867,Rutland 005,E06000017,Rutland,29641.666666666668
E02002868,Nottingham 001,E06000018,Nottingham,10833.25
E02002869,Nottingham 002,E06000018,Nottingham,2384.2
E02002871,Nottingham 004,E06000018,Nottingham,6503.8
E02002872,Nottingham 005,E06000018,Nottingham,3495.3333333333335
E02002873,Nottingham 006,E06000018,Nottingham,4104.833333333333
E02002874,Nottingham 007,E06000018,Nottingham,5365.6
E02002875,Nottingham 008,E06000018,Nottingham,4526.2
E02002876,Nottingham 009,E06000018,Nottingham,7662.2
E02002877,Nottingham 010,E06000018,Nottingham,9491.4
E02002878,Nottingham 011,E06000018,Nottingham,2649.6
E02002879,Nottingham 012,E06000018,Nottingham,13438.8
E02002880,Nottingham 013,E06000018,Nottingham,4311.4
E02002881,Nottingham 014,E06000018,Nottingham,3454.75
E02002882,Nottingham 015,E06000018,Nottingham,12468.0
E02002883,Nottingham 016,E06000018,Nottingham,5213.5
E02002884,Nottingham 017,E06000018,Nottingham,5481.0
E02002885,Nottingham 018,E06000018,Nottingham,2608.0
E02002886,Nottingham 019,E06000018,Nottingham,10648.8
E02002887,Nottingham 020,E06000018,Nottingham,2470.25
E02002888,Nottingham 021,E06000018,Nottingham,2459.5
E02002889,Nottingham 022,E06000018,Nottingham,3115.25
E02002890,Nottingham 023,E06000018,Nottingham,1859.0
E02002891,Nottingham 024,E06000018,Nottingham,9185.8
E02002892,Nottingham 025,E06000018,Nottingham,4788.25
E02002893,Nottingham 026,E06000018,Nottingham,5609.714285714285
E02002895,Nottingham 028,E06000018,Nottingham,18189.0
E02002896,Nottingham 029,E06000018,Nottingham,3208.6
E02002897,Nottingham 030,E06000018,Nottingham,23228.6
E02002898,Nottingham 031,E06000018,Nottingham,11113.6
E02002901,Nottingham 034,E06000018,Nottingham,17236.0
E02002902,Nottingham 035,E06000018,Nottingham,5684.666666666667
E02002903,Nottingham 036,E06000018,Nottingham,5948.75
E02002904,Nottingham 037,E06000018,Nottingham,4822.5
E02002905,Herefordshire 001,E06000019,"Herefordshire, County of",26817.5
E02002906,Herefordshire 002,E06000019,"Herefordshire, County of",15395.5
E02002907,Herefordshire 003,E06000019,"Herefordshire, County of",13073.25
E02002908,Herefordshire 004,E06000019,"Herefordshire, County of",24702.333333333332
E02002909,Herefordshire 005,E06000019,"Herefordshire, County of",20900.0
E02002910,Herefordshire 006,E06000019,"Herefordshire, County of",23273.4
E02002911,Herefordshire 007,E06000019,"Herefordshire, County of",21439.333333333332
E02002912,Herefordshire 008,E06000019,"Herefordshire, County of",25042.5
E02002913,Herefordshire 009,E06000019,"Herefordshire, County of",23517.75
E02002914,Herefordshire 010,E06000019,"Herefordshire, County of",17119.666666666668
E02002915,Herefordshire 011,E06000019,"Herefordshire, County of",20000.8
E02002916,Herefordshire 012,E06000019,"Herefordshire, County of",10828.333333333334
E02002917,Herefordshire 013,E06000019,"Herefordshire, County of",18256.0
E02002918,Herefordshire 014,E06000019,"Herefordshire, County of",21322.25
E02002919,Herefordshire 015,E06000019,"Herefordshire, County of",10448.8
E02002920,Herefordshire 016,E06000019,"Herefordshire, County of",21932.75
E02002921,Herefordshire 017,E06000019,"Herefordshire, County of",7745.8
E02002922,Herefordshire 018,E06000019,"Herefordshire, County of",27471.5
E02002923,Herefordshire 019,E06000019,"Herefordshire, County of",22345.333333333332
E02002924,Herefordshire 020,E06000019,"Herefordshire, County of",26577.5
E02002925,Herefordshire 021,E06000019,"Herefordshire, County of",23543.833333333332
E02002926,Herefordshire 022,E06000019,"Herefordshire, County of",17553.14285714286
E02002927,Herefordshire 023,E06000019,"Herefordshire, County of",27695.14285714286
E02002928,Telford and Wrekin 001,E06000020,Telford and Wrekin,18813.5
E02002929,Telford and Wrekin 002,E06000020,Telford and Wrekin,24814.25
E02002930,Telford and Wrekin 003,E06000020,Telford and Wrekin,19655.75
E02002931,Telford and Wrekin 004,E06000020,Telford and Wrekin,20297.75
E02002932,Telford and Wrekin 005,E06000020,Telford and Wrekin,6610.4
E02002933,Telford and Wrekin 006,E06000020,Telford and Wrekin,13981.666666666666
E02002934,Telford and Wrekin 007,E06000020,Telford and Wrekin,11453.5
E02002935,Telford and Wrekin 008,E06000020,Telford and Wrekin,8414.0
E02002936,Telford and Wrekin 009,E06000020,Telford and Wrekin,7984.571428571428
E02002937,Telford and Wrekin 010,E06000020,Telford and Wrekin,18267.5
E02002938,Telford and Wrekin 011,E06000020,Telford and Wrekin,8490.75
E02002939,Telford and Wrekin 012,E06000020,Telford and Wrekin,10475.75
E02002940,Telford and Wrekin 013,E06000020,Telford and Wrekin,11190.25
E02002941,Telford and Wrekin 014,E06000020,Telford and Wrekin,7908.833333333333
E02002942,Telford and Wrekin 015,E06000020,Telford and Wrekin,18251.0
E02002944,Telford and Wrekin 017,E06000020,Telford and Wrekin,3893.4
E02002945,Telford and Wrekin 018,E06000020,Telford and Wrekin,8626.5
E02002946,Telford and Wrekin 019,E06000020,Telford and Wrekin,7593.2
E02002947,Telford and Wrekin 020,E06000020,Telford and Wrekin,7566.8
E02002948,Telford and Wrekin 021,E06000020,Telford and Wrekin,2484.2
E02002949,Telford and Wrekin 022,E06000020,Telford and Wrekin,9566.75
E02002950,Telford and Wrekin 023,E06000020,Telford and Wrekin,5287.75
E02002951,Stoke-on-Trent 001,E06000021,Stoke-on-Trent,7895.4
E02002952,Stoke-on-Trent 002,E06000021,Stoke-on-Trent,6042.0
E02002953,Stoke-on-Trent 003,E06000021,Stoke-on-Trent,5682.0
E02002954,Stoke-on-Trent 004,E06000021,Stoke-on-Trent,5759.8
E02002955,Stoke-on-Trent 005,E06000021,Stoke-on-Trent,3828.5
E02002956,Stoke-on-Trent 006,E06000021,Stoke-on-Trent,4293.833333333333
E02002957,Stoke-on-Trent 007,E06000021,Stoke-on-Trent,15651.333333333334
E02002958,Stoke-on-Trent 008,E06000021,Stoke-on-Trent,7873.6
E02002959,Stoke-on-Trent 009,E06000021,Stoke-on-Trent,2989.8333333333335
E02002960,Stoke-on-Trent 010,E06000021,Stoke-on-Trent,11013.25
E02002961,Stoke-on-Trent 011,E06000021,Stoke-on-Trent,4401.75
E02002962,Stoke-on-Trent 012,E06000021,Stoke-on-Trent,1824.2
E02002963,Stoke-on-Trent 013,E06000021,Stoke-on-Trent,3807.2
E02002964,Stoke-on-Trent 014,E06000021,Stoke-on-Trent,6570.166666666667
E02002965,Stoke-on-Trent 015,E06000021,Stoke-on-Trent,3150.5
E02002966,Stoke-on-Trent 016,E06000021,Stoke-on-Trent,5021.714285714285
E02002967,Stoke-on-Trent 017,E06000021,Stoke-on-Trent,933.0
E02002968,Stoke-on-Trent 018,E06000021,Stoke-on-Trent,9747.833333333334
E02002969,Stoke-on-Trent 019,E06000021,Stoke-on-Trent,5510.6
E02002970,Stoke-on-Trent 020,E06000021,Stoke-on-Trent,3638.0
E02002973,Stoke-on-Trent 023,E06000021,Stoke-on-Trent,7088.4
E02002974,Stoke-on-Trent 024,E06000021,Stoke-on-Trent,7561.25
E02002975,Stoke-on-Trent 025,E06000021,Stoke-on-Trent,12585.0
E02002976,Stoke-on-Trent 026,E06000021,Stoke-on-Trent,7070.75
E02002977,Stoke-on-Trent 027,E06000021,Stoke-on-Trent,3289.75
E02002978,Stoke-on-Trent 028,E06000021,Stoke-on-Trent,3466.0
E02002979,Stoke-on-Trent 029,E06000021,Stoke-on-Trent,4612.5
E02002980,Stoke-on-Trent 030,E06000021,Stoke-on-Trent,14136.25
E02002981,Stoke-on-Trent 031,E06000021,Stoke-on-Trent,8195.4
E02002982,Stoke-on-Trent 032,E06000021,Stoke-on-Trent,4361.4
E02002983,Stoke-on-Trent 033,E06000021,Stoke-on-Trent,15487.25
E02002984,Stoke-on-Trent 034,E06000021,Stoke-on-Trent,16259.25
E02002985,Bath and North East Somerset 001,E06000022,Bath and North East Somerset,21337.0
E02002986,Bath and North East Somerset 002,E06000022,Bath and North East Somerset,15165.0
E02002987,Bath and North East Somerset 003,E06000022,Bath and North East Somerset,29342.0
E02002988,Bath and North East Somerset 004,E06000022,Bath and North East Somerset,25698.666666666668
E02002989,Bath and North East Somerset 005,E06000022,Bath and North East Somerset,21666.5
E02002990,Bath and North East Somerset 006,E06000022,Bath and North East Somerset,26549.25
E02002991,Bath and North East Somerset 007,E06000022,Bath and North East Somerset,20842.666666666668
E02002992,Bath and North East Somerset 008,E06000022,Bath and North East Somerset,26150.25
E02002993,Bath and North East Somerset 009,E06000022,Bath and North East Somerset,22002.666666666668
E02002994,Bath and North East Somerset 010,E06000022,Bath and North East Somerset,30720.85714285714
E02002995,Bath and North East Somerset 011,E06000022,Bath and North East Somerset,6935.0
E02002996,Bath and North East Somerset 012,E06000022,Bath and North East Somerset,29925.5
E02002997,Bath and North East Somerset 013,E06000022,Bath and North East Somerset,25212.4
E02002998,Bath and North East Somerset 014,E06000022,Bath and North East Somerset,21575.5
E02002999,Bath and North East Somerset 015,E06000022,Bath and North East Somerset,19305.5
E02003000,Bath and North East Somerset 016,E06000022,Bath and North East Somerset,26028.571428571428
E02003001,Bath and North East Somerset 017,E06000022,Bath and North East Somerset,28549.333333333332
E02003002,Bath and North East Somerset 018,E06000022,Bath and North East Somerset,22000.0
E02003003,Bath and North East Somerset 019,E06000022,Bath and North East Somerset,20314.5
E02003004,Bath and North East Somerset 020,E06000022,Bath and North East Somerset,24732.0
E02003005,Bath and North East Somerset 021,E06000022,Bath and North East Somerset,31200.75
E02003006,Bath and North East Somerset 022,E06000022,Bath and North East Somerset,24883.0
E02003007,Bath and North East Somerset 023,E06000022,Bath and North East Somerset,24337.4
E02003008,Bath and North East Somerset 024,E06000022,Bath and North East Somerset,16283.5
E02003009,Bath and North East Somerset 025,E06000022,Bath and North East Somerset,25389.75
E02003010,Bath and North East Somerset 026,E06000022,Bath and North East Somerset,18651.25
E02003011,Bath and North East Somerset 027,E06000022,Bath and North East Somerset,20202.666666666668
E02003012,Bristol 001,E06000023,"Bristol, City of",9999.0
E02003013,Bristol 002,E06000023,"Bristol, City of",8318.142857142857
E02003014,Bristol 003,E06000023,"Bristol, City of",5071.8
E02003015,Bristol 004,E06000023,"Bristol, City of",14670.25
E02003016,Bristol 005,E06000023,"Bristol, City of",11657.5
E02003017,Bristol 006,E06000023,"Bristol, City of",23716.5
E02003018,Bristol 007,E06000023,"Bristol, City of",13409.25
E02003019,Bristol 008,E06000023,"Bristol, City of",10347.833333333334
E02003020,Bristol 009,E06000023,"Bristol, City of",29998.0
E02003021,Bristol 010,E06000023,"Bristol, City of",18898.0
E02003022,Bristol 011,E06000023,"Bristol, City of",31851.75
E02003023,Bristol 012,E06000023,"Bristol, City of",14578.5
E02003024,Bristol 013,E06000023,"Bristol, City of",10340.4
E02003025,Bristol 014,E06000023,"Bristol, City of",8472.25
E02003026,Bristol 015,E06000023,"Bristol, City of",29937.833333333332
E02003027,Bristol 016,E06000023,"Bristol, City of",22989.0
E02003028,Bristol 017,E06000023,"Bristol, City of",27753.8
E02003029,Bristol 018,E06000023,"Bristol, City of",9673.25
E02003030,Bristol 019,E06000023,"Bristol, City of",13404.25
E02003031,Bristol 020,E06000023,"Bristol, City of",25881.833333333332
E02003032,Bristol 021,E06000023,"Bristol, City of",11703.0
E02003033,Bristol 022,E06000023,"Bristol, City of",24486.4
E02003036,Bristol 025,E06000023,"Bristol, City of",15335.0
E02003037,Bristol 026,E06000023,"Bristol, City of",28199.4
E02003038,Bristol 027,E06000023,"Bristol, City of",11095.5
E02003039,Bristol 028,E06000023,"Bristol, City of",8348.0
E02003040,Bristol 029,E06000023,"Bristol, City of",8523.2
E02003041,Bristol 030,E06000023,"Bristol, City of",31325.5
E02003044,Bristol 033,E06000023,"Bristol, City of",19428.25
E02003045,Bristol 034,E06000023,"Bristol, City of",16459.75
E02003046,Bristol 035,E06000023,"Bristol, City of",13790.833333333334
E02003047,Bristol 036,E06000023,"Bristol, City of",17680.333333333332
E02003048,Bristol 037,E06000023,"Bristol, City of",12394.5
E02003049,Bristol 038,E06000023,"Bristol, City of",12971.8
E02003050,Bristol 039,E06000023,"Bristol, City of",7175.5
E02003051,Bristol 040,E06000023,"Bristol, City of",16139.5
E02003052,Bristol 041,E06000023,"Bristol, City of",17917.75
E02003053,Bristol 042,E06000023,"Bristol, City of",18518.4
E02003054,Bristol 043,E06000023,"Bristol, City of",15480.0
E02003055,Bristol 044,E06000023,"Bristol, City of",6309.6
E02003056,Bristol 045,E06000023,"Bristol, City of",4096.6
E02003057,Bristol 046,E06000023,"Bristol, City of",17278.75
E02003058,Bristol 047,E06000023,"Bristol, City of",10496.5
E02003059,Bristol 048,E06000023,"Bristol, City of",14388.0
E02003060,Bristol 049,E06000023,"Bristol, City of",13643.142857142857
E02003061,Bristol 050,E06000023,"Bristol, City of",3397.5
E02003062,Bristol 051,E06000023,"Bristol, City of",2680.0
E02003063,Bristol 052,E06000023,"Bristol, City of",19520.8
E02003064,Bristol 053,E06000023,"Bristol, City of",1280.75
E02003065,North Somerset 001,E06000024,North Somerset,26081.666666666668
E02003066,North Somerset 002,E06000024,North Somerset,30904.5
E02003067,North Somerset 003,E06000024,North Somerset,24371.0
E02003068,North Somerset 004,E06000024,North Somerset,25914.25
E02003069,North Somerset 005,E06000024,North Somerset,30044.0
E02003070,North Somerset 006,E06000024,North Somerset,29912.428571428572
E02003071,North Somerset 007,E06000024,North Somerset,18193.2
E02003072,North Somerset 008,E06000024,North Somerset,24803.666666666668
E02003073,North Somerset 009,E06000024,North Somerset,28943.0
E02003074,North Somerset 010,E06000024,North Somerset,25762.6
E02003075,North Somerset 011,E06000024,North Somerset,30572.25
E02003076,North Somerset 012,E06000024,North Somerset,25469.5
E02003077,North Somerset 013,E06000024,North Somerset,30560.25
E02003078,North Somerset 014,E06000024,North Somerset,22976.5
E02003079,North Somerset 015,E06000024,North Somerset,22630.714285714286
E02003080,North Somerset 016,E06000024,North Somerset,15559.166666666666
E02003081,North Somerset 017,E06000024,North Somerset,20729.333333333332
E02003082,North Somerset 018,E06000024,North Somerset,12716.166666666666
E02003084,North Somerset 020,E06000024,North Somerset,4980.166666666667
E02003085,North Somerset 021,E06000024,North Somerset,3999.4
E02003086,North Somerset 022,E06000024,North Somerset,11973.25
E02003087,North Somerset 023,E06000024,North Somerset,23194.14285714286
E02003088,North Somerset 024,E06000024,North Somerset,27100.833333333332
E02003089,North Somerset 025,E06000024,North Somerset,14069.5
E02003090,South Gloucestershire 001,E06000025,South Gloucestershire,22714.0
E02003091,South Gloucestershire 002,E06000025,South Gloucestershire,24062.5
E02003092,South Gloucestershire 003,E06000025,South Gloucestershire,29881.75
E02003093,South Gloucestershire 004,E06000025,South Gloucestershire,30270.0
E02003094,South Gloucestershire 005,E06000025,South Gloucestershire,26462.0
E02003095,South Gloucestershire 006,E06000025,South Gloucestershire,23445.6
E02003096,South Gloucestershire 007,E06000025,South Gloucestershire,21211.75
E02003097,South Gloucestershire 008,E06000025,South Gloucestershire,26383.75
E02003098,South Gloucestershire 009,E06000025,South Gloucestershire,29482.666666666668
E02003099,South Gloucestershire 010,E06000025,South Gloucestershire,20596.6
E02003101,South Gloucestershire 012,E06000025,South Gloucestershire,26841.666666666668
E02003102,South Gloucestershire 013,E06000025,South Gloucestershire,28891.25
E02003103,South Gloucestershire 014,E06000025,South Gloucestershire,22242.8
E02003104,South Gloucestershire 015,E06000025,South Gloucestershire,22522.6
E02003105,South Gloucestershire 016,E06000025,South Gloucestershire,26689.75
E02003107,South Gloucestershire 018,E06000025,South Gloucestershire,20092.714285714286
E02003108,South Gloucestershire 019,E06000025,South Gloucestershire,22858.875
E02003109,South Gloucestershire 020,E06000025,South Gloucestershire,30970.25
E02003110,South Gloucestershire 021,E06000025,South Gloucestershire,29654.571428571428
E02003111,South Gloucestershire 022,E06000025,South Gloucestershire,26419.0
E02003112,South Gloucestershire 023,E06000025,South Gloucestershire,16568.0
E02003113,South Gloucestershire 024,E06000025,South Gloucestershire,28928.333333333332
E02003114,South Gloucestershire 025,E06000025,South Gloucestershire,20951.2
E02003115,South Gloucestershire 026,E06000025,South Gloucestershire,16235.5
E02003116,South Gloucestershire 027,E06000025,South Gloucestershire,12148.4
E02003117,South Gloucestershire 028,E06000025,South Gloucestershire,17870.0
E02003118,South Gloucestershire 029,E06000025,South Gloucestershire,22586.5
E02003119,South Gloucestershire 030,E06000025,South Gloucestershire,20355.571428571428
E02003120,South Gloucestershire 031,E06000025,South Gloucestershire,23839.5
E02003121,South Gloucestershire 032,E06000025,South Gloucestershire,27236.85714285714
E02003122,Plymouth 001,E06000026,Plymouth,22020.75
E02003123,Plymouth 002,E06000026,Plymouth,8611.0
E02003124,Plymouth 003,E06000026,Plymouth,8141.4
E02003125,Plymouth 004,E06000026,Plymouth,6635.25
E02003126,Plymouth 005,E06000026,Plymouth,11382.4
E02003127,Plymouth 006,E06000026,Plymouth,6850.2
E02003128,Plymouth 007,E06000026,Plymouth,7260.0
E02003129,Plymouth 008,E06000026,Plymouth,15464.0
E02003130,Plymouth 009,E06000026,Plymouth,7296.0
E02003131,Plymouth 010,E06000026,Plymouth,10710.0
E02003132,Plymouth 011,E06000026,Plymouth,15915.6
E02003133,Plymouth 012,E06000026,Plymouth,15893.4
E02003134,Plymouth 013,E06000026,Plymouth,6469.6
E02003135,Plymouth 014,E06000026,Plymouth,3789.6
E02003136,Plymouth 015,E06000026,Plymouth,18647.8
E02003137,Plymouth 016,E06000026,Plymouth,21709.8
E02003138,Plymouth 017,E06000026,Plymouth,19744.0
E02003139,Plymouth 018,E06000026,Plymouth,23738.5
E02003140,Plymouth 019,E06000026,Plymouth,21861.6
E02003141,Plymouth 020,E06000026,Plymouth,7372.6
E02003142,Plymouth 021,E06000026,Plymouth,8187.666666666667
E02003143,Plymouth 022,E06000026,Plymouth,15797.4
E02003144,Plymouth 023,E06000026,Plymouth,6985.2
E02003145,Plymouth 024,E06000026,Plymouth,8676.5
E02003146,Plymouth 025,E06000026,Plymouth,11864.0
E02003147,Plymouth 026,E06000026,Plymouth,3389.6
E02003148,Plymouth 027,E06000026,Plymouth,4092.5
E02003149,Plymouth 028,E06000026,Plymouth,6601.0
E02003151,Plymouth 030,E06000026,Plymouth,20226.4
E02003152,Plymouth 031,E06000026,Plymouth,18294.0
E02003153,Plymouth 032,E06000026,Plymouth,19231.2
E02003154,Torbay 001,E06000027,Torbay,6033.8
E02003155,Torbay 002,E06000027,Torbay,7555.75
E02003156,Torbay 003,E06000027,Torbay,11563.285714285714
E02003157,Torbay 004,E06000027,Torbay,4883.5
E02003158,Torbay 005,E06000027,Torbay,7461.25
E02003159,Torbay 006,E06000027,Torbay,7436.75
E02003161,Torbay 008,E06000027,Torbay,2355.25
E02003163,Torbay 010,E06000027,Torbay,8706.8
E02003164,Torbay 011,E06000027,Torbay,13351.5
E02003165,Torbay 012,E06000027,Torbay,11591.8
E02003166,Torbay 013,E06000027,Torbay,7492.0
E02003167,Torbay 014,E06000027,Torbay,4292.333333333333
E02003168,Torbay 015,E06000027,Torbay,10204.4
E02003169,Torbay 016,E06000027,Torbay,17402.0
E02003170,Torbay 017,E06000027,Torbay,11338.42857142857
E02003171,Torbay 018,E06000027,Torbay,11144.4
E02003172,"Bournemouth, Christchurch and Poole 003",E06000058,"Bournemouth, Christchurch and Poole",10119.25
E02003173,"Bournemouth, Christchurch and Poole 005",E06000058,"Bournemouth, Christchurch and Poole",14000.0
E02003174,"Bournemouth, Christchurch and Poole 006",E06000058,"Bournemouth, Christchurch and Poole",21274.8
E02003175,"Bournemouth, Christchurch and Poole 007",E06000058,"Bournemouth, Christchurch and Poole",16955.166666666668
E02003176,"Bournemouth, Christchurch and Poole 010",E06000058,"Bournemouth, Christchurch and Poole",4412.4
E02003177,"Bournemouth, Christchurch and Poole 009",E06000058,"Bournemouth, Christchurch and Poole",25063.4
E02003178,"Bournemouth, Christchurch and Poole 011",E06000058,"Bournemouth, Christchurch and Poole",13226.8
E02003179,"Bournemouth, Christchurch and Poole 012",E06000058,"Bournemouth, Christchurch and Poole",9671.25
E02003180,"Bournemouth, Christchurch and Poole 015",E06000058,"Bournemouth, Christchurch and Poole",15504.2
E02003181,"Bournemouth, Christchurch and Poole 017",E06000058,"Bournemouth, Christchurch and Poole",21823.2
E02003182,"Bournemouth, Christchurch and Poole 020",E06000058,"Bournemouth, Christchurch and Poole",27545.0
E02003183,"Bournemouth, Christchurch and Poole 028",E06000058,"Bournemouth, Christchurch and Poole",21071.75
E02003184,"Bournemouth, Christchurch and Poole 027",E06000058,"Bournemouth, Christchurch and Poole",16969.0
E02003185,"Bournemouth, Christchurch and Poole 026",E06000058,"Bournemouth, Christchurch and Poole",18652.0
E02003186,"Bournemouth, Christchurch and Poole 025",E06000058,"Bournemouth, Christchurch and Poole",13184.4
E02003187,"Bournemouth, Christchurch and Poole 035",E06000058,"Bournemouth, Christchurch and Poole",15792.0
E02003188,"Bournemouth, Christchurch and Poole 038",E06000058,"Bournemouth, Christchurch and Poole",12869.375
E02003189,"Bournemouth, Christchurch and Poole 036",E06000058,"Bournemouth, Christchurch and Poole",19063.8
E02003190,"Bournemouth, Christchurch and Poole 037",E06000058,"Bournemouth, Christchurch and Poole",7213.714285714285
E02003191,"Bournemouth, Christchurch and Poole 039",E06000058,"Bournemouth, Christchurch and Poole",23662.8
E02003192,"Bournemouth, Christchurch and Poole 041",E06000058,"Bournemouth, Christchurch and Poole",8258.666666666666
E02003194,"Bournemouth, Christchurch and Poole 001",E06000058,"Bournemouth, Christchurch and Poole",28424.0
E02003195,"Bournemouth, Christchurch and Poole 008",E06000058,"Bournemouth, Christchurch and Poole",15183.75
E02003196,"Bournemouth, Christchurch and Poole 004",E06000058,"Bournemouth, Christchurch and Poole",28588.714285714286
E02003197,"Bournemouth, Christchurch and Poole 013",E06000058,"Bournemouth, Christchurch and Poole",16836.4
E02003198,"Bournemouth, Christchurch and Poole 016",E06000058,"Bournemouth, Christchurch and Poole",18821.2
E02003199,"Bournemouth, Christchurch and Poole 021",E06000058,"Bournemouth, Christchurch and Poole",18479.666666666668
E02003200,"Bournemouth, Christchurch and Poole 022",E06000058,"Bournemouth, Christchurch and Poole",14100.5
E02003201,"Bournemouth, Christchurch and Poole 023",E06000058,"Bournemouth, Christchurch and Poole",13589.0
E02003202,"Bournemouth, Christchurch and Poole 029",E06000058,"Bournemouth, Christchurch and Poole",20534.75
E02003203,"Bournemouth, Christchurch and Poole 032",E06000058,"Bournemouth, Christchurch and Poole",18080.8
E02003204,"Bournemouth, Christchurch and Poole 030",E06000058,"Bournemouth, Christchurch and Poole",18146.2
E02003205,"Bournemouth, Christchurch and Poole 034",E06000058,"Bournemouth, Christchurch and Poole",24308.4
E02003206,"Bournemouth, Christchurch and Poole 043",E06000058,"Bournemouth, Christchurch and Poole",23477.833333333332
E02003207,"Bournemouth, Christchurch and Poole 042",E06000058,"Bournemouth, Christchurch and Poole",12835.25
E02003208,"Bournemouth, Christchurch and Poole 044",E06000058,"Bournemouth, Christchurch and Poole",10385.75
E02003209,"Bournemouth, Christchurch and Poole 046",E06000058,"Bournemouth, Christchurch and Poole",15360.2
E02003210,"Bournemouth, Christchurch and Poole 047",E06000058,"Bournemouth, Christchurch and Poole",27927.8
E02003211,"Bournemouth, Christchurch and Poole 048",E06000058,"Bournemouth, Christchurch and Poole",23698.0
E02003212,Swindon 001,E06000030,Swindon,22815.833333333332
E02003214,Swindon 003,E06000030,Swindon,6239.5
E02003215,Swindon 004,E06000030,Swindon,21806.8
E02003216,Swindon 005,E06000030,Swindon,17507.5
E02003217,Swindon 006,E06000030,Swindon,14181.5
E02003218,Swindon 007,E06000030,Swindon,8908.75
E02003219,Swindon 008,E06000030,Swindon,27840.0
E02003220,Swindon 009,E06000030,Swindon,20098.833333333332
E02003221,Swindon 010,E06000030,Swindon,14460.75
E02003222,Swindon 011,E06000030,Swindon,25120.25
E02003223,Swindon 012,E06000030,Swindon,20218.0
E02003224,Swindon 013,E06000030,Swindon,26121.5
E02003225,Swindon 014,E06000030,Swindon,22586.25
E02003226,Swindon 015,E06000030,Swindon,21385.6
E02003227,Swindon 016,E06000030,Swindon,5881.25
E02003228,Swindon 017,E06000030,Swindon,25904.0
E02003229,Swindon 018,E06000030,Swindon,21845.25
E02003230,Swindon 019,E06000030,Swindon,17288.6
E02003231,Swindon 020,E06000030,Swindon,7915.8
E02003232,Swindon 021,E06000030,Swindon,24107.4
E02003233,Swindon 022,E06000030,Swindon,13540.333333333334
E02003234,Swindon 023,E06000030,Swindon,17554.666666666668
E02003235,Swindon 024,E06000030,Swindon,27288.0
E02003236,Swindon 025,E06000030,Swindon,22155.714285714286
E02003237,Peterborough 001,E06000031,Peterborough,23751.25
E02003238,Peterborough 002,E06000031,Peterborough,17626.5
E02003239,Peterborough 003,E06000031,Peterborough,21638.6
E02003240,Peterborough 004,E06000031,Peterborough,24532.5
E02003241,Peterborough 005,E06000031,Peterborough,16828.25
E02003242,Peterborough 006,E06000031,Peterborough,16623.4
E02003243,Peterborough 007,E06000031,Peterborough,5934.428571428572
E02003244,Peterborough 008,E06000031,Peterborough,8160.4
E02003245,Peterborough 009,E06000031,Peterborough,7454.6
E02003246,Peterborough 010,E06000031,Peterborough,6859.8
E02003247,Peterborough 011,E06000031,Peterborough,9498.4
E02003248,Peterborough 012,E06000031,Peterborough,14829.2
E02003249,Peterborough 013,E06000031,Peterborough,9291.285714285714
E02003250,Peterborough 014,E06000031,Peterborough,9109.833333333334
E02003251,Peterborough 015,E06000031,Peterborough,20927.0
E02003252,Peterborough 016,E06000031,Peterborough,13092.5
E02003253,Peterborough 017,E06000031,Peterborough,12211.166666666666
E02003254,Peterborough 018,E06000031,Peterborough,24968.6
E02003255,Peterborough 019,E06000031,Peterborough,15227.444444444445
E02003257,Peterborough 021,E06000031,Peterborough,5847.666666666667
E02003258,Luton 001,E06000032,Luton,25343.333333333332
E02003259,Luton 002,E06000032,Luton,17483.75
E02003260,Luton 003,E06000032,Luton,6825.166666666667
E02003261,Luton 004,E06000032,Luton,17140.0
E02003262,Luton 005,E06000032,Luton,11483.0
E02003263,Luton 006,E06000032,Luton,15612.714285714286
E02003264,Luton 007,E06000032,Luton,25506.166666666668
E02003265,Luton 008,E06000032,Luton,20284.666666666668
E02003266,Luton 009,E06000032,Luton,6919.5
E02003267,Luton 010,E06000032,Luton,13796.0
E02003268,Luton 011,E06000032,Luton,14574.833333333334
E02003269,Luton 012,E06000032,Luton,19202.666666666668
E02003270,Luton 013,E06000032,Luton,15610.8
E02003271,Luton 014,E06000032,Luton,19472.285714285714
E02003272,Luton 015,E06000032,Luton,10588.4
E02003273,Luton 016,E06000032,Luton,13680.714285714286
E02003274,Luton 017,E06000032,Luton,8866.0
E02003276,Luton 019,E06000032,Luton,9697.0
E02003277,Luton 020,E06000032,Luton,9682.833333333334
E02003278,Luton 021,E06000032,Luton,11149.714285714286
E02003279,Southend-on-Sea 001,E06000033,Southend-on-Sea,23550.666666666668
E02003280,Southend-on-Sea 002,E06000033,Southend-on-Sea,14043.166666666666
E02003281,Southend-on-Sea 003,E06000033,Southend-on-Sea,16651.333333333332
E02003282,Southend-on-Sea 004,E06000033,Southend-on-Sea,15702.0
E02003283,Southend-on-Sea 005,E06000033,Southend-on-Sea,13773.57142857143
E02003284,Southend-on-Sea 006,E06000033,Southend-on-Sea,11144.0
E02003285,Southend-on-Sea 007,E06000033,Southend-on-Sea,11511.57142857143
E02003286,Southend-on-Sea 008,E06000033,Southend-on-Sea,29511.0
E02003287,Southend-on-Sea 009,E06000033,Southend-on-Sea,14199.833333333334
E02003288,Southend-on-Sea 010,E06000033,Southend-on-Sea,5630.285714285715
E02003289,Southend-on-Sea 011,E06000033,Southend-on-Sea,24068.0
E02003290,Southend-on-Sea 012,E06000033,Southend-on-Sea,15644.5
E02003291,Southend-on-Sea 013,E06000033,Southend-on-Sea,11435.285714285714
E02003292,Southend-on-Sea 014,E06000033,Southend-on-Sea,4911.833333333333
E02003293,Southend-on-Sea 015,E06000033,Southend-on-Sea,7882.333333333333
E02003294,Southend-on-Sea 016,E06000033,Southend-on-Sea,24080.166666666668
E02003295,Southend-on-Sea 017,E06000033,Southend-on-Sea,15569.0
E02003296,Thurrock 001,E06000034,Thurrock,26289.6
E02003297,Thurrock 002,E06000034,Thurrock,17564.4
E02003298,Thurrock 003,E06000034,Thurrock,15979.6
E02003299,Thurrock 004,E06000034,Thurrock,27147.25
E02003300,Thurrock 005,E06000034,Thurrock,21439.6
E02003301,Thurrock 006,E06000034,Thurrock,16351.285714285714
E02003302,Thurrock 007,E06000034,Thurrock,11563.5
E02003303,Thurrock 008,E06000034,Thurrock,15818.0
E02003304,Thurrock 009,E06000034,Thurrock,14100.666666666666
E02003305,Thurrock 010,E06000034,Thurrock,22196.0
E02003307,Thurrock 012,E06000034,Thurrock,13172.666666666666
E02003308,Thurrock 013,E06000034,Thurrock,18282.0
E02003309,Thurrock 014,E06000034,Thurrock,23379.6
E02003311,Thurrock 016,E06000034,Thurrock,18349.8
E02003312,Thurrock 017,E06000034,Thurrock,17244.0
E02003313,Thurrock 018,E06000034,Thurrock,9663.625
E02003314,Medway 001,E06000035,Medway,13605.25
E02003315,Medway 002,E06000035,Medway,20670.5
E02003316,Medway 003,E06000035,Medway,17907.166666666668
E02003317,Medway 004,E06000035,Medway,18612.75
E02003318,Medway 005,E06000035,Medway,25123.5
E02003319,Medway 006,E06000035,Medway,11740.2
E02003320,Medway 007,E06000035,Medway,17453.6
E02003321,Medway 008,E06000035,Medway,9028.25
E02003322,Medway 009,E06000035,Medway,11101.4
E02003323,Medway 010,E06000035,Medway,8657.75
E02003324,Medway 011,E06000035,Medway,13610.4
E02003325,Medway 012,E06000035,Medway,6093.5
E02003326,Medway 013,E06000035,Medway,10717.2
E02003327,Medway 014,E06000035,Medway,16050.25
E02003328,Medway 015,E06000035,Medway,5779.666666666667
E02003329,Medway 016,E06000035,Medway,11040.5
E02003330,Medway 017,E06000035,Medway,14885.5
E02003331,Medway 018,E06000035,Medway,12057.666666666666
E02003332,Medway 019,E06000035,Medway,14275.25
E02003333,Medway 020,E06000035,Medway,5235.25
E02003334,Medway 021,E06000035,Medway,10404.5
E02003335,Medway 022,E06000035,Medway,7431.0
E02003336,Medway 023,E06000035,Medway,22531.5
E02003337,Medway 024,E06000035,Medway,16527.0
E02003338,Medway 025,E06000035,Medway,13760.8
E02003339,Medway 026,E06000035,Medway,21105.75
E02003340,Medway 027,E06000035,Medway,8381.2
E02003341,Medway 028,E06000035,Medway,22619.0
E02003342,Medway 029,E06000035,Medway,22098.5
E02003343,Medway 030,E06000035,Medway,29825.75
E02003344,Medway 031,E06000035,Medway,12287.6
E02003345,Medway 032,E06000035,Medway,24200.75
E02003346,Medway 033,E06000035,Medway,18371.25
E02003347,Medway 034,E06000035,Medway,21153.0
E02003348,Medway 035,E06000035,Medway,28752.6
E02003349,Medway 036,E06000035,Medway,21582.6
E02003350,Medway 037,E06000035,Medway,16801.25
E02003351,Medway 038,E06000035,Medway,15754.4
E02003352,Bracknell Forest 001,E06000036,Bracknell Forest,32943.0
E02003353,Bracknell Forest 002,E06000036,Bracknell Forest,32366.25
E02003354,Bracknell Forest 003,E06000036,Bracknell Forest,30901.166666666668
E02003355,Bracknell Forest 004,E06000036,Bracknell Forest,22540.75
E02003356,Bracknell Forest 005,E06000036,Bracknell Forest,33036.2
E02003357,Bracknell Forest 006,E06000036,Bracknell Forest,23313.666666666668
E02003358,Bracknell Forest 007,E06000036,Bracknell Forest,25385.571428571428
E02003359,Bracknell Forest 008,E06000036,Bracknell Forest,26065.0
E02003360,Bracknell Forest 009,E06000036,Bracknell Forest,25434.75
E02003361,Bracknell Forest 010,E06000036,Bracknell Forest,25173.4
E02003362,Bracknell Forest 011,E06000036,Bracknell Forest,25411.2
E02003363,Bracknell Forest 012,E06000036,Bracknell Forest,32852.75
E02003364,Bracknell Forest 013,E06000036,Bracknell Forest,30696.0
E02003365,Bracknell Forest 014,E06000036,Bracknell Forest,31779.6
E02003366,Bracknell Forest 015,E06000036,Bracknell Forest,32589.4
E02003367,West Berkshire 001,E06000037,West Berkshire,29931.25
E02003368,West Berkshire 002,E06000037,West Berkshire,26454.75
E02003369,West Berkshire 003,E06000037,West Berkshire,32103.75
E02003370,West Berkshire 004,E06000037,West Berkshire,27333.5
E02003371,West Berkshire 005,E06000037,West Berkshire,29731.25
E02003372,West Berkshire 006,E06000037,West Berkshire,28638.8
E02003373,West Berkshire 007,E06000037,West Berkshire,32741.75
E02003374,West Berkshire 008,E06000037,West Berkshire,25098.75
E02003375,West Berkshire 009,E06000037,West Berkshire,24359.5
E02003376,West Berkshire 010,E06000037,West Berkshire,19937.75
E02003377,West Berkshire 011,E06000037,West Berkshire,28709.833333333332
E02003378,West Berkshire 012,E06000037,West Berkshire,22715.8
E02003379,West Berkshire 013,E06000037,West Berkshire,22068.25
E02003380,West Berkshire 014,E06000037,West Berkshire,25494.4
E02003381,West Berkshire 015,E06000037,West Berkshire,28477.75
E02003382,West Berkshire 016,E06000037,West Berkshire,19603.8
E02003383,West Berkshire 017,E06000037,West Berkshire,28721.0
E02003384,West Berkshire 018,E06000037,West Berkshire,30001.75
E02003385,West Berkshire 019,E06000037,West Berkshire,18566.14285714286
E02003386,West Berkshire 020,E06000037,West Berkshire,20503.0
E02003387,West Berkshire 021,E06000037,West Berkshire,28204.666666666668
E02003388,West Berkshire 022,E06000037,West Berkshire,26554.333333333332
E02003389,Reading 001,E06000038,Reading,29347.4
E02003390,Reading 002,E06000038,Reading,31957.8
E02003391,Reading 003,E06000038,Reading,28041.2
E02003392,Reading 004,E06000038,Reading,19318.8
E02003393,Reading 005,E06000038,Reading,27505.8
E02003394,Reading 006,E06000038,Reading,10638.0
E02003395,Reading 007,E06000038,Reading,16798.4
E02003396,Reading 008,E06000038,Reading,16066.833333333334
E02003397,Reading 009,E06000038,Reading,13043.6
E02003398,Reading 010,E06000038,Reading,17163.333333333332
E02003400,Reading 012,E06000038,Reading,21209.8
E02003401,Reading 013,E06000038,Reading,12717.2
E02003402,Reading 014,E06000038,Reading,17686.333333333332
E02003403,Reading 015,E06000038,Reading,14650.666666666666
E02003404,Reading 016,E06000038,Reading,16554.25
E02003405,Reading 017,E06000038,Reading,11429.5
E02003406,Reading 018,E06000038,Reading,11708.8
E02003407,Slough 001,E06000039,Slough,15173.833333333334
E02003408,Slough 002,E06000039,Slough,22898.666666666668
E02003409,Slough 003,E06000039,Slough,22566.285714285714
E02003410,Slough 004,E06000039,Slough,18033.166666666668
E02003411,Slough 005,E06000039,Slough,20647.5
E02003412,Slough 006,E06000039,Slough,25748.166666666668
E02003414,Slough 008,E06000039,Slough,22873.5
E02003415,Slough 009,E06000039,Slough,16038.5
E02003416,Slough 010,E06000039,Slough,27925.0
E02003417,Slough 011,E06000039,Slough,26759.285714285714
E02003418,Slough 012,E06000039,Slough,23368.833333333332
E02003419,Slough 013,E06000039,Slough,22073.2
E02003420,Slough 014,E06000039,Slough,22482.75
E02003421,Windsor and Maidenhead 001,E06000040,Windsor and Maidenhead,32813.5
E02003422,Windsor and Maidenhead 002,E06000040,Windsor and Maidenhead,32367.85714285714
E02003423,Windsor and Maidenhead 003,E06000040,Windsor and Maidenhead,26942.5
E02003424,Windsor and Maidenhead 004,E06000040,Windsor and Maidenhead,33063.4
E02003425,Windsor and Maidenhead 005,E06000040,Windsor and Maidenhead,26477.0
E02003426,Windsor and Maidenhead 006,E06000040,Windsor and Maidenhead,32641.166666666668
E02003427,Windsor and Maidenhead 007,E06000040,Windsor and Maidenhead,28104.6
E02003428,Windsor and Maidenhead 008,E06000040,Windsor and Maidenhead,29311.5
E02003429,Windsor and Maidenhead 009,E06000040,Windsor and Maidenhead,32783.0
E02003430,Windsor and Maidenhead 010,E06000040,Windsor and Maidenhead,31350.0
E02003431,Windsor and Maidenhead 011,E06000040,Windsor and Maidenhead,29605.5
E02003432,Windsor and Maidenhead 012,E06000040,Windsor and Maidenhead,30403.5
E02003433,Windsor and Maidenhead 013,E06000040,Windsor and Maidenhead,31066.5
E02003434,Windsor and Maidenhead 014,E06000040,Windsor and Maidenhead,25840.2
E02003435,Windsor and Maidenhead 015,E06000040,Windsor and Maidenhead,33255.5
E02003436,Windsor and Maidenhead 016,E06000040,Windsor and Maidenhead,32781.4
E02003437,Windsor and Maidenhead 017,E06000040,Windsor and Maidenhead,32219.25
E02003438,Windsor and Maidenhead 018,E06000040,Windsor and Maidenhead,32909.333333333336
E02003439,Wokingham 001,E06000041,Wokingham,31245.0
E02003440,Wokingham 002,E06000041,Wokingham,32773.166666666664
E02003441,Wokingham 003,E06000041,Wokingham,30517.4
E02003442,Wokingham 004,E06000041,Wokingham,32453.6
E02003443,Wokingham 005,E06000041,Wokingham,20463.5
E02003444,Wokingham 006,E06000041,Wokingham,29222.166666666668
E02003445,Wokingham 007,E06000041,Wokingham,30629.166666666668
E02003446,Wokingham 008,E06000041,Wokingham,32307.0
E02003447,Wokingham 009,E06000041,Wokingham,29467.4
E02003448,Wokingham 010,E06000041,Wokingham,32556.5
E02003449,Wokingham 011,E06000041,Wokingham,31891.8
E02003450,Wokingham 012,E06000041,Wokingham,28495.375
E02003451,Wokingham 013,E06000041,Wokingham,25426.8
E02003452,Wokingham 014,E06000041,Wokingham,32520.25
E02003453,Wokingham 015,E06000041,Wokingham,33269.25
E02003454,Wokingham 016,E06000041,Wokingham,30153.4
E02003455,Wokingham 017,E06000041,Wokingham,31815.0
E02003456,Wokingham 018,E06000041,Wokingham,28690.25
E02003457,Wokingham 019,E06000041,Wokingham,32877.71428571428
E02003458,Wokingham 020,E06000041,Wokingham,30284.2
E02003459,Milton Keynes 001,E06000042,Milton Keynes,28643.4
E02003460,Milton Keynes 002,E06000042,Milton Keynes,24735.25
E02003461,Milton Keynes 003,E06000042,Milton Keynes,21973.6
E02003462,Milton Keynes 004,E06000042,Milton Keynes,24222.2
E02003463,Milton Keynes 005,E06000042,Milton Keynes,16154.8
E02003464,Milton Keynes 006,E06000042,Milton Keynes,12956.5
E02003465,Milton Keynes 007,E06000042,Milton Keynes,19674.25
E02003466,Milton Keynes 008,E06000042,Milton Keynes,18933.5
E02003467,Milton Keynes 009,E06000042,Milton Keynes,11570.0
E02003468,Milton Keynes 010,E06000042,Milton Keynes,19795.2
E02003469,Milton Keynes 011,E06000042,Milton Keynes,23264.0
E02003470,Milton Keynes 012,E06000042,Milton Keynes,6848.75
E02003471,Milton Keynes 013,E06000042,Milton Keynes,15410.75
E02003472,Milton Keynes 014,E06000042,Milton Keynes,9776.0
E02003473,Milton Keynes 015,E06000042,Milton Keynes,21904.25
E02003474,Milton Keynes 016,E06000042,Milton Keynes,20232.6
E02003476,Milton Keynes 018,E06000042,Milton Keynes,6968.8
E02003478,Milton Keynes 020,E06000042,Milton Keynes,21502.75
E02003479,Milton Keynes 021,E06000042,Milton Keynes,13161.5
E02003480,Milton Keynes 022,E06000042,Milton Keynes,19206.2
E02003481,Milton Keynes 023,E06000042,Milton Keynes,6608.4
E02003482,Milton Keynes 024,E06000042,Milton Keynes,26368.0
E02003483,Milton Keynes 025,E06000042,Milton Keynes,20442.5
E02003484,Milton Keynes 026,E06000042,Milton Keynes,18997.5
E02003485,Milton Keynes 027,E06000042,Milton Keynes,14895.4
E02003486,Milton Keynes 028,E06000042,Milton Keynes,23043.2
E02003487,Milton Keynes 029,E06000042,Milton Keynes,16485.2
E02003488,Milton Keynes 030,E06000042,Milton Keynes,16277.0
E02003489,Milton Keynes 031,E06000042,Milton Keynes,18928.75
E02003490,Milton Keynes 032,E06000042,Milton Keynes,13140.333333333334
E02003491,Brighton and Hove 001,E06000043,Brighton and Hove,21290.4
E02003492,Brighton and Hove 002,E06000043,Brighton and Hove,10679.75
E02003493,Brighton and Hove 003,E06000043,Brighton and Hove,25602.2
E02003494,Brighton and Hove 004,E06000043,Brighton and Hove,25748.5
E02003495,Brighton and Hove 005,E06000043,Brighton and Hove,16106.2
E02003496,Brighton and Hove 006,E06000043,Brighton and Hove,15240.4
E02003497,Brighton and Hove 007,E06000043,Brighton and Hove,28830.6
E02003498,Brighton and Hove 008,E06000043,Brighton and Hove,6162.6
E02003499,Brighton and Hove 009,E06000043,Brighton and Hove,6281.0
E02003500,Brighton and Hove 010,E06000043,Brighton and Hove,25537.0
E02003501,Brighton and Hove 011,E06000043,Brighton and Hove,25262.4
E02003502,Brighton and Hove 012,E06000043,Brighton and Hove,11273.0
E02003503,Brighton and Hove 013,E06000043,Brighton and Hove,15404.333333333334
E02003504,Brighton and Hove 014,E06000043,Brighton and Hove,20145.4
E02003505,Brighton and Hove 015,E06000043,Brighton and Hove,15976.6
E02003506,Brighton and Hove 016,E06000043,Brighton and Hove,19234.75
E02003507,Brighton and Hove 017,E06000043,Brighton and Hove,14669.5
E02003508,Brighton and Hove 018,E06000043,Brighton and Hove,19681.6
E02003509,Brighton and Hove 019,E06000043,Brighton and Hove,14370.2
E02003510,Brighton and Hove 020,E06000043,Brighton and Hove,21871.6
E02003511,Brighton and Hove 021,E06000043,Brighton and Hove,17304.0
E02003512,Brighton and Hove 022,E06000043,Brighton and Hove,16421.6
E02003513,Brighton and Hove 023,E06000043,Brighton and Hove,17429.75
E02003514,Brighton and Hove 024,E06000043,Brighton and Hove,18351.2
E02003515,Brighton and Hove 025,E06000043,Brighton and Hove,2086.5
E02003516,Brighton and Hove 026,E06000043,Brighton and Hove,17321.8
E02003517,Brighton and Hove 027,E06000043,Brighton and Hove,10796.0
E02003518,Brighton and Hove 028,E06000043,Brighton and Hove,15477.0
E02003519,Brighton and Hove 029,E06000043,Brighton and Hove,13494.6
E02003520,Brighton and Hove 030,E06000043,Brighton and Hove,6645.4
E02003521,Brighton and Hove 031,E06000043,Brighton and Hove,12513.0
E02003522,Brighton and Hove 032,E06000043,Brighton and Hove,16932.25
E02003523,Brighton and Hove 033,E06000043,Brighton and Hove,26853.333333333332
E02003524,Portsmouth 001,E06000044,Portsmouth,4202.4
E02003525,Portsmouth 002,E06000044,Portsmouth,5545.25
E02003526,Portsmouth 003,E06000044,Portsmouth,25610.75
E02003527,Portsmouth 004,E06000044,Portsmouth,16086.25
E02003529,Portsmouth 006,E06000044,Portsmouth,18909.0
E02003530,Portsmouth 007,E06000044,Portsmouth,14444.0
E02003531,Portsmouth 008,E06000044,Portsmouth,22108.2
E02003532,Portsmouth 009,E06000044,Portsmouth,15295.8
E02003533,Portsmouth 010,E06000044,Portsmouth,9315.75
E02003534,Portsmouth 011,E06000044,Portsmouth,17680.166666666668
E02003535,Portsmouth 012,E06000044,Portsmouth,11889.0
E02003536,Portsmouth 013,E06000044,Portsmouth,2750.8
E02003537,Portsmouth 014,E06000044,Portsmouth,19223.833333333332
E02003538,Portsmouth 015,E06000044,Portsmouth,10105.5
E02003540,Portsmouth 017,E06000044,Portsmouth,14932.666666666666
E02003541,Portsmouth 018,E06000044,Portsmouth,5095.333333333333
E02003542,Portsmouth 019,E06000044,Portsmouth,18750.0
E02003543,Portsmouth 020,E06000044,Portsmouth,12832.6
E02003544,Portsmouth 021,E06000044,Portsmouth,14407.75
E02003545,Portsmouth 022,E06000044,Portsmouth,13174.25
E02003546,Portsmouth 023,E06000044,Portsmouth,19574.6
E02003547,Portsmouth 024,E06000044,Portsmouth,22762.8
E02003548,Portsmouth 025,E06000044,Portsmouth,12064.75
E02003549,Southampton 001,E06000045,Southampton,22455.0
E02003550,Southampton 002,E06000045,Southampton,12144.2
E02003551,Southampton 003,E06000045,Southampton,7849.0
E02003552,Southampton 004,E06000045,Southampton,4526.25
E02003553,Southampton 005,E06000045,Southampton,8290.0
E02003554,Southampton 006,E06000045,Southampton,16779.0
E02003555,Southampton 007,E06000045,Southampton,7528.6
E02003556,Southampton 008,E06000045,Southampton,16987.0
E02003557,Southampton 009,E06000045,Southampton,21945.25
E02003558,Southampton 010,E06000045,Southampton,5607.25
E02003559,Southampton 011,E06000045,Southampton,22110.2
E02003560,Southampton 012,E06000045,Southampton,3363.8
E02003561,Southampton 013,E06000045,Southampton,6497.2
E02003562,Southampton 014,E06000045,Southampton,13214.2
E02003563,Southampton 015,E06000045,Southampton,9372.0
E02003564,Southampton 016,E06000045,Southampton,11092.8
E02003565,Southampton 017,E06000045,Southampton,5108.25
E02003566,Southampton 018,E06000045,Southampton,7566.5
E02003567,Southampton 019,E06000045,Southampton,10081.4
E02003568,Southampton 020,E06000045,Southampton,10921.2
E02003569,Southampton 021,E06000045,Southampton,7094.25
E02003570,Southampton 022,E06000045,Southampton,4166.0
E02003571,Southampton 023,E06000045,Southampton,8208.6
E02003572,Southampton 024,E06000045,Southampton,12819.5
E02003573,Southampton 025,E06000045,Southampton,5800.0
E02003574,Southampton 026,E06000045,Southampton,12878.2
E02003575,Southampton 027,E06000045,Southampton,2733.75
E02003576,Southampton 028,E06000045,Southampton,7622.6
E02003578,Southampton 030,E06000045,Southampton,11867.75
E02003579,Southampton 031,E06000045,Southampton,10751.666666666666
E02003580,Southampton 032,E06000045,Southampton,3527.5
E02003581,Isle of Wight 001,E06000046,Isle of Wight,11468.0
E02003582,Isle of Wight 002,E06000046,Isle of Wight,16129.8
E02003583,Isle of Wight 003,E06000046,Isle of Wight,10118.0
E02003584,Isle of Wight 004,E06000046,Isle of Wight,5268.25
E02003585,Isle of Wight 005,E06000046,Isle of Wight,14559.5
E02003586,Isle of Wight 006,E06000046,Isle of Wight,7380.6
E02003587,Isle of Wight 007,E06000046,Isle of Wight,6324.4
E02003588,Isle of Wight 008,E06000046,Isle of Wight,6791.4
E02003589,Isle of Wight 009,E06000046,Isle of Wight,5942.4
E02003590,Isle of Wight 010,E06000046,Isle of Wight,16283.8
E02003591,Isle of Wight 011,E06000046,Isle of Wight,10586.666666666666
E02003592,Isle of Wight 012,E06000046,Isle of Wight,11606.666666666666
E02003593,Isle of Wight 013,E06000046,Isle of Wight,16795.5
E02003594,Isle of Wight 014,E06000046,Isle of Wight,7144.0
E02003595,Isle of Wight 015,E06000046,Isle of Wight,11151.0
E02003596,Isle of Wight 016,E06000046,Isle of Wight,6290.0
E02003597,Isle of Wight 017,E06000046,Isle of Wight,14245.0
E02003598,Isle of Wight 018,E06000046,Isle of Wight,8683.4
E02003599,Central Bedfordshire 001,E06000056,Central Bedfordshire,16742.0
E02003600,Central Bedfordshire 002,E06000056,Central Bedfordshire,18890.5
E02003601,Central Bedfordshire 003,E06000056,Central Bedfordshire,25324.6
E02003602,Central Bedfordshire 004,E06000056,Central Bedfordshire,22658.5
E02003603,Central Bedfordshire 005,E06000056,Central Bedfordshire,15797.666666666666
E02003604,Central Bedfordshire 006,E06000056,Central Bedfordshire,21583.5
E02003605,Central Bedfordshire 007,E06000056,Central Bedfordshire,27116.85714285714
E02003606,Central Bedfordshire 008,E06000056,Central Bedfordshire,25842.833333333332
E02003607,Central Bedfordshire 009,E06000056,Central Bedfordshire,23640.5
E02003608,Central Bedfordshire 010,E06000056,Central Bedfordshire,22652.666666666668
E02003609,Central Bedfordshire 011,E06000056,Central Bedfordshire,23538.333333333332
E02003610,Central Bedfordshire 012,E06000056,Central Bedfordshire,28521.6
E02003611,Central Bedfordshire 013,E06000056,Central Bedfordshire,26229.2
E02003612,Central Bedfordshire 014,E06000056,Central Bedfordshire,26068.0
E02003613,Central Bedfordshire 015,E06000056,Central Bedfordshire,21793.0
E02003614,Central Bedfordshire 016,E06000056,Central Bedfordshire,27094.0
E02003615,Central Bedfordshire 017,E06000056,Central Bedfordshire,27526.166666666668
E02003616,Bedford 001,E06000055,Bedford,24906.5
E02003617,Bedford 002,E06000055,Bedford,24576.5
E02003618,Bedford 003,E06000055,Bedford,20884.0
E02003619,Bedford 004,E06000055,Bedford,19691.285714285714
E02003620,Bedford 005,E06000055,Bedford,17966.166666666668
E02003621,Bedford 006,E06000055,Bedford,22126.166666666668
E02003622,Bedford 007,E06000055,Bedford,11724.333333333334
E02003623,Bedford 008,E06000055,Bedford,25318.0
E02003624,Bedford 009,E06000055,Bedford,12099.75
E02003625,Bedford 010,E06000055,Bedford,7921.166666666667
E02003626,Bedford 011,E06000055,Bedford,19993.5
E02003627,Bedford 012,E06000055,Bedford,13600.142857142857
E02003628,Bedford 013,E06000055,Bedford,10665.8
E02003629,Bedford 014,E06000055,Bedford,9059.0
E02003630,Bedford 015,E06000055,Bedford,7657.714285714285
E02003631,Bedford 016,E06000055,Bedford,12335.75
E02003632,Bedford 017,E06000055,Bedford,13968.0
E02003633,Bedford 018,E06000055,Bedford,16937.0
E02003635,Bedford 020,E06000055,Bedford,19334.6
E02003636,Central Bedfordshire 018,E06000056,Central Bedfordshire,28927.0
E02003637,Central Bedfordshire 019,E06000056,Central Bedfordshire,24777.0
E02003638,Central Bedfordshire 020,E06000056,Central Bedfordshire,25687.6
E02003639,Central Bedfordshire 021,E06000056,Central Bedfordshire,16328.2
E02003640,Central Bedfordshire 022,E06000056,Central Bedfordshire,27357.0
E02003641,Central Bedfordshire 023,E06000056,Central Bedfordshire,27563.0
E02003642,Central Bedfordshire 025,E06000056,Central Bedfordshire,12978.0
E02003643,Central Bedfordshire 024,E06000056,Central Bedfordshire,21654.5
E02003644,Central Bedfordshire 026,E06000056,Central Bedfordshire,17486.4
E02003645,Central Bedfordshire 027,E06000056,Central Bedfordshire,28095.5
E02003646,Central Bedfordshire 028,E06000056,Central Bedfordshire,18214.285714285714
E02003647,Central Bedfordshire 029,E06000056,Central Bedfordshire,19360.166666666668
E02003648,Central Bedfordshire 030,E06000056,Central Bedfordshire,17679.333333333332
E02003649,Central Bedfordshire 031,E06000056,Central Bedfordshire,28346.5
E02003650,Central Bedfordshire 032,E06000056,Central Bedfordshire,24099.2
E02003651,Central Bedfordshire 033,E06000056,Central Bedfordshire,21602.0
E02003652,Buckinghamshire 001,E06000060,Buckinghamshire,27825.666666666668
E02003653,Buckinghamshire 002,E06000060,Buckinghamshire,26209.0
E02003654,Buckinghamshire 003,E06000060,Buckinghamshire,29811.5
E02003655,Buckinghamshire 004,E06000060,Buckinghamshire,28808.0
E02003656,Buckinghamshire 005,E06000060,Buckinghamshire,26625.75
E02003657,Buckinghamshire 006,E06000060,Buckinghamshire,31630.25
E02003658,Buckinghamshire 007,E06000060,Buckinghamshire,27183.428571428572
E02003659,Buckinghamshire 009,E06000060,Buckinghamshire,26608.14285714286
E02003660,Buckinghamshire 008,E06000060,Buckinghamshire,31240.333333333332
E02003661,Buckinghamshire 010,E06000060,Buckinghamshire,29266.0
E02003662,Buckinghamshire 012,E06000060,Buckinghamshire,20476.0
E02003663,Buckinghamshire 011,E06000060,Buckinghamshire,18356.555555555555
E02003664,Buckinghamshire 013,E06000060,Buckinghamshire,15171.25
E02003665,Buckinghamshire 014,E06000060,Buckinghamshire,21685.25
E02003666,Buckinghamshire 015,E06000060,Buckinghamshire,17329.6
E02003667,Buckinghamshire 016,E06000060,Buckinghamshire,25502.333333333332
E02003668,Buckinghamshire 018,E06000060,Buckinghamshire,30168.0
E02003669,Buckinghamshire 017,E06000060,Buckinghamshire,11951.25
E02003670,Buckinghamshire 019,E06000060,Buckinghamshire,26488.333333333332
E02003671,Buckinghamshire 020,E06000060,Buckinghamshire,18797.5
E02003672,Buckinghamshire 021,E06000060,Buckinghamshire,28292.85714285714
E02003673,Buckinghamshire 022,E06000060,Buckinghamshire,29468.0
E02003674,Buckinghamshire 023,E06000060,Buckinghamshire,32162.75
E02003675,Buckinghamshire 024,E06000060,Buckinghamshire,28698.833333333332
E02003676,Buckinghamshire 029,E06000060,Buckinghamshire,33140.5
E02003677,Buckinghamshire 027,E06000060,Buckinghamshire,23751.666666666668
E02003678,Buckinghamshire 028,E06000060,Buckinghamshire,26774.25
E02003679,Buckinghamshire 030,E06000060,Buckinghamshire,22979.75
E02003680,Buckinghamshire 031,E06000060,Buckinghamshire,31475.0
E02003681,Buckinghamshire 032,E06000060,Buckinghamshire,30423.0
E02003682,Buckinghamshire 034,E06000060,Buckinghamshire,31775.0
E02003683,Buckinghamshire 035,E06000060,Buckinghamshire,31836.75
E02003685,Buckinghamshire 047,E06000060,Buckinghamshire,33162.25
E02003686,Buckinghamshire 050,E06000060,Buckinghamshire,31080.6
E02003687,Buckinghamshire 054,E06000060,Buckinghamshire,30451.333333333332
E02003688,Buckinghamshire 053,E06000060,Buckinghamshire,31209.85714285714
E02003689,Buckinghamshire 058,E06000060,Buckinghamshire,33083.2
E02003690,Buckinghamshire 059,E06000060,Buckinghamshire,28854.75
E02003691,Buckinghamshire 063,E06000060,Buckinghamshire,31662.0
E02003692,Buckinghamshire 064,E06000060,Buckinghamshire,31628.8
E02003693,Buckinghamshire 065,E06000060,Buckinghamshire,33143.5
E02003694,Buckinghamshire 066,E06000060,Buckinghamshire,26413.8
E02003695,Buckinghamshire 067,E06000060,Buckinghamshire,30077.666666666668
E02003696,Buckinghamshire 026,E06000060,Buckinghamshire,27567.2
E02003697,Buckinghamshire 025,E06000060,Buckinghamshire,32318.5
E02003698,Buckinghamshire 033,E06000060,Buckinghamshire,32663.5
E02003699,Buckinghamshire 037,E06000060,Buckinghamshire,26349.75
E02003701,Buckinghamshire 038,E06000060,Buckinghamshire,27271.428571428572
E02003702,Buckinghamshire 040,E06000060,Buckinghamshire,32237.2
E02003703,Buckinghamshire 041,E06000060,Buckinghamshire,27526.2
E02003704,Buckinghamshire 045,E06000060,Buckinghamshire,32856.75
E02003705,Buckinghamshire 042,E06000060,Buckinghamshire,23335.75
E02003706,Buckinghamshire 043,E06000060,Buckinghamshire,21701.0
E02003707,Buckinghamshire 044,E06000060,Buckinghamshire,24858.5
E02003708,Buckinghamshire 046,E06000060,Buckinghamshire,16567.6
E02003709,Buckinghamshire 048,E06000060,Buckinghamshire,19022.75
E02003710,Buckinghamshire 049,E06000060,Buckinghamshire,26644.5
E02003711,Buckinghamshire 051,E06000060,Buckinghamshire,23580.166666666668
E02003712,Buckinghamshire 052,E06000060,Buckinghamshire,21507.8
E02003713,Buckinghamshire 055,E06000060,Buckinghamshire,31382.25
E02003714,Buckinghamshire 056,E06000060,Buckinghamshire,30606.25
E02003715,Buckinghamshire 057,E06000060,Buckinghamshire,33273.5
E02003716,Buckinghamshire 060,E06000060,Buckinghamshire,31129.5
E02003717,Buckinghamshire 062,E06000060,Buckinghamshire,30360.166666666668
E02003718,Buckinghamshire 061,E06000060,Buckinghamshire,29467.5
E02003719,Cambridge 001,E07000008,Cambridge,13027.333333333334
E02003720,Cambridge 002,E07000008,Cambridge,19514.833333333332
E02003721,Cambridge 003,E07000008,Cambridge,16354.666666666666
E02003722,Cambridge 004,E07000008,Cambridge,27844.8
E02003723,Cambridge 005,E07000008,Cambridge,31766.4
E02003724,Cambridge 006,E07000008,Cambridge,15734.166666666666
E02003725,Cambridge 007,E07000008,Cambridge,30693.4
E02003726,Cambridge 008,E07000008,Cambridge,25049.8
E02003727,Cambridge 009,E07000008,Cambridge,23262.8
E02003728,Cambridge 010,E07000008,Cambridge,23005.666666666668
E02003729,Cambridge 011,E07000008,Cambridge,21235.166666666668
E02003731,Cambridge 013,E07000008,Cambridge,30214.666666666668
E02003732,East Cambridgeshire 001,E07000009,East Cambridgeshire,18706.666666666668
E02003733,East Cambridgeshire 002,E07000009,East Cambridgeshire,26843.6
E02003734,East Cambridgeshire 003,E07000009,East Cambridgeshire,25550.428571428572
E02003735,East Cambridgeshire 004,E07000009,East Cambridgeshire,26887.8
E02003736,East Cambridgeshire 005,E07000009,East Cambridgeshire,26121.666666666668
E02003737,East Cambridgeshire 006,E07000009,East Cambridgeshire,21631.571428571428
E02003738,East Cambridgeshire 007,E07000009,East Cambridgeshire,22704.0
E02003739,East Cambridgeshire 008,E07000009,East Cambridgeshire,28770.0
E02003740,East Cambridgeshire 009,E07000009,East Cambridgeshire,26420.0
E02003742,Fenland 001,E07000010,Fenland,11195.5
E02003743,Fenland 002,E07000010,Fenland,6322.4
E02003744,Fenland 003,E07000010,Fenland,7020.75
E02003745,Fenland 004,E07000010,Fenland,10797.0
E02003746,Fenland 005,E07000010,Fenland,14173.5
E02003747,Fenland 006,E07000010,Fenland,14039.625
E02003748,Fenland 007,E07000010,Fenland,9966.75
E02003749,Fenland 008,E07000010,Fenland,15941.0
E02003750,Fenland 009,E07000010,Fenland,11675.25
E02003751,Fenland 010,E07000010,Fenland,16397.333333333332
E02003752,Fenland 011,E07000010,Fenland,12718.166666666666
E02003753,Huntingdonshire 001,E07000011,Huntingdonshire,20502.666666666668
E02003754,Huntingdonshire 002,E07000011,Huntingdonshire,29263.25
E02003755,Huntingdonshire 003,E07000011,Huntingdonshire,19592.0
E02003756,Huntingdonshire 004,E07000011,Huntingdonshire,26355.8
E02003757,Huntingdonshire 005,E07000011,Huntingdonshire,25213.0
E02003758,Huntingdonshire 006,E07000011,Huntingdonshire,29577.666666666668
E02003759,Huntingdonshire 007,E07000011,Huntingdonshire,29291.25
E02003760,Huntingdonshire 008,E07000011,Huntingdonshire,12612.2
E02003761,Huntingdonshire 009,E07000011,Huntingdonshire,22658.75
E02003762,Huntingdonshire 010,E07000011,Huntingdonshire,27099.166666666668
E02003763,Huntingdonshire 011,E07000011,Huntingdonshire,26149.14285714286
E02003764,Huntingdonshire 012,E07000011,Huntingdonshire,22780.166666666668
E02003765,Huntingdonshire 013,E07000011,Huntingdonshire,25643.0
E02003766,Huntingdonshire 014,E07000011,Huntingdonshire,19676.4
E02003767,Huntingdonshire 015,E07000011,Huntingdonshire,31447.75
E02003768,Huntingdonshire 016,E07000011,Huntingdonshire,29912.666666666668
E02003769,Huntingdonshire 017,E07000011,Huntingdonshire,28419.25
E02003770,Huntingdonshire 018,E07000011,Huntingdonshire,25537.333333333332
E02003771,Huntingdonshire 019,E07000011,Huntingdonshire,24207.0
E02003772,Huntingdonshire 020,E07000011,Huntingdonshire,30383.4
E02003773,Huntingdonshire 021,E07000011,Huntingdonshire,20972.85714285714
E02003774,Huntingdonshire 022,E07000011,Huntingdonshire,18705.75
E02003775,South Cambridgeshire 001,E07000012,South Cambridgeshire,29614.5
E02003776,South Cambridgeshire 002,E07000012,South Cambridgeshire,29357.25
E02003777,South Cambridgeshire 003,E07000012,South Cambridgeshire,28988.428571428572
E02003778,South Cambridgeshire 004,E07000012,South Cambridgeshire,27566.25
E02003780,South Cambridgeshire 006,E07000012,South Cambridgeshire,25912.0
E02003781,South Cambridgeshire 007,E07000012,South Cambridgeshire,27720.75
E02003784,South Cambridgeshire 010,E07000012,South Cambridgeshire,32251.0
E02003785,South Cambridgeshire 011,E07000012,South Cambridgeshire,26958.166666666668
E02003786,South Cambridgeshire 012,E07000012,South Cambridgeshire,30212.5
E02003787,South Cambridgeshire 013,E07000012,South Cambridgeshire,30651.0
E02003788,South Cambridgeshire 014,E07000012,South Cambridgeshire,31527.2
E02003789,South Cambridgeshire 015,E07000012,South Cambridgeshire,24987.0
E02003790,South Cambridgeshire 016,E07000012,South Cambridgeshire,29873.833333333332
E02003791,South Cambridgeshire 017,E07000012,South Cambridgeshire,31030.333333333332
E02003792,South Cambridgeshire 018,E07000012,South Cambridgeshire,27543.0
E02003793,South Cambridgeshire 019,E07000012,South Cambridgeshire,28705.5
E02003794,Cheshire West and Chester 022,E06000050,Cheshire West and Chester,18923.833333333332
E02003795,Cheshire West and Chester 025,E06000050,Cheshire West and Chester,21264.666666666668
E02003796,Cheshire West and Chester 027,E06000050,Cheshire West and Chester,13442.4
E02003797,Cheshire West and Chester 028,E06000050,Cheshire West and Chester,23289.166666666668
E02003798,Cheshire West and Chester 029,E06000050,Cheshire West and Chester,5314.75
E02003799,Cheshire West and Chester 031,E06000050,Cheshire West and Chester,4995.8
E02003800,Cheshire West and Chester 030,E06000050,Cheshire West and Chester,29513.75
E02003801,Cheshire West and Chester 032,E06000050,Cheshire West and Chester,21502.0
E02003802,Cheshire West and Chester 033,E06000050,Cheshire West and Chester,8639.5
E02003803,Cheshire West and Chester 034,E06000050,Cheshire West and Chester,12150.57142857143
E02003804,Cheshire West and Chester 036,E06000050,Cheshire West and Chester,19634.25
E02003805,Cheshire West and Chester 039,E06000050,Cheshire West and Chester,27919.25
E02003806,Cheshire West and Chester 041,E06000050,Cheshire West and Chester,24359.5
E02003807,Cheshire West and Chester 043,E06000050,Cheshire West and Chester,24887.833333333332
E02003808,Cheshire West and Chester 044,E06000050,Cheshire West and Chester,14111.5
E02003809,Cheshire West and Chester 046,E06000050,Cheshire West and Chester,26773.75
E02003810,Cheshire West and Chester 047,E06000050,Cheshire West and Chester,26552.0
E02003811,Cheshire East 022,E06000049,Cheshire East,24817.75
E02003812,Cheshire East 023,E06000049,Cheshire East,27539.0
E02003813,Cheshire East 024,E06000049,Cheshire East,18276.75
E02003814,Cheshire East 025,E06000049,Cheshire East,15625.6
E02003815,Cheshire East 026,E06000049,Cheshire East,11268.5
E02003816,Cheshire East 027,E06000049,Cheshire East,14055.75
E02003817,Cheshire East 028,E06000049,Cheshire East,23663.75
E02003818,Cheshire East 029,E06000049,Cheshire East,28166.75
E02003819,Cheshire East 030,E06000049,Cheshire East,23217.0
E02003820,Cheshire East 031,E06000049,Cheshire East,23359.2
E02003821,Cheshire East 032,E06000049,Cheshire East,15419.0
E02003822,Cheshire East 033,E06000049,Cheshire East,21179.625
E02003823,Cheshire East 040,E06000049,Cheshire East,20771.0
E02003824,Cheshire East 042,E06000049,Cheshire East,25902.666666666668
E02003825,Cheshire East 034,E06000049,Cheshire East,19944.0
E02003826,Cheshire East 035,E06000049,Cheshire East,7124.4
E02003827,Cheshire East 036,E06000049,Cheshire East,6671.833333333333
E02003828,Cheshire East 037,E06000049,Cheshire East,8331.5
E02003829,Cheshire East 038,E06000049,Cheshire East,16778.5
E02003830,Cheshire East 039,E06000049,Cheshire East,6368.6
E02003831,Cheshire East 041,E06000049,Cheshire East,22672.0
E02003832,Cheshire East 043,E06000049,Cheshire East,12004.0
E02003833,Cheshire East 044,E06000049,Cheshire East,14450.25
E02003834,Cheshire East 045,E06000049,Cheshire East,11641.5
E02003835,Cheshire East 046,E06000049,Cheshire East,27023.5
E02003836,Cheshire East 047,E06000049,Cheshire East,17355.0
E02003838,Cheshire East 048,E06000049,Cheshire East,22751.2
E02003839,Cheshire East 050,E06000049,Cheshire East,18267.6
E02003840,Cheshire East 051,E06000049,Cheshire East,26681.4
E02003841,Cheshire West and Chester 001,E06000050,Cheshire West and Chester,17062.75
E02003842,Cheshire West and Chester 004,E06000050,Cheshire West and Chester,24117.25
E02003843,Cheshire West and Chester 005,E06000050,Cheshire West and Chester,8096.5
E02003844,Cheshire West and Chester 006,E06000050,Cheshire West and Chester,22505.5
E02003845,Cheshire West and Chester 007,E06000050,Cheshire West and Chester,4566.0
E02003846,Cheshire West and Chester 008,E06000050,Cheshire West and Chester,4309.4
E02003847,Cheshire West and Chester 009,E06000050,Cheshire West and Chester,22263.285714285714
E02003848,Cheshire West and Chester 010,E06000050,Cheshire West and Chester,6908.75
E02003849,Cheshire West and Chester 011,E06000050,Cheshire West and Chester,2742.4
E02003850,Cheshire West and Chester 013,E06000050,Cheshire West and Chester,16789.25
E02003851,Cheshire West and Chester 014,E06000050,Cheshire West and Chester,19927.75
E02003852,Cheshire West and Chester 016,E06000050,Cheshire West and Chester,21972.0
E02003853,Cheshire East 001,E06000049,Cheshire East,25035.5
E02003854,Cheshire East 002,E06000049,Cheshire East,24782.6
E02003855,Cheshire East 003,E06000049,Cheshire East,29387.5
E02003856,Cheshire East 004,E06000049,Cheshire East,17383.166666666668
E02003857,Cheshire East 005,E06000049,Cheshire East,24255.0
E02003858,Cheshire East 006,E06000049,Cheshire East,30559.5
E02003859,Cheshire East 007,E06000049,Cheshire East,25201.571428571428
E02003860,Cheshire East 008,E06000049,Cheshire East,32599.0
E02003861,Cheshire East 009,E06000049,Cheshire East,18545.0
E02003862,Cheshire East 011,E06000049,Cheshire East,31687.0
E02003863,Cheshire East 010,E06000049,Cheshire East,28260.6
E02003864,Cheshire East 012,E06000049,Cheshire East,28874.4
E02003865,Cheshire East 013,E06000049,Cheshire East,24806.8
E02003866,Cheshire East 014,E06000049,Cheshire East,28695.25
E02003867,Cheshire East 015,E06000049,Cheshire East,20822.4
E02003868,Cheshire East 016,E06000049,Cheshire East,11756.5
E02003869,Cheshire East 017,E06000049,Cheshire East,21821.8
E02003870,Cheshire East 018,E06000049,Cheshire East,14647.714285714286
E02003871,Cheshire East 019,E06000049,Cheshire East,10606.25
E02003872,Cheshire East 020,E06000049,Cheshire East,28033.2
E02003873,Cheshire East 021,E06000049,Cheshire East,6898.5
E02003874,Cheshire West and Chester 002,E06000050,Cheshire West and Chester,23008.5
E02003875,Cheshire West and Chester 003,E06000050,Cheshire West and Chester,29366.666666666668
E02003876,Cheshire West and Chester 012,E06000050,Cheshire West and Chester,16671.5
E02003877,Cheshire West and Chester 015,E06000050,Cheshire West and Chester,28346.0
E02003878,Cheshire West and Chester 017,E06000050,Cheshire West and Chester,18216.8
E02003879,Cheshire West and Chester 018,E06000050,Cheshire West and Chester,12276.0
E02003880,Cheshire West and Chester 019,E06000050,Cheshire West and Chester,15609.5
E02003881,Cheshire West and Chester 020,E06000050,Cheshire West and Chester,10810.0
E02003882,Cheshire West and Chester 021,E06000050,Cheshire West and Chester,10236.0
E02003883,Cheshire West and Chester 023,E06000050,Cheshire West and Chester,25884.666666666668
E02003884,Cheshire West and Chester 024,E06000050,Cheshire West and Chester,26534.2
E02003885,Cheshire West and Chester 026,E06000050,Cheshire West and Chester,23668.0
E02003886,Cheshire West and Chester 035,E06000050,Cheshire West and Chester,7942.75
E02003887,Cheshire West and Chester 037,E06000050,Cheshire West and Chester,14592.75
E02003888,Cheshire West and Chester 038,E06000050,Cheshire West and Chester,4274.5
E02003889,Cheshire West and Chester 040,E06000050,Cheshire West and Chester,5509.5
E02003890,Cheshire West and Chester 042,E06000050,Cheshire West and Chester,10941.0
E02003891,Cheshire West and Chester 045,E06000050,Cheshire West and Chester,26967.0
E02003892,Cornwall 010,E06000052,Cornwall,20207.0
E02003893,Cornwall 012,E06000052,Cornwall,20569.25
E02003894,Cornwall 013,E06000052,Cornwall,17946.25
E02003895,Cornwall 016,E06000052,Cornwall,13285.333333333334
E02003896,Cornwall 017,E06000052,Cornwall,9042.75
E02003897,Cornwall 022,E06000052,Cornwall,22467.25
E02003898,Cornwall 023,E06000052,Cornwall,22624.25
E02003899,Cornwall 025,E06000052,Cornwall,11657.0
E02003900,Cornwall 026,E06000052,Cornwall,16654.0
E02003901,Cornwall 028,E06000052,Cornwall,16511.4
E02003902,Cornwall 029,E06000052,Cornwall,11251.75
E02003903,Cornwall 034,E06000052,Cornwall,21373.666666666668
E02003904,Cornwall 037,E06000052,Cornwall,17427.666666666668
E02003905,Cornwall 032,E06000052,Cornwall,21465.0
E02003906,Cornwall 033,E06000052,Cornwall,20995.5
E02003907,Cornwall 040,E06000052,Cornwall,19943.6
E02003908,Cornwall 042,E06000052,Cornwall,19099.5
E02003909,Cornwall 043,E06000052,Cornwall,14035.142857142857
E02003910,Cornwall 044,E06000052,Cornwall,12461.4
E02003911,Cornwall 047,E06000052,Cornwall,25686.8
E02003912,Cornwall 048,E06000052,Cornwall,23648.2
E02003913,Cornwall 056,E06000052,Cornwall,23389.5
E02003914,Cornwall 060,E06000052,Cornwall,18616.5
E02003915,Cornwall 062,E06000052,Cornwall,11447.0
E02003916,Cornwall 063,E06000052,Cornwall,25913.75
E02003917,Cornwall 064,E06000052,Cornwall,25368.2
E02003918,Cornwall 045,E06000052,Cornwall,16127.6
E02003919,Cornwall 046,E06000052,Cornwall,9025.0
E02003920,Cornwall 049,E06000052,Cornwall,15989.0
E02003921,Cornwall 050,E06000052,Cornwall,16579.0
E02003922,Cornwall 051,E06000052,Cornwall,11384.4
E02003923,Cornwall 052,E06000052,Cornwall,10505.2
E02003924,Cornwall 053,E06000052,Cornwall,10432.0
E02003925,Cornwall 055,E06000052,Cornwall,10271.0
E02003926,Cornwall 059,E06000052,Cornwall,24247.75
E02003927,Cornwall 066,E06000052,Cornwall,26004.6
E02003928,Cornwall 071,E06000052,Cornwall,19448.0
E02003929,Cornwall 072,E06000052,Cornwall,19346.8
E02003930,Cornwall 073,E06000052,Cornwall,23484.0
E02003931,Cornwall 001,E06000052,Cornwall,16942.833333333332
E02003932,Cornwall 002,E06000052,Cornwall,23359.333333333332
E02003933,Cornwall 003,E06000052,Cornwall,20096.25
E02003934,Cornwall 004,E06000052,Cornwall,20016.75
E02003935,Cornwall 005,E06000052,Cornwall,11768.666666666666
E02003936,Cornwall 006,E06000052,Cornwall,19920.2
E02003937,Cornwall 007,E06000052,Cornwall,25235.666666666668
E02003938,Cornwall 008,E06000052,Cornwall,21052.0
E02003939,Cornwall 009,E06000052,Cornwall,18802.75
E02003940,Cornwall 011,E06000052,Cornwall,20189.5
E02003941,Cornwall 014,E06000052,Cornwall,15833.0
E02003942,Cornwall 015,E06000052,Cornwall,10007.4
E02003943,Cornwall 054,E06000052,Cornwall,17430.2
E02003944,Cornwall 057,E06000052,Cornwall,15810.333333333334
E02003945,Cornwall 058,E06000052,Cornwall,22089.333333333332
E02003946,Cornwall 061,E06000052,Cornwall,20392.4
E02003947,Cornwall 065,E06000052,Cornwall,18254.75
E02003948,Cornwall 067,E06000052,Cornwall,11223.4
E02003949,Cornwall 068,E06000052,Cornwall,8501.25
E02003950,Cornwall 069,E06000052,Cornwall,18975.0
E02003951,Cornwall 070,E06000052,Cornwall,15912.0
E02003952,Cornwall 018,E06000052,Cornwall,13994.833333333334
E02003953,Cornwall 019,E06000052,Cornwall,18859.5
E02003954,Cornwall 020,E06000052,Cornwall,16978.25
E02003955,Cornwall 021,E06000052,Cornwall,18136.166666666668
E02003956,Cornwall 024,E06000052,Cornwall,12871.0
E02003957,Cornwall 027,E06000052,Cornwall,17008.333333333332
E02003958,Cornwall 030,E06000052,Cornwall,15945.2
E02003959,Cornwall 031,E06000052,Cornwall,14874.25
E02003960,Cornwall 035,E06000052,Cornwall,19891.25
E02003961,Cornwall 036,E06000052,Cornwall,18360.5
E02003962,Cornwall 038,E06000052,Cornwall,11926.25
E02003963,Cornwall 039,E06000052,Cornwall,10116.5
E02003964,Cornwall 041,E06000052,Cornwall,23682.0
E02003965,Allerdale 001,E06000063,Cumberland,11793.142857142857
E02003966,Allerdale 002,E06000063,Cumberland,23952.25
E02003967,Allerdale 003,E06000063,Cumberland,13603.6
E02003968,Allerdale 004,E06000063,Cumberland,9863.8
E02003969,Allerdale 005,E06000063,Cumberland,3329.0
E02003970,Allerdale 006,E06000063,Cumberland,21543.4
E02003971,Allerdale 007,E06000063,Cumberland,22537.4
E02003972,Allerdale 008,E06000063,Cumberland,9520.5
E02003973,Allerdale 009,E06000063,Cumberland,2726.2
E02003974,Allerdale 010,E06000063,Cumberland,7262.6
E02003975,Allerdale 011,E06000063,Cumberland,14391.0
E02003976,Allerdale 012,E06000063,Cumberland,24784.25
E02003977,Barrow-in-Furness 001,E06000064,Westmorland and Furness,14274.0
E02003978,Barrow-in-Furness 002,E06000064,Westmorland and Furness,12661.75
E02003979,Barrow-in-Furness 003,E06000064,Westmorland and Furness,14531.666666666666
E02003980,Barrow-in-Furness 004,E06000064,Westmorland and Furness,2200.2
E02003981,Barrow-in-Furness 005,E06000064,Westmorland and Furness,8134.4
E02003982,Barrow-in-Furness 006,E06000064,Westmorland and Furness,14061.4
E02003983,Barrow-in-Furness 007,E06000064,Westmorland and Furness,2116.4
E02003984,Barrow-in-Furness 008,E06000064,Westmorland and Furness,579.4
E02003985,Barrow-in-Furness 009,E06000064,Westmorland and Furness,7961.5
E02003986,Barrow-in-Furness 010,E06000064,Westmorland and Furness,5885.8
E02003987,Carlisle 001,E06000063,Cumberland,14383.0
E02003988,Carlisle 002,E06000063,Cumberland,13606.75
E02003989,Carlisle 003,E06000063,Cumberland,16543.2
E02003990,Carlisle 004,E06000063,Cumberland,21908.333333333332
E02003991,Carlisle 005,E06000063,Cumberland,19697.2
E02003992,Carlisle 006,E06000063,Cumberland,7532.0
E02003993,Carlisle 007,E06000063,Cumberland,25591.6
E02003994,Carlisle 008,E06000063,Cumberland,6383.4
E02003995,Carlisle 009,E06000063,Cumberland,4356.333333333333
E02003996,Carlisle 010,E06000063,Cumberland,6139.0
E02003997,Carlisle 011,E06000063,Cumberland,3139.6666666666665
E02003998,Carlisle 012,E06000063,Cumberland,6072.2
E02003999,Carlisle 013,E06000063,Cumberland,17162.5
E02004000,Copeland 001,E06000063,Cumberland,6610.666666666667
E02004001,Copeland 002,E06000063,Cumberland,5089.25
E02004002,Copeland 003,E06000063,Cumberland,11835.857142857143
E02004003,Copeland 004,E06000063,Cumberland,6129.75
E02004004,Copeland 005,E06000063,Cumberland,4383.0
E02004005,Copeland 006,E06000063,Cumberland,6101.4
E02004006,Copeland 007,E06000063,Cumberland,16571.333333333332
E02004007,Copeland 008,E06000063,Cumberland,9324.57142857143
E02004008,Eden 001,E06000064,Westmorland and Furness,28971.75
E02004009,Eden 002,E06000064,Westmorland and Furness,30507.75
E02004010,Eden 003,E06000064,Westmorland and Furness,15045.8
E02004011,Eden 004,E06000064,Westmorland and Furness,27859.428571428572
E02004012,Eden 005,E06000064,Westmorland and Furness,30792.0
E02004013,Eden 006,E06000064,Westmorland and Furness,27425.85714285714
E02004014,Eden 007,E06000064,Westmorland and Furness,27002.8
E02004015,South Lakeland 001,E06000064,Westmorland and Furness,28203.25
E02004016,South Lakeland 002,E06000064,Westmorland and Furness,29377.25
E02004017,South Lakeland 003,E06000064,Westmorland and Furness,23103.5
E02004018,South Lakeland 004,E06000064,Westmorland and Furness,14299.5
E02004019,South Lakeland 005,E06000064,Westmorland and Furness,28914.5
E02004020,South Lakeland 006,E06000064,Westmorland and Furness,23461.4
E02004021,South Lakeland 007,E06000064,Westmorland and Furness,30675.0
E02004022,South Lakeland 008,E06000064,Westmorland and Furness,29435.25
E02004023,South Lakeland 009,E06000064,Westmorland and Furness,29777.75
E02004024,South Lakeland 010,E06000064,Westmorland and Furness,31234.5
E02004025,South Lakeland 011,E06000064,Westmorland and Furness,27847.0
E02004026,South Lakeland 012,E06000064,Westmorland and Furness,17942.75
E02004027,South Lakeland 013,E06000064,Westmorland and Furness,23847.6
E02004028,South Lakeland 014,E06000064,Westmorland and Furness,24783.6
E02004029,Amber Valley 001,E07000032,Amber Valley,7476.5
E02004030,Amber Valley 002,E07000032,Amber Valley,21344.75
E02004031,Amber Valley 003,E07000032,Amber Valley,3873.4
E02004032,Amber Valley 004,E07000032,Amber Valley,18036.333333333332
E02004033,Amber Valley 005,E07000032,Amber Valley,10922.166666666666
E02004034,Amber Valley 006,E07000032,Amber Valley,15724.2
E02004035,Amber Valley 007,E07000032,Amber Valley,24800.25
E02004036,Amber Valley 008,E07000032,Amber Valley,10031.833333333334
E02004037,Amber Valley 009,E07000032,Amber Valley,21344.2
E02004038,Amber Valley 010,E07000032,Amber Valley,16397.25
E02004039,Amber Valley 011,E07000032,Amber Valley,21216.2
E02004040,Amber Valley 012,E07000032,Amber Valley,16509.2
E02004041,Amber Valley 013,E07000032,Amber Valley,11877.8
E02004043,Amber Valley 015,E07000032,Amber Valley,17096.0
E02004044,Amber Valley 016,E07000032,Amber Valley,29767.0
E02004045,Bolsover 001,E07000033,Bolsover,12031.0
E02004046,Bolsover 002,E07000033,Bolsover,8561.75
E02004047,Bolsover 003,E07000033,Bolsover,3637.5
E02004048,Bolsover 004,E07000033,Bolsover,5583.25
E02004049,Bolsover 005,E07000033,Bolsover,6657.0
E02004050,Bolsover 006,E07000033,Bolsover,4075.6
E02004051,Bolsover 007,E07000033,Bolsover,4293.4
E02004052,Bolsover 008,E07000033,Bolsover,10691.6
E02004053,Bolsover 009,E07000033,Bolsover,7113.2
E02004054,Bolsover 010,E07000033,Bolsover,11336.333333333334
E02004055,Chesterfield 001,E07000034,Chesterfield,4841.8
E02004056,Chesterfield 002,E07000034,Chesterfield,2780.6
E02004057,Chesterfield 003,E07000034,Chesterfield,4769.0
E02004058,Chesterfield 004,E07000034,Chesterfield,3080.8
E02004059,Chesterfield 005,E07000034,Chesterfield,8448.0
E02004060,Chesterfield 006,E07000034,Chesterfield,4008.2
E02004061,Chesterfield 007,E07000034,Chesterfield,6266.8
E02004062,Chesterfield 008,E07000034,Chesterfield,7845.833333333333
E02004063,Chesterfield 009,E07000034,Chesterfield,13094.2
E02004064,Chesterfield 010,E07000034,Chesterfield,4169.333333333333
E02004065,Chesterfield 011,E07000034,Chesterfield,18958.166666666668
E02004066,Chesterfield 012,E07000034,Chesterfield,8660.57142857143
E02004067,Chesterfield 013,E07000034,Chesterfield,1611.5
E02004068,Derbyshire Dales 001,E07000035,Derbyshire Dales,27625.25
E02004069,Derbyshire Dales 002,E07000035,Derbyshire Dales,28096.75
E02004072,Derbyshire Dales 005,E07000035,Derbyshire Dales,18933.166666666668
E02004073,Derbyshire Dales 006,E07000035,Derbyshire Dales,16020.666666666666
E02004074,Derbyshire Dales 007,E07000035,Derbyshire Dales,19048.5
E02004075,Derbyshire Dales 008,E07000035,Derbyshire Dales,26596.25
E02004076,Derbyshire Dales 009,E07000035,Derbyshire Dales,20630.25
E02004077,Derbyshire Dales 010,E07000035,Derbyshire Dales,31011.25
E02004078,Erewash 001,E07000036,Erewash,3376.6
E02004080,Erewash 003,E07000036,Erewash,8121.166666666667
E02004081,Erewash 004,E07000036,Erewash,21392.0
E02004082,Erewash 005,E07000036,Erewash,21921.5
E02004083,Erewash 006,E07000036,Erewash,13735.2
E02004084,Erewash 007,E07000036,Erewash,6253.0
E02004085,Erewash 008,E07000036,Erewash,14534.833333333334
E02004086,Erewash 009,E07000036,Erewash,17419.8
E02004087,Erewash 010,E07000036,Erewash,12239.4
E02004088,Erewash 011,E07000036,Erewash,23276.0
E02004089,Erewash 012,E07000036,Erewash,6274.5
E02004090,Erewash 013,E07000036,Erewash,15309.0
E02004091,Erewash 014,E07000036,Erewash,17236.5
E02004092,Erewash 015,E07000036,Erewash,13329.333333333334
E02004093,High Peak 001,E07000037,High Peak,15253.0
E02004094,High Peak 002,E07000037,High Peak,8724.2
E02004095,High Peak 003,E07000037,High Peak,13648.166666666666
E02004096,High Peak 004,E07000037,High Peak,24115.0
E02004097,High Peak 005,E07000037,High Peak,21427.2
E02004098,High Peak 006,E07000037,High Peak,13253.6
E02004100,High Peak 008,E07000037,High Peak,21439.4
E02004102,High Peak 010,E07000037,High Peak,7639.0
E02004103,High Peak 011,E07000037,High Peak,8460.8
E02004104,High Peak 012,E07000037,High Peak,20164.75
E02004105,North East Derbyshire 001,E07000038,North East Derbyshire,13095.714285714286
E02004106,North East Derbyshire 002,E07000038,North East Derbyshire,21016.25
E02004108,North East Derbyshire 004,E07000038,North East Derbyshire,10563.8
E02004109,North East Derbyshire 005,E07000038,North East Derbyshire,24698.25
E02004110,North East Derbyshire 006,E07000038,North East Derbyshire,26777.6
E02004111,North East Derbyshire 007,E07000038,North East Derbyshire,8538.25
E02004112,North East Derbyshire 008,E07000038,North East Derbyshire,22439.25
E02004113,North East Derbyshire 009,E07000038,North East Derbyshire,3611.6666666666665
E02004114,North East Derbyshire 010,E07000038,North East Derbyshire,22525.0
E02004115,North East Derbyshire 011,E07000038,North East Derbyshire,11272.333333333334
E02004116,North East Derbyshire 012,E07000038,North East Derbyshire,5260.4
E02004117,North East Derbyshire 013,E07000038,North East Derbyshire,12016.0
E02004118,South Derbyshire 001,E07000039,South Derbyshire,19549.75
E02004119,South Derbyshire 002,E07000039,South Derbyshire,22015.285714285714
E02004120,South Derbyshire 003,E07000039,South Derbyshire,20667.5
E02004121,South Derbyshire 004,E07000039,South Derbyshire,23522.6
E02004122,South Derbyshire 005,E07000039,South Derbyshire,27689.5
E02004123,South Derbyshire 006,E07000039,South Derbyshire,25868.75
E02004124,South Derbyshire 007,E07000039,South Derbyshire,13163.0
E02004125,South Derbyshire 008,E07000039,South Derbyshire,9490.666666666666
E02004126,South Derbyshire 009,E07000039,South Derbyshire,10996.25
E02004128,South Derbyshire 011,E07000039,South Derbyshire,15812.5
E02004129,East Devon 001,E07000040,East Devon,27362.333333333332
E02004130,East Devon 002,E07000040,East Devon,14464.25
E02004131,East Devon 003,E07000040,East Devon,23350.25
E02004132,East Devon 004,E07000040,East Devon,25825.0
E02004133,East Devon 005,E07000040,East Devon,19522.166666666668
E02004135,East Devon 007,E07000040,East Devon,26550.2
E02004136,East Devon 008,E07000040,East Devon,26115.8
E02004137,East Devon 009,E07000040,East Devon,27764.0
E02004138,East Devon 010,E07000040,East Devon,20414.8
E02004139,East Devon 011,E07000040,East Devon,21049.75
E02004140,East Devon 012,E07000040,East Devon,25665.666666666668
E02004141,East Devon 013,E07000040,East Devon,23971.666666666668
E02004142,East Devon 014,E07000040,East Devon,29304.666666666668
E02004143,East Devon 015,E07000040,East Devon,20645.5
E02004144,East Devon 016,E07000040,East Devon,22442.0
E02004145,East Devon 017,E07000040,East Devon,22205.25
E02004146,East Devon 018,E07000040,East Devon,16231.8
E02004147,East Devon 019,E07000040,East Devon,14434.75
E02004148,East Devon 020,E07000040,East Devon,16957.5
E02004149,Exeter 001,E07000041,Exeter,25868.0
E02004150,Exeter 002,E07000041,Exeter,11262.8
E02004151,Exeter 003,E07000041,Exeter,13488.2
E02004152,Exeter 004,E07000041,Exeter,11628.2
E02004153,Exeter 005,E07000041,Exeter,13132.6
E02004154,Exeter 006,E07000041,Exeter,15687.4
E02004155,Exeter 007,E07000041,Exeter,12539.6
E02004156,Exeter 008,E07000041,Exeter,6009.833333333333
E02004157,Exeter 009,E07000041,Exeter,16882.75
E02004158,Exeter 010,E07000041,Exeter,10512.6
E02004159,Exeter 011,E07000041,Exeter,19980.571428571428
E02004160,Exeter 012,E07000041,Exeter,14141.8
E02004161,Exeter 013,E07000041,Exeter,7359.0
E02004162,Exeter 014,E07000041,Exeter,12602.2
E02004163,Exeter 015,E07000041,Exeter,14464.833333333334
E02004164,Mid Devon 001,E07000042,Mid Devon,24576.25
E02004165,Mid Devon 002,E07000042,Mid Devon,19585.6
E02004166,Mid Devon 003,E07000042,Mid Devon,25102.0
E02004167,Mid Devon 004,E07000042,Mid Devon,8612.0
E02004168,Mid Devon 005,E07000042,Mid Devon,7190.25
E02004169,Mid Devon 006,E07000042,Mid Devon,22100.5
E02004170,Mid Devon 007,E07000042,Mid Devon,17033.25
E02004171,Mid Devon 008,E07000042,Mid Devon,23662.5
E02004172,Mid Devon 009,E07000042,Mid Devon,22493.0
E02004173,Mid Devon 010,E07000042,Mid Devon,23041.25
E02004174,Mid Devon 011,E07000042,Mid Devon,16948.25
E02004175,North Devon 001,E07000043,North Devon,9219.75
E02004176,North Devon 002,E07000043,North Devon,20670.75
E02004177,North Devon 003,E07000043,North Devon,11692.25
E02004178,North Devon 004,E07000043,North Devon,29228.0
E02004179,North Devon 005,E07000043,North Devon,20612.0
E02004180,North Devon 006,E07000043,North Devon,26698.333333333332
E02004181,North Devon 007,E07000043,North Devon,13544.25
E02004182,North Devon 008,E07000043,North Devon,9069.75
E02004183,North Devon 009,E07000043,North Devon,14585.5
E02004184,North Devon 010,E07000043,North Devon,10818.666666666666
E02004185,North Devon 011,E07000043,North Devon,19868.25
E02004186,North Devon 012,E07000043,North Devon,20039.0
E02004187,North Devon 013,E07000043,North Devon,19688.6
E02004188,North Devon 014,E07000043,North Devon,20622.666666666668
E02004189,South Hams 001,E07000044,South Hams,25766.75
E02004190,South Hams 002,E07000044,South Hams,22814.0
E02004191,South Hams 003,E07000044,South Hams,17770.8
E02004192,South Hams 004,E07000044,South Hams,27312.75
E02004193,South Hams 005,E07000044,South Hams,25206.85714285714
E02004194,South Hams 006,E07000044,South Hams,29292.666666666668
E02004195,South Hams 007,E07000044,South Hams,19721.5
E02004196,South Hams 008,E07000044,South Hams,26070.75
E02004197,South Hams 009,E07000044,South Hams,29009.75
E02004198,South Hams 010,E07000044,South Hams,24318.333333333332
E02004199,South Hams 011,E07000044,South Hams,29268.666666666668
E02004200,South Hams 012,E07000044,South Hams,28921.0
E02004201,Teignbridge 001,E07000045,Teignbridge,24159.25
E02004202,Teignbridge 002,E07000045,Teignbridge,18050.2
E02004203,Teignbridge 003,E07000045,Teignbridge,25207.25
E02004204,Teignbridge 004,E07000045,Teignbridge,19881.0
E02004205,Teignbridge 005,E07000045,Teignbridge,14324.6
E02004206,Teignbridge 006,E07000045,Teignbridge,13360.25
E02004207,Teignbridge 007,E07000045,Teignbridge,20527.0
E02004208,Teignbridge 008,E07000045,Teignbridge,22770.8
E02004209,Teignbridge 009,E07000045,Teignbridge,16706.0
E02004210,Teignbridge 010,E07000045,Teignbridge,8099.5
E02004211,Teignbridge 011,E07000045,Teignbridge,24050.4
E02004212,Teignbridge 012,E07000045,Teignbridge,17336.25
E02004213,Teignbridge 013,E07000045,Teignbridge,19227.4
E02004214,Teignbridge 014,E07000045,Teignbridge,7406.75
E02004215,Teignbridge 015,E07000045,Teignbridge,12525.25
E02004216,Teignbridge 016,E07000045,Teignbridge,14622.0
E02004217,Teignbridge 017,E07000045,Teignbridge,18501.6
E02004218,Teignbridge 018,E07000045,Teignbridge,18708.75
E02004219,Teignbridge 019,E07000045,Teignbridge,22899.0
E02004220,Torridge 001,E07000046,Torridge,14301.5
E02004221,Torridge 002,E07000046,Torridge,15087.5
E02004222,Torridge 003,E07000046,Torridge,12147.333333333334
E02004223,Torridge 004,E07000046,Torridge,11840.666666666666
E02004224,Torridge 005,E07000046,Torridge,23008.75
E02004225,Torridge 006,E07000046,Torridge,14225.75
E02004226,Torridge 007,E07000046,Torridge,21629.25
E02004227,Torridge 008,E07000046,Torridge,20720.6
E02004228,Torridge 009,E07000046,Torridge,22941.25
E02004229,West Devon 001,E07000047,West Devon,18214.0
E02004230,West Devon 002,E07000047,West Devon,14192.25
E02004231,West Devon 003,E07000047,West Devon,21304.25
E02004232,West Devon 004,E07000047,West Devon,23937.75
E02004233,West Devon 005,E07000047,West Devon,18802.0
E02004234,West Devon 006,E07000047,West Devon,23953.5
E02004235,West Devon 007,E07000047,West Devon,20457.75
E02004236,"Bournemouth, Christchurch and Poole 002",E06000058,"Bournemouth, Christchurch and Poole",19755.25
E02004237,"Bournemouth, Christchurch and Poole 014",E06000058,"Bournemouth, Christchurch and Poole",21249.0
E02004238,"Bournemouth, Christchurch and Poole 019",E06000058,"Bournemouth, Christchurch and Poole",24028.25
E02004239,"Bournemouth, Christchurch and Poole 018",E06000058,"Bournemouth, Christchurch and Poole",28370.25
E02004240,"Bournemouth, Christchurch and Poole 024",E06000058,"Bournemouth, Christchurch and Poole",7583.25
E02004241,"Bournemouth, Christchurch and Poole 031",E06000058,"Bournemouth, Christchurch and Poole",15630.0
E02004242,"Bournemouth, Christchurch and Poole 033",E06000058,"Bournemouth, Christchurch and Poole",27412.5
E02004243,Dorset 007,E06000059,Dorset,27261.25
E02004244,Dorset 010,E06000059,Dorset,26070.6
E02004245,Dorset 012,E06000059,Dorset,21943.0
E02004246,Dorset 015,E06000059,Dorset,26528.75
E02004247,Dorset 013,E06000059,Dorset,28182.5
E02004248,Dorset 016,E06000059,Dorset,19708.4
E02004249,Dorset 017,E06000059,Dorset,29151.5
E02004250,Dorset 018,E06000059,Dorset,17427.6
E02004251,Dorset 020,E06000059,Dorset,25745.2
E02004252,Dorset 021,E06000059,Dorset,20707.0
E02004253,Dorset 024,E06000059,Dorset,27717.166666666668
E02004254,Dorset 025,E06000059,Dorset,27440.14285714286
E02004255,Dorset 001,E06000059,Dorset,18931.25
E02004256,Dorset 002,E06000059,Dorset,29278.4
E02004257,Dorset 003,E06000059,Dorset,20854.2
E02004258,Dorset 005,E06000059,Dorset,22583.5
E02004259,Dorset 006,E06000059,Dorset,26285.75
E02004260,Dorset 009,E06000059,Dorset,27960.5
E02004261,Dorset 011,E06000059,Dorset,19652.2
E02004262,Dorset 014,E06000059,Dorset,26293.0
E02004263,Dorset 027,E06000059,Dorset,26554.666666666668
E02004264,Dorset 028,E06000059,Dorset,19499.4
E02004265,Dorset 033,E06000059,Dorset,19508.833333333332
E02004266,Dorset 035,E06000059,Dorset,19127.8
E02004267,Dorset 039,E06000059,Dorset,27372.333333333332
E02004268,Dorset 042,E06000059,Dorset,18382.571428571428
E02004269,Dorset 004,E06000059,Dorset,20204.428571428572
E02004270,Dorset 008,E06000059,Dorset,29435.75
E02004271,Dorset 019,E06000059,Dorset,23344.166666666668
E02004272,Dorset 022,E06000059,Dorset,27870.8
E02004273,Dorset 023,E06000059,Dorset,25223.5
E02004274,Dorset 026,E06000059,Dorset,16156.5
E02004275,Dorset 029,E06000059,Dorset,27258.25
E02004276,Dorset 030,E06000059,Dorset,19477.666666666668
E02004278,Dorset 034,E06000059,Dorset,22673.666666666668
E02004279,Dorset 036,E06000059,Dorset,23683.5
E02004280,Dorset 037,E06000059,Dorset,20081.6
E02004281,Dorset 038,E06000059,Dorset,12997.0
E02004282,Dorset 040,E06000059,Dorset,23360.6
E02004283,Dorset 041,E06000059,Dorset,17789.4
E02004284,Dorset 044,E06000059,Dorset,6454.5
E02004285,Dorset 043,E06000059,Dorset,11485.25
E02004286,Dorset 045,E06000059,Dorset,19508.666666666668
E02004287,Dorset 046,E06000059,Dorset,17241.75
E02004288,Dorset 047,E06000059,Dorset,11265.333333333334
E02004289,Dorset 048,E06000059,Dorset,14492.0
E02004290,County Durham 002,E06000047,County Durham,12874.5
E02004291,County Durham 005,E06000047,County Durham,5742.75
E02004292,County Durham 007,E06000047,County Durham,15982.4
E02004293,County Durham 011,E06000047,County Durham,3879.0
E02004294,County Durham 013,E06000047,County Durham,17508.6
E02004295,County Durham 015,E06000047,County Durham,8320.8
E02004296,County Durham 019,E06000047,County Durham,5366.8
E02004297,County Durham 001,E06000047,County Durham,12412.6
E02004298,County Durham 003,E06000047,County Durham,14532.5
E02004299,County Durham 004,E06000047,County Durham,5484.2
E02004300,County Durham 006,E06000047,County Durham,2764.8
E02004301,County Durham 008,E06000047,County Durham,2288.0
E02004302,County Durham 009,E06000047,County Durham,1770.6
E02004303,County Durham 010,E06000047,County Durham,6080.0
E02004304,County Durham 012,E06000047,County Durham,3851.0
E02004305,County Durham 014,E06000047,County Durham,6832.857142857143
E02004306,County Durham 020,E06000047,County Durham,13697.75
E02004307,County Durham 024,E06000047,County Durham,9845.0
E02004308,County Durham 022,E06000047,County Durham,16532.8
E02004309,County Durham 023,E06000047,County Durham,12551.75
E02004310,County Durham 026,E06000047,County Durham,7208.2
E02004311,County Durham 027,E06000047,County Durham,7481.5
E02004312,County Durham 028,E06000047,County Durham,14613.4
E02004313,County Durham 029,E06000047,County Durham,4283.25
E02004314,County Durham 030,E06000047,County Durham,13683.75
E02004315,County Durham 033,E06000047,County Durham,24776.714285714286
E02004316,County Durham 031,E06000047,County Durham,5689.0
E02004317,County Durham 038,E06000047,County Durham,4787.4
E02004318,County Durham 041,E06000047,County Durham,10674.0
E02004319,County Durham 044,E06000047,County Durham,7855.4
E02004320,County Durham 016,E06000047,County Durham,12648.2
E02004321,County Durham 017,E06000047,County Durham,2445.5
E02004322,County Durham 018,E06000047,County Durham,1061.0
E02004323,County Durham 021,E06000047,County Durham,4512.8
E02004324,County Durham 025,E06000047,County Durham,4259.5
E02004325,County Durham 032,E06000047,County Durham,613.3333333333334
E02004326,County Durham 034,E06000047,County Durham,3040.0
E02004327,County Durham 036,E06000047,County Durham,1216.75
E02004328,County Durham 035,E06000047,County Durham,2346.0
E02004329,County Durham 037,E06000047,County Durham,6066.8
E02004330,County Durham 039,E06000047,County Durham,1923.25
E02004331,County Durham 040,E06000047,County Durham,2540.6
E02004332,County Durham 043,E06000047,County Durham,6371.0
E02004333,County Durham 047,E06000047,County Durham,11495.6
E02004334,County Durham 048,E06000047,County Durham,3697.4
E02004335,County Durham 049,E06000047,County Durham,5956.2
E02004336,County Durham 050,E06000047,County Durham,2279.0
E02004337,County Durham 052,E06000047,County Durham,5803.5
E02004338,County Durham 053,E06000047,County Durham,3333.0
E02004339,County Durham 054,E06000047,County Durham,15969.75
E02004340,County Durham 059,E06000047,County Durham,3122.0
E02004341,County Durham 060,E06000047,County Durham,10525.5
E02004342,County Durham 061,E06000047,County Durham,681.25
E02004343,County Durham 062,E06000047,County Durham,3544.0
E02004344,County Durham 063,E06000047,County Durham,3537.0
E02004345,County Durham 064,E06000047,County Durham,11354.0
E02004348,County Durham 042,E06000047,County Durham,13423.6
E02004349,County Durham 045,E06000047,County Durham,3805.3333333333335
E02004350,County Durham 046,E06000047,County Durham,7995.5
E02004351,County Durham 051,E06000047,County Durham,3619.0
E02004352,County Durham 055,E06000047,County Durham,3040.6
E02004353,County Durham 056,E06000047,County Durham,7682.4
E02004354,County Durham 057,E06000047,County Durham,7088.166666666667
E02004355,County Durham 058,E06000047,County Durham,1357.2
E02004356,Eastbourne 001,E07000061,Eastbourne,6728.0
E02004357,Eastbourne 002,E07000061,Eastbourne,8672.8
E02004358,Eastbourne 003,E07000061,Eastbourne,8741.0
E02004359,Eastbourne 004,E07000061,Eastbourne,10163.2
E02004361,Eastbourne 006,E07000061,Eastbourne,18214.8
E02004362,Eastbourne 007,E07000061,Eastbourne,13922.4
E02004363,Eastbourne 008,E07000061,Eastbourne,13969.75
E02004364,Eastbourne 009,E07000061,Eastbourne,15975.6
E02004365,Eastbourne 010,E07000061,Eastbourne,4864.75
E02004366,Eastbourne 011,E07000061,Eastbourne,9209.75
E02004367,Eastbourne 012,E07000061,Eastbourne,19084.75
E02004368,Hastings 001,E07000062,Hastings,14478.0
E02004369,Hastings 002,E07000062,Hastings,16403.0
E02004370,Hastings 003,E07000062,Hastings,2119.0
E02004371,Hastings 004,E07000062,Hastings,7746.5
E02004372,Hastings 005,E07000062,Hastings,3646.25
E02004373,Hastings 006,E07000062,Hastings,9708.6
E02004374,Hastings 007,E07000062,Hastings,11004.4
E02004375,Hastings 008,E07000062,Hastings,8614.8
E02004376,Hastings 009,E07000062,Hastings,4846.0
E02004377,Hastings 010,E07000062,Hastings,9163.666666666666
E02004378,Hastings 011,E07000062,Hastings,3920.0
E02004379,Lewes 001,E07000063,Lewes,25636.2
E02004380,Lewes 002,E07000063,Lewes,29886.2
E02004381,Lewes 003,E07000063,Lewes,19067.5
E02004382,Lewes 004,E07000063,Lewes,22375.5
E02004383,Lewes 005,E07000063,Lewes,19961.6
E02004384,Lewes 006,E07000063,Lewes,20297.4
E02004385,Lewes 007,E07000063,Lewes,14894.2
E02004386,Lewes 008,E07000063,Lewes,13739.75
E02004387,Lewes 009,E07000063,Lewes,10246.75
E02004388,Lewes 010,E07000063,Lewes,10968.0
E02004389,Lewes 011,E07000063,Lewes,22374.5
E02004390,Lewes 012,E07000063,Lewes,17308.2
E02004391,Lewes 013,E07000063,Lewes,13441.5
E02004392,Rother 001,E07000064,Rother,22913.166666666668
E02004393,Rother 002,E07000064,Rother,17393.25
E02004394,Rother 003,E07000064,Rother,20027.6
E02004395,Rother 004,E07000064,Rother,14130.8
E02004396,Rother 005,E07000064,Rother,18926.6
E02004397,Rother 006,E07000064,Rother,18302.2
E02004398,Rother 007,E07000064,Rother,5606.5
E02004399,Rother 008,E07000064,Rother,11170.4
E02004400,Rother 009,E07000064,Rother,17335.428571428572
E02004401,Rother 010,E07000064,Rother,17961.2
E02004402,Rother 011,E07000064,Rother,6968.8
E02004403,Wealden 001,E07000065,Wealden,29599.25
E02004404,Wealden 002,E07000065,Wealden,31244.25
E02004405,Wealden 003,E07000065,Wealden,29627.0
E02004406,Wealden 004,E07000065,Wealden,27628.75
E02004407,Wealden 005,E07000065,Wealden,29829.4
E02004408,Wealden 006,E07000065,Wealden,23706.4
E02004409,Wealden 007,E07000065,Wealden,31496.0
E02004410,Wealden 008,E07000065,Wealden,31423.0
E02004411,Wealden 009,E07000065,Wealden,23630.333333333332
E02004412,Wealden 010,E07000065,Wealden,28968.4
E02004413,Wealden 011,E07000065,Wealden,28199.0
E02004414,Wealden 012,E07000065,Wealden,24156.0
E02004415,Wealden 013,E07000065,Wealden,28603.25
E02004416,Wealden 014,E07000065,Wealden,27441.0
E02004417,Wealden 015,E07000065,Wealden,20193.0
E02004418,Wealden 016,E07000065,Wealden,20586.25
E02004419,Wealden 017,E07000065,Wealden,12609.75
E02004420,Wealden 018,E07000065,Wealden,23347.777777777777
E02004421,Wealden 019,E07000065,Wealden,19167.666666666668
E02004422,Wealden 020,E07000065,Wealden,23133.666666666668
E02004423,Wealden 021,E07000065,Wealden,24590.4
E02004424,Basildon 001,E07000066,Basildon,31739.0
E02004425,Basildon 002,E07000066,Basildon,25830.6
E02004426,Basildon 003,E07000066,Basildon,27169.6
E02004427,Basildon 004,E07000066,Basildon,27669.6
E02004428,Basildon 005,E07000066,Basildon,19973.25
E02004429,Basildon 006,E07000066,Basildon,24986.8
E02004430,Basildon 007,E07000066,Basildon,24391.8
E02004431,Basildon 008,E07000066,Basildon,18411.2
E02004432,Basildon 009,E07000066,Basildon,23570.75
E02004433,Basildon 010,E07000066,Basildon,14982.6
E02004434,Basildon 011,E07000066,Basildon,8745.0
E02004435,Basildon 012,E07000066,Basildon,11601.0
E02004436,Basildon 013,E07000066,Basildon,3238.4
E02004437,Basildon 014,E07000066,Basildon,11598.666666666666
E02004438,Basildon 015,E07000066,Basildon,7926.6
E02004439,Basildon 016,E07000066,Basildon,6798.2
E02004440,Basildon 017,E07000066,Basildon,12293.0
E02004441,Basildon 018,E07000066,Basildon,8323.4
E02004442,Basildon 019,E07000066,Basildon,5261.8
E02004443,Basildon 020,E07000066,Basildon,19555.333333333332
E02004444,Basildon 021,E07000066,Basildon,23558.333333333332
E02004445,Basildon 022,E07000066,Basildon,8145.2
E02004446,Braintree 001,E07000067,Braintree,27089.5
E02004447,Braintree 002,E07000067,Braintree,30348.0
E02004448,Braintree 003,E07000067,Braintree,25923.25
E02004449,Braintree 004,E07000067,Braintree,15944.0
E02004450,Braintree 005,E07000067,Braintree,26837.5
E02004451,Braintree 006,E07000067,Braintree,23275.8
E02004452,Braintree 007,E07000067,Braintree,20603.333333333332
E02004453,Braintree 008,E07000067,Braintree,11693.75
E02004454,Braintree 009,E07000067,Braintree,16821.2
E02004455,Braintree 010,E07000067,Braintree,27438.75
E02004456,Braintree 011,E07000067,Braintree,15343.0
E02004457,Braintree 012,E07000067,Braintree,16192.0
E02004458,Braintree 013,E07000067,Braintree,26604.4
E02004459,Braintree 014,E07000067,Braintree,22898.833333333332
E02004460,Braintree 015,E07000067,Braintree,16274.666666666666
E02004461,Braintree 016,E07000067,Braintree,11038.0
E02004462,Braintree 017,E07000067,Braintree,16228.42857142857
E02004463,Braintree 018,E07000067,Braintree,21965.8
E02004464,Brentwood 001,E07000068,Brentwood,28247.0
E02004465,Brentwood 002,E07000068,Brentwood,27995.75
E02004466,Brentwood 003,E07000068,Brentwood,23328.4
E02004467,Brentwood 004,E07000068,Brentwood,18961.6
E02004468,Brentwood 005,E07000068,Brentwood,31849.166666666668
E02004469,Brentwood 006,E07000068,Brentwood,29653.75
E02004470,Brentwood 007,E07000068,Brentwood,24110.625
E02004471,Brentwood 008,E07000068,Brentwood,20384.4
E02004472,Brentwood 009,E07000068,Brentwood,30794.25
E02004473,Castle Point 001,E07000069,Castle Point,22497.2
E02004474,Castle Point 002,E07000069,Castle Point,22104.0
E02004475,Castle Point 003,E07000069,Castle Point,22530.75
E02004476,Castle Point 004,E07000069,Castle Point,27161.0
E02004477,Castle Point 005,E07000069,Castle Point,27505.75
E02004478,Castle Point 006,E07000069,Castle Point,17424.0
E02004479,Castle Point 007,E07000069,Castle Point,22776.0
E02004480,Castle Point 008,E07000069,Castle Point,16764.4
E02004481,Castle Point 009,E07000069,Castle Point,15364.0
E02004482,Castle Point 010,E07000069,Castle Point,7323.5
E02004483,Castle Point 011,E07000069,Castle Point,15490.2
E02004484,Castle Point 012,E07000069,Castle Point,13347.6
E02004485,Chelmsford 001,E07000070,Chelmsford,25474.6
E02004486,Chelmsford 002,E07000070,Chelmsford,28574.2
E02004487,Chelmsford 003,E07000070,Chelmsford,19905.2
E02004488,Chelmsford 004,E07000070,Chelmsford,24427.571428571428
E02004489,Chelmsford 005,E07000070,Chelmsford,26086.2
E02004490,Chelmsford 006,E07000070,Chelmsford,9422.0
E02004491,Chelmsford 007,E07000070,Chelmsford,28449.6
E02004492,Chelmsford 008,E07000070,Chelmsford,23150.166666666668
E02004493,Chelmsford 009,E07000070,Chelmsford,18448.0
E02004495,Chelmsford 011,E07000070,Chelmsford,25304.666666666668
E02004496,Chelmsford 012,E07000070,Chelmsford,28329.6
E02004497,Chelmsford 013,E07000070,Chelmsford,29498.8
E02004498,Chelmsford 014,E07000070,Chelmsford,18085.166666666668
E02004499,Chelmsford 015,E07000070,Chelmsford,28335.2
E02004500,Chelmsford 016,E07000070,Chelmsford,26942.8
E02004501,Chelmsford 017,E07000070,Chelmsford,24293.6
E02004502,Chelmsford 018,E07000070,Chelmsford,27557.5
E02004503,Chelmsford 019,E07000070,Chelmsford,30487.2
E02004504,Chelmsford 020,E07000070,Chelmsford,26462.5
E02004505,Chelmsford 021,E07000070,Chelmsford,25920.0
E02004506,Colchester 001,E07000071,Colchester,26650.0
E02004507,Colchester 002,E07000071,Colchester,13163.666666666666
E02004508,Colchester 003,E07000071,Colchester,22398.0
E02004512,Colchester 007,E07000071,Colchester,13279.833333333334
E02004513,Colchester 008,E07000071,Colchester,5270.428571428572
E02004514,Colchester 009,E07000071,Colchester,19606.0
E02004515,Colchester 010,E07000071,Colchester,20210.5
E02004516,Colchester 011,E07000071,Colchester,12169.625
E02004517,Colchester 012,E07000071,Colchester,18244.2
E02004518,Colchester 013,E07000071,Colchester,23654.75
E02004519,Colchester 014,E07000071,Colchester,19944.0
E02004520,Colchester 015,E07000071,Colchester,10091.0
E02004521,Colchester 016,E07000071,Colchester,10761.833333333334
E02004522,Colchester 017,E07000071,Colchester,25340.0
E02004523,Colchester 018,E07000071,Colchester,8836.833333333334
E02004524,Colchester 019,E07000071,Colchester,24804.8
E02004525,Colchester 020,E07000071,Colchester,19831.6
E02004526,Colchester 021,E07000071,Colchester,20591.4
E02004527,Epping Forest 001,E07000072,Epping Forest,30966.0
E02004528,Epping Forest 002,E07000072,Epping Forest,28750.6
E02004529,Epping Forest 003,E07000072,Epping Forest,31477.0
E02004530,Epping Forest 004,E07000072,Epping Forest,28015.25
E02004531,Epping Forest 005,E07000072,Epping Forest,28551.0
E02004532,Epping Forest 006,E07000072,Epping Forest,30045.75
E02004533,Epping Forest 007,E07000072,Epping Forest,18221.2
E02004534,Epping Forest 008,E07000072,Epping Forest,23919.4
E02004535,Epping Forest 009,E07000072,Epping Forest,22410.666666666668
E02004536,Epping Forest 010,E07000072,Epping Forest,31068.0
E02004537,Epping Forest 011,E07000072,Epping Forest,18788.5
E02004538,Epping Forest 012,E07000072,Epping Forest,30345.666666666668
E02004539,Epping Forest 013,E07000072,Epping Forest,22976.0
E02004540,Epping Forest 014,E07000072,Epping Forest,30591.5
E02004541,Epping Forest 015,E07000072,Epping Forest,29640.285714285714
E02004542,Epping Forest 016,E07000072,Epping Forest,30072.0
E02004543,Epping Forest 017,E07000072,Epping Forest,27393.0
E02004544,Harlow 001,E07000073,Harlow,23987.428571428572
E02004545,Harlow 002,E07000073,Harlow,14831.6
E02004546,Harlow 003,E07000073,Harlow,15601.2
E02004547,Harlow 004,E07000073,Harlow,16964.2
E02004548,Harlow 005,E07000073,Harlow,27752.6
E02004549,Harlow 006,E07000073,Harlow,15793.0
E02004550,Harlow 007,E07000073,Harlow,14530.166666666666
E02004551,Harlow 008,E07000073,Harlow,13115.8
E02004552,Harlow 009,E07000073,Harlow,19091.8
E02004553,Harlow 010,E07000073,Harlow,13156.6
E02004554,Harlow 011,E07000073,Harlow,18912.6
E02004555,Maldon 001,E07000074,Maldon,27358.5
E02004556,Maldon 002,E07000074,Maldon,29032.0
E02004557,Maldon 003,E07000074,Maldon,20985.0
E02004558,Maldon 004,E07000074,Maldon,16645.25
E02004559,Maldon 005,E07000074,Maldon,20949.5
E02004560,Maldon 006,E07000074,Maldon,19813.8
E02004561,Maldon 007,E07000074,Maldon,23114.14285714286
E02004562,Maldon 008,E07000074,Maldon,22555.333333333332
E02004563,Rochford 001,E07000075,Rochford,26134.5
E02004564,Rochford 002,E07000075,Rochford,26535.0
E02004566,Rochford 004,E07000075,Rochford,13700.25
E02004567,Rochford 005,E07000075,Rochford,29356.2
E02004568,Rochford 006,E07000075,Rochford,24370.4
E02004569,Rochford 007,E07000075,Rochford,20037.2
E02004570,Rochford 008,E07000075,Rochford,24759.333333333332
E02004571,Rochford 009,E07000075,Rochford,26629.4
E02004572,Rochford 010,E07000075,Rochford,19499.2
E02004573,Tendring 001,E07000076,Tendring,5327.25
E02004574,Tendring 002,E07000076,Tendring,7435.75
E02004575,Tendring 003,E07000076,Tendring,16128.57142857143
E02004576,Tendring 004,E07000076,Tendring,11090.833333333334
E02004577,Tendring 005,E07000076,Tendring,16046.75
E02004578,Tendring 006,E07000076,Tendring,8497.2
E02004579,Tendring 007,E07000076,Tendring,10600.0
E02004580,Tendring 008,E07000076,Tendring,12410.875
E02004581,Tendring 009,E07000076,Tendring,15433.25
E02004582,Tendring 010,E07000076,Tendring,7206.75
E02004583,Tendring 011,E07000076,Tendring,12065.0
E02004584,Tendring 012,E07000076,Tendring,9775.5
E02004585,Tendring 013,E07000076,Tendring,6943.6
E02004586,Tendring 014,E07000076,Tendring,5295.2
E02004587,Tendring 015,E07000076,Tendring,2834.6
E02004588,Tendring 016,E07000076,Tendring,429.0
E02004589,Tendring 017,E07000076,Tendring,5520.8
E02004590,Tendring 018,E07000076,Tendring,4111.0
E02004591,Uttlesford 001,E07000077,Uttlesford,33380.75
E02004592,Uttlesford 002,E07000077,Uttlesford,28970.428571428572
E02004593,Uttlesford 003,E07000077,Uttlesford,32740.0
E02004594,Uttlesford 004,E07000077,Uttlesford,30579.5
E02004595,Uttlesford 005,E07000077,Uttlesford,32351.571428571428
E02004596,Uttlesford 006,E07000077,Uttlesford,30954.0
E02004597,Uttlesford 007,E07000077,Uttlesford,28547.0
E02004598,Uttlesford 008,E07000077,Uttlesford,32425.333333333332
E02004599,Uttlesford 009,E07000077,Uttlesford,32890.0
E02004600,Cheltenham 001,E07000078,Cheltenham,22029.75
E02004601,Cheltenham 002,E07000078,Cheltenham,31317.5
E02004602,Cheltenham 003,E07000078,Cheltenham,13608.25
E02004603,Cheltenham 004,E07000078,Cheltenham,13119.0
E02004604,Cheltenham 005,E07000078,Cheltenham,9785.2
E02004605,Cheltenham 006,E07000078,Cheltenham,10007.25
E02004606,Cheltenham 007,E07000078,Cheltenham,16290.857142857143
E02004607,Cheltenham 008,E07000078,Cheltenham,24179.166666666668
E02004608,Cheltenham 009,E07000078,Cheltenham,23118.428571428572
E02004609,Cheltenham 010,E07000078,Cheltenham,26989.5
E02004610,Cheltenham 011,E07000078,Cheltenham,30151.2
E02004611,Cheltenham 012,E07000078,Cheltenham,28263.125
E02004612,Cheltenham 013,E07000078,Cheltenham,27461.428571428572
E02004613,Cheltenham 014,E07000078,Cheltenham,32605.0
E02004614,Cheltenham 015,E07000078,Cheltenham,31577.333333333332
E02004615,Cotswold 001,E07000079,Cotswold,30222.0
E02004616,Cotswold 002,E07000079,Cotswold,28182.0
E02004617,Cotswold 003,E07000079,Cotswold,27742.666666666668
E02004618,Cotswold 004,E07000079,Cotswold,32379.25
E02004619,Cotswold 005,E07000079,Cotswold,32170.75
E02004620,Cotswold 006,E07000079,Cotswold,27318.8
E02004621,Cotswold 007,E07000079,Cotswold,21199.5
E02004622,Cotswold 008,E07000079,Cotswold,22355.0
E02004623,Cotswold 009,E07000079,Cotswold,29812.0
E02004624,Cotswold 010,E07000079,Cotswold,29844.25
E02004625,Cotswold 011,E07000079,Cotswold,29400.0
E02004626,Forest of Dean 001,E07000080,Forest of Dean,26280.8
E02004627,Forest of Dean 002,E07000080,Forest of Dean,23836.666666666668
E02004628,Forest of Dean 003,E07000080,Forest of Dean,18709.4
E02004629,Forest of Dean 004,E07000080,Forest of Dean,17346.285714285714
E02004630,Forest of Dean 005,E07000080,Forest of Dean,20892.0
E02004631,Forest of Dean 006,E07000080,Forest of Dean,25883.333333333332
E02004632,Forest of Dean 007,E07000080,Forest of Dean,18527.285714285714
E02004633,Forest of Dean 008,E07000080,Forest of Dean,22977.6
E02004634,Forest of Dean 009,E07000080,Forest of Dean,18763.666666666668
E02004635,Forest of Dean 010,E07000080,Forest of Dean,26633.4
E02004636,Gloucester 001,E07000081,Gloucester,24907.4
E02004637,Gloucester 002,E07000081,Gloucester,7666.8
E02004638,Gloucester 003,E07000081,Gloucester,20835.5
E02004639,Gloucester 004,E07000081,Gloucester,6151.428571428572
E02004640,Gloucester 005,E07000081,Gloucester,5749.2
E02004641,Gloucester 006,E07000081,Gloucester,24363.6
E02004642,Gloucester 007,E07000081,Gloucester,16631.428571428572
E02004643,Gloucester 008,E07000081,Gloucester,6547.4
E02004644,Gloucester 009,E07000081,Gloucester,12071.166666666666
E02004645,Gloucester 010,E07000081,Gloucester,24723.333333333332
E02004646,Gloucester 011,E07000081,Gloucester,7424.666666666667
E02004647,Gloucester 012,E07000081,Gloucester,11658.0
E02004648,Gloucester 013,E07000081,Gloucester,14180.5
E02004649,Gloucester 014,E07000081,Gloucester,22442.0
E02004650,Gloucester 015,E07000081,Gloucester,12781.777777777777
E02004651,Stroud 001,E07000082,Stroud,22080.166666666668
E02004652,Stroud 002,E07000082,Stroud,29615.5
E02004653,Stroud 003,E07000082,Stroud,28288.75
E02004654,Stroud 004,E07000082,Stroud,22775.833333333332
E02004655,Stroud 005,E07000082,Stroud,19282.8
E02004656,Stroud 006,E07000082,Stroud,18374.166666666668
E02004657,Stroud 007,E07000082,Stroud,26981.2
E02004658,Stroud 008,E07000082,Stroud,30501.0
E02004659,Stroud 009,E07000082,Stroud,27318.2
E02004660,Stroud 010,E07000082,Stroud,25570.0
E02004661,Stroud 011,E07000082,Stroud,23221.5
E02004662,Stroud 012,E07000082,Stroud,26361.25
E02004663,Stroud 013,E07000082,Stroud,24803.5
E02004664,Stroud 014,E07000082,Stroud,19258.5
E02004665,Stroud 015,E07000082,Stroud,27812.0
E02004666,Tewkesbury 001,E07000083,Tewkesbury,26026.571428571428
E02004667,Tewkesbury 002,E07000083,Tewkesbury,20716.428571428572
E02004668,Tewkesbury 003,E07000083,Tewkesbury,29042.2
E02004669,Tewkesbury 004,E07000083,Tewkesbury,29908.5
E02004671,Tewkesbury 006,E07000083,Tewkesbury,25859.75
E02004672,Tewkesbury 007,E07000083,Tewkesbury,25923.125
E02004673,Tewkesbury 008,E07000083,Tewkesbury,23896.25
E02004674,Tewkesbury 009,E07000083,Tewkesbury,16603.0
E02004675,Basingstoke and Deane 001,E07000084,Basingstoke and Deane,22137.8
E02004676,Basingstoke and Deane 002,E07000084,Basingstoke and Deane,27496.833333333332
E02004677,Basingstoke and Deane 003,E07000084,Basingstoke and Deane,28916.8
E02004678,Basingstoke and Deane 004,E07000084,Basingstoke and Deane,28657.2
E02004679,Basingstoke and Deane 005,E07000084,Basingstoke and Deane,25594.285714285714
E02004680,Basingstoke and Deane 006,E07000084,Basingstoke and Deane,28133.4
E02004681,Basingstoke and Deane 007,E07000084,Basingstoke and Deane,11941.375
E02004682,Basingstoke and Deane 008,E07000084,Basingstoke and Deane,24893.25
E02004683,Basingstoke and Deane 009,E07000084,Basingstoke and Deane,13746.4
E02004684,Basingstoke and Deane 010,E07000084,Basingstoke and Deane,14375.714285714286
E02004685,Basingstoke and Deane 011,E07000084,Basingstoke and Deane,15877.8
E02004686,Basingstoke and Deane 012,E07000084,Basingstoke and Deane,19881.2
E02004687,Basingstoke and Deane 013,E07000084,Basingstoke and Deane,13335.0
E02004688,Basingstoke and Deane 014,E07000084,Basingstoke and Deane,10734.8
E02004689,Basingstoke and Deane 015,E07000084,Basingstoke and Deane,27846.5
E02004690,Basingstoke and Deane 016,E07000084,Basingstoke and Deane,24802.0
E02004691,Basingstoke and Deane 017,E07000084,Basingstoke and Deane,30005.4
E02004692,Basingstoke and Deane 018,E07000084,Basingstoke and Deane,28522.0
E02004693,Basingstoke and Deane 019,E07000084,Basingstoke and Deane,15052.6
E02004694,Basingstoke and Deane 020,E07000084,Basingstoke and Deane,27678.25
E02004695,Basingstoke and Deane 021,E07000084,Basingstoke and Deane,27419.166666666668
E02004696,Basingstoke and Deane 022,E07000084,Basingstoke and Deane,28336.75
E02004697,East Hampshire 001,E07000085,East Hampshire,30234.25
E02004698,East Hampshire 002,E07000085,East Hampshire,13000.0
E02004699,East Hampshire 003,E07000085,East Hampshire,28470.428571428572
E02004700,East Hampshire 004,E07000085,East Hampshire,19714.5
E02004702,East Hampshire 006,E07000085,East Hampshire,21373.8
E02004703,East Hampshire 007,E07000085,East Hampshire,30821.333333333332
E02004704,East Hampshire 008,E07000085,East Hampshire,27871.5
E02004705,East Hampshire 009,E07000085,East Hampshire,27891.6
E02004706,East Hampshire 010,E07000085,East Hampshire,26917.0
E02004707,East Hampshire 011,E07000085,East Hampshire,32577.4
E02004708,East Hampshire 012,E07000085,East Hampshire,21999.833333333332
E02004709,East Hampshire 013,E07000085,East Hampshire,30482.4
E02004710,East Hampshire 014,E07000085,East Hampshire,26460.75
E02004712,Eastleigh 001,E07000086,Eastleigh,31586.0
E02004713,Eastleigh 002,E07000086,Eastleigh,27193.0
E02004714,Eastleigh 003,E07000086,Eastleigh,28476.2
E02004715,Eastleigh 004,E07000086,Eastleigh,18451.4
E02004716,Eastleigh 005,E07000086,Eastleigh,21588.333333333332
E02004717,Eastleigh 006,E07000086,Eastleigh,15118.375
E02004718,Eastleigh 007,E07000086,Eastleigh,15208.0
E02004719,Eastleigh 008,E07000086,Eastleigh,27005.428571428572
E02004720,Eastleigh 009,E07000086,Eastleigh,23501.85714285714
E02004721,Eastleigh 010,E07000086,Eastleigh,25767.85714285714
E02004722,Eastleigh 011,E07000086,Eastleigh,18701.8
E02004723,Eastleigh 012,E07000086,Eastleigh,26946.166666666668
E02004724,Eastleigh 013,E07000086,Eastleigh,19418.4
E02004725,Eastleigh 014,E07000086,Eastleigh,19470.0
E02004726,Eastleigh 015,E07000086,Eastleigh,26717.333333333332
E02004727,Fareham 001,E07000087,Fareham,30169.2
E02004728,Fareham 002,E07000087,Fareham,23976.5
E02004729,Fareham 003,E07000087,Fareham,18892.0
E02004730,Fareham 004,E07000087,Fareham,29382.666666666668
E02004731,Fareham 005,E07000087,Fareham,30692.4
E02004732,Fareham 006,E07000087,Fareham,31143.0
E02004733,Fareham 007,E07000087,Fareham,27587.6
E02004734,Fareham 008,E07000087,Fareham,23678.0
E02004735,Fareham 009,E07000087,Fareham,29095.4
E02004736,Fareham 010,E07000087,Fareham,28063.4
E02004737,Fareham 011,E07000087,Fareham,14558.0
E02004738,Fareham 012,E07000087,Fareham,23732.2
E02004739,Fareham 013,E07000087,Fareham,26604.75
E02004740,Fareham 014,E07000087,Fareham,29622.0
E02004741,Gosport 001,E07000088,Gosport,11479.4
E02004742,Gosport 002,E07000088,Gosport,7461.2
E02004743,Gosport 003,E07000088,Gosport,17407.0
E02004744,Gosport 004,E07000088,Gosport,7670.0
E02004745,Gosport 005,E07000088,Gosport,10451.5
E02004746,Gosport 006,E07000088,Gosport,20486.428571428572
E02004747,Gosport 007,E07000088,Gosport,12714.5
E02004748,Gosport 008,E07000088,Gosport,6032.571428571428
E02004749,Gosport 009,E07000088,Gosport,22214.2
E02004750,Gosport 010,E07000088,Gosport,16592.333333333332
E02004751,Hart 001,E07000089,Hart,31604.8
E02004752,Hart 002,E07000089,Hart,33402.8
E02004753,Hart 003,E07000089,Hart,32288.714285714286
E02004754,Hart 004,E07000089,Hart,30621.25
E02004755,Hart 005,E07000089,Hart,33235.28571428572
E02004756,Hart 006,E07000089,Hart,32399.0
E02004757,Hart 007,E07000089,Hart,33559.2
E02004758,Hart 008,E07000089,Hart,31311.833333333332
E02004759,Hart 009,E07000089,Hart,33515.2
E02004760,Hart 010,E07000089,Hart,32444.5
E02004761,Hart 011,E07000089,Hart,31360.0
E02004764,Havant 003,E07000090,Havant,20328.8
E02004765,Havant 004,E07000090,Havant,27202.5
E02004766,Havant 005,E07000090,Havant,11129.5
E02004767,Havant 006,E07000090,Havant,7148.75
E02004768,Havant 007,E07000090,Havant,13724.75
E02004769,Havant 008,E07000090,Havant,5428.5
E02004770,Havant 009,E07000090,Havant,5046.4
E02004771,Havant 010,E07000090,Havant,6991.8
E02004772,Havant 011,E07000090,Havant,21423.333333333332
E02004774,Havant 013,E07000090,Havant,25397.5
E02004775,Havant 014,E07000090,Havant,16592.714285714286
E02004776,Havant 015,E07000090,Havant,19300.75
E02004777,Havant 016,E07000090,Havant,15618.0
E02004778,Havant 017,E07000090,Havant,16325.75
E02004779,New Forest 001,E07000091,New Forest,26917.85714285714
E02004780,New Forest 002,E07000091,New Forest,14544.0
E02004781,New Forest 003,E07000091,New Forest,22756.0
E02004782,New Forest 004,E07000091,New Forest,14149.2
E02004783,New Forest 005,E07000091,New Forest,22394.8
E02004784,New Forest 006,E07000091,New Forest,24495.75
E02004785,New Forest 007,E07000091,New Forest,26988.75
E02004786,New Forest 008,E07000091,New Forest,22451.666666666668
E02004787,New Forest 009,E07000091,New Forest,24544.6
E02004788,New Forest 010,E07000091,New Forest,27420.0
E02004789,New Forest 011,E07000091,New Forest,20099.166666666668
E02004790,New Forest 012,E07000091,New Forest,20772.6
E02004791,New Forest 013,E07000091,New Forest,13758.5
E02004792,New Forest 014,E07000091,New Forest,23444.333333333332
E02004793,New Forest 015,E07000091,New Forest,30894.75
E02004794,New Forest 016,E07000091,New Forest,27999.0
E02004795,New Forest 017,E07000091,New Forest,28130.4
E02004796,New Forest 018,E07000091,New Forest,27859.833333333332
E02004797,New Forest 019,E07000091,New Forest,23341.0
E02004798,New Forest 020,E07000091,New Forest,13103.25
E02004799,New Forest 021,E07000091,New Forest,20131.0
E02004800,New Forest 022,E07000091,New Forest,28827.75
E02004801,New Forest 023,E07000091,New Forest,29873.2
E02004802,Rushmoor 001,E07000092,Rushmoor,22455.25
E02004803,Rushmoor 002,E07000092,Rushmoor,19328.0
E02004804,Rushmoor 003,E07000092,Rushmoor,29205.2
E02004805,Rushmoor 004,E07000092,Rushmoor,32595.0
E02004806,Rushmoor 005,E07000092,Rushmoor,31089.8
E02004807,Rushmoor 006,E07000092,Rushmoor,26231.5
E02004808,Rushmoor 007,E07000092,Rushmoor,25113.571428571428
E02004809,Rushmoor 008,E07000092,Rushmoor,22107.5
E02004810,Rushmoor 009,E07000092,Rushmoor,25375.0
E02004811,Rushmoor 010,E07000092,Rushmoor,25292.8
E02004812,Rushmoor 011,E07000092,Rushmoor,29938.25
E02004813,Rushmoor 012,E07000092,Rushmoor,17302.5
E02004814,Test Valley 001,E07000093,Test Valley,27223.0
E02004815,Test Valley 002,E07000093,Test Valley,7855.4
E02004817,Test Valley 004,E07000093,Test Valley,14733.6
E02004818,Test Valley 005,E07000093,Test Valley,26321.5
E02004819,Test Valley 006,E07000093,Test Valley,24032.0
E02004820,Test Valley 007,E07000093,Test Valley,27393.25
E02004821,Test Valley 008,E07000093,Test Valley,31784.333333333332
E02004822,Test Valley 009,E07000093,Test Valley,29364.0
E02004823,Test Valley 010,E07000093,Test Valley,26320.0
E02004824,Test Valley 011,E07000093,Test Valley,20023.0
E02004825,Test Valley 012,E07000093,Test Valley,26120.0
E02004826,Test Valley 013,E07000093,Test Valley,26334.833333333332
E02004827,Test Valley 014,E07000093,Test Valley,32112.2
E02004828,Test Valley 015,E07000093,Test Valley,28079.0
E02004829,Winchester 001,E07000094,Winchester,29516.666666666668
E02004830,Winchester 002,E07000094,Winchester,28981.25
E02004831,Winchester 003,E07000094,Winchester,29463.6
E02004832,Winchester 004,E07000094,Winchester,29017.2
E02004833,Winchester 005,E07000094,Winchester,23435.666666666668
E02004834,Winchester 006,E07000094,Winchester,13622.2
E02004835,Winchester 007,E07000094,Winchester,20618.0
E02004836,Winchester 008,E07000094,Winchester,14136.5
E02004837,Winchester 009,E07000094,Winchester,30144.2
E02004838,Winchester 010,E07000094,Winchester,30983.2
E02004839,Winchester 011,E07000094,Winchester,31760.0
E02004840,Winchester 012,E07000094,Winchester,27970.666666666668
E02004841,Winchester 013,E07000094,Winchester,22802.14285714286
E02004842,Winchester 014,E07000094,Winchester,27934.166666666668
E02004843,Broxbourne 001,E07000095,Broxbourne,29997.5
E02004844,Broxbourne 002,E07000095,Broxbourne,22042.4
E02004845,Broxbourne 003,E07000095,Broxbourne,22646.75
E02004846,Broxbourne 004,E07000095,Broxbourne,32688.5
E02004847,Broxbourne 005,E07000095,Broxbourne,21597.0
E02004848,Broxbourne 006,E07000095,Broxbourne,28318.0
E02004849,Broxbourne 007,E07000095,Broxbourne,30826.0
E02004850,Broxbourne 008,E07000095,Broxbourne,19635.6
E02004851,Broxbourne 009,E07000095,Broxbourne,17313.0
E02004852,Broxbourne 010,E07000095,Broxbourne,22678.8
E02004853,Broxbourne 011,E07000095,Broxbourne,19278.0
E02004854,Broxbourne 012,E07000095,Broxbourne,24009.75
E02004855,Broxbourne 013,E07000095,Broxbourne,15418.6
E02004856,Dacorum 001,E07000096,Dacorum,26953.25
E02004857,Dacorum 002,E07000096,Dacorum,30209.75
E02004858,Dacorum 003,E07000096,Dacorum,25854.666666666668
E02004859,Dacorum 004,E07000096,Dacorum,32756.0
E02004860,Dacorum 005,E07000096,Dacorum,19895.75
E02004861,Dacorum 006,E07000096,Dacorum,31545.75
E02004862,Dacorum 007,E07000096,Dacorum,14740.8
E02004863,Dacorum 008,E07000096,Dacorum,9096.0
E02004864,Dacorum 009,E07000096,Dacorum,32372.5
E02004865,Dacorum 010,E07000096,Dacorum,19788.333333333332
E02004866,Dacorum 011,E07000096,Dacorum,17356.5
E02004867,Dacorum 012,E07000096,Dacorum,27103.25
E02004868,Dacorum 013,E07000096,Dacorum,15686.25
E02004869,Dacorum 014,E07000096,Dacorum,27938.25
E02004870,Dacorum 015,E07000096,Dacorum,20222.714285714286
E02004871,Dacorum 016,E07000096,Dacorum,20558.666666666668
E02004872,Dacorum 017,E07000096,Dacorum,24901.0
E02004873,Dacorum 018,E07000096,Dacorum,27179.0
E02004874,Dacorum 019,E07000096,Dacorum,18862.75
E02004875,Dacorum 020,E07000096,Dacorum,18074.666666666668
E02004876,Dacorum 021,E07000096,Dacorum,29953.833333333332
E02004877,Dacorum 022,E07000096,Dacorum,30365.333333333332
E02004878,East Hertfordshire 001,E07000242,East Hertfordshire,30186.833333333332
E02004880,East Hertfordshire 003,E07000242,East Hertfordshire,32490.0
E02004881,East Hertfordshire 004,E07000242,East Hertfordshire,28080.0
E02004882,East Hertfordshire 005,E07000242,East Hertfordshire,31471.4
E02004883,East Hertfordshire 006,E07000242,East Hertfordshire,30718.5
E02004884,East Hertfordshire 007,E07000242,East Hertfordshire,26737.714285714286
E02004885,East Hertfordshire 008,E07000242,East Hertfordshire,32503.333333333332
E02004886,East Hertfordshire 009,E07000242,East Hertfordshire,28709.75
E02004887,East Hertfordshire 010,E07000242,East Hertfordshire,31903.666666666668
E02004888,East Hertfordshire 011,E07000242,East Hertfordshire,29392.8
E02004889,East Hertfordshire 012,E07000242,East Hertfordshire,27888.833333333332
E02004890,East Hertfordshire 013,E07000242,East Hertfordshire,28886.4
E02004891,East Hertfordshire 014,E07000242,East Hertfordshire,29828.2
E02004892,East Hertfordshire 015,E07000242,East Hertfordshire,22038.5
E02004893,East Hertfordshire 016,E07000242,East Hertfordshire,27531.666666666668
E02004894,East Hertfordshire 017,E07000242,East Hertfordshire,26157.833333333332
E02004895,East Hertfordshire 018,E07000242,East Hertfordshire,29876.0
E02004896,Hertsmere 001,E07000098,Hertsmere,26249.4
E02004897,Hertsmere 002,E07000098,Hertsmere,27042.25
E02004898,Hertsmere 003,E07000098,Hertsmere,16933.8
E02004899,Hertsmere 004,E07000098,Hertsmere,18626.75
E02004900,Hertsmere 005,E07000098,Hertsmere,28569.6
E02004901,Hertsmere 006,E07000098,Hertsmere,13403.4
E02004902,Hertsmere 007,E07000098,Hertsmere,17037.8
E02004903,Hertsmere 008,E07000098,Hertsmere,20089.5
E02004904,Hertsmere 009,E07000098,Hertsmere,17123.5
E02004905,Hertsmere 010,E07000098,Hertsmere,27603.75
E02004906,Hertsmere 011,E07000098,Hertsmere,17307.666666666668
E02004907,Hertsmere 012,E07000098,Hertsmere,26067.0
E02004908,Hertsmere 013,E07000098,Hertsmere,27895.666666666668
E02004909,North Hertfordshire 001,E07000099,North Hertfordshire,23675.333333333332
E02004910,North Hertfordshire 002,E07000099,North Hertfordshire,30754.5
E02004911,North Hertfordshire 003,E07000099,North Hertfordshire,18214.25
E02004912,North Hertfordshire 004,E07000099,North Hertfordshire,23804.571428571428
E02004914,North Hertfordshire 006,E07000099,North Hertfordshire,19245.6
E02004915,North Hertfordshire 007,E07000099,North Hertfordshire,16855.25
E02004916,North Hertfordshire 008,E07000099,North Hertfordshire,26144.8
E02004917,North Hertfordshire 009,E07000099,North Hertfordshire,18663.0
E02004918,North Hertfordshire 010,E07000099,North Hertfordshire,25842.2
E02004919,North Hertfordshire 011,E07000099,North Hertfordshire,22323.0
E02004920,North Hertfordshire 012,E07000099,North Hertfordshire,24602.833333333332
E02004921,North Hertfordshire 013,E07000099,North Hertfordshire,30090.2
E02004922,North Hertfordshire 014,E07000099,North Hertfordshire,26702.833333333332
E02004923,North Hertfordshire 015,E07000099,North Hertfordshire,28343.833333333332
E02004924,St Albans 001,E07000240,St Albans,32005.0
E02004925,St Albans 002,E07000240,St Albans,28092.4
E02004926,St Albans 003,E07000240,St Albans,33079.6
E02004927,St Albans 004,E07000240,St Albans,29134.75
E02004928,St Albans 005,E07000240,St Albans,32652.0
E02004929,St Albans 006,E07000240,St Albans,27340.75
E02004930,St Albans 007,E07000240,St Albans,29473.75
E02004931,St Albans 008,E07000240,St Albans,28410.25
E02004932,St Albans 009,E07000240,St Albans,19076.75
E02004933,St Albans 010,E07000240,St Albans,33355.0
E02004934,St Albans 011,E07000240,St Albans,27924.5
E02004935,St Albans 012,E07000240,St Albans,25498.6
E02004936,St Albans 013,E07000240,St Albans,31125.25
E02004937,St Albans 014,E07000240,St Albans,32644.0
E02004939,St Albans 016,E07000240,St Albans,22237.5
E02004940,St Albans 017,E07000240,St Albans,22607.6
E02004941,St Albans 018,E07000240,St Albans,23778.5
E02004942,St Albans 019,E07000240,St Albans,23918.75
E02004943,St Albans 020,E07000240,St Albans,29643.2
E02004944,Stevenage 001,E07000243,Stevenage,16892.0
E02004945,Stevenage 002,E07000243,Stevenage,19539.333333333332
E02004946,Stevenage 003,E07000243,Stevenage,13346.25
E02004948,Stevenage 005,E07000243,Stevenage,13764.25
E02004949,Stevenage 006,E07000243,Stevenage,12421.8
E02004950,Stevenage 007,E07000243,Stevenage,15117.75
E02004951,Stevenage 008,E07000243,Stevenage,11038.0
E02004952,Stevenage 009,E07000243,Stevenage,13219.2
E02004953,Stevenage 010,E07000243,Stevenage,13777.75
E02004954,Stevenage 011,E07000243,Stevenage,12679.0
E02004955,Stevenage 012,E07000243,Stevenage,15417.25
E02004956,Three Rivers 001,E07000102,Three Rivers,27880.833333333332
E02004957,Three Rivers 002,E07000102,Three Rivers,22574.333333333332
E02004958,Three Rivers 003,E07000102,Three Rivers,29462.25
E02004959,Three Rivers 004,E07000102,Three Rivers,31632.25
E02004960,Three Rivers 005,E07000102,Three Rivers,32952.25
E02004961,Three Rivers 006,E07000102,Three Rivers,31504.5
E02004962,Three Rivers 007,E07000102,Three Rivers,25944.8
E02004963,Three Rivers 008,E07000102,Three Rivers,23613.5
E02004964,Three Rivers 009,E07000102,Three Rivers,19204.75
E02004965,Three Rivers 010,E07000102,Three Rivers,25642.0
E02004966,Three Rivers 011,E07000102,Three Rivers,32326.75
E02004967,Three Rivers 012,E07000102,Three Rivers,12602.25
E02004968,Watford 001,E07000103,Watford,17016.5
E02004969,Watford 002,E07000103,Watford,22540.4
E02004970,Watford 003,E07000103,Watford,15272.2
E02004971,Watford 004,E07000103,Watford,19838.0
E02004972,Watford 005,E07000103,Watford,30107.5
E02004973,Watford 006,E07000103,Watford,22427.75
E02004974,Watford 007,E07000103,Watford,25946.6
E02004975,Watford 008,E07000103,Watford,30990.0
E02004976,Watford 009,E07000103,Watford,16367.0
E02004977,Watford 010,E07000103,Watford,20999.8
E02004978,Watford 011,E07000103,Watford,12832.0
E02004979,Watford 012,E07000103,Watford,26846.0
E02004980,Welwyn Hatfield 001,E07000241,Welwyn Hatfield,31347.5
E02004981,Welwyn Hatfield 002,E07000241,Welwyn Hatfield,24238.6
E02004982,Welwyn Hatfield 003,E07000241,Welwyn Hatfield,25252.0
E02004983,Welwyn Hatfield 004,E07000241,Welwyn Hatfield,17669.75
E02004984,Welwyn Hatfield 005,E07000241,Welwyn Hatfield,16506.75
E02004985,Welwyn Hatfield 006,E07000241,Welwyn Hatfield,24779.0
E02004986,Welwyn Hatfield 007,E07000241,Welwyn Hatfield,10566.666666666666
E02004987,Welwyn Hatfield 008,E07000241,Welwyn Hatfield,20850.75
E02004988,Welwyn Hatfield 009,E07000241,Welwyn Hatfield,15599.2
E02004989,Welwyn Hatfield 010,E07000241,Welwyn Hatfield,17469.0
E02004990,Welwyn Hatfield 011,E07000241,Welwyn Hatfield,21749.5
E02004991,Welwyn Hatfield 012,E07000241,Welwyn Hatfield,15472.5
E02004992,Welwyn Hatfield 013,E07000241,Welwyn Hatfield,18752.0
E02004994,Welwyn Hatfield 015,E07000241,Welwyn Hatfield,32476.5
E02004995,Welwyn Hatfield 016,E07000241,Welwyn Hatfield,31567.0
E02004996,Ashford 001,E07000105,Ashford,21731.666666666668
E02004997,Ashford 002,E07000105,Ashford,21198.0
E02004998,Ashford 003,E07000105,Ashford,24830.0
E02005000,Ashford 005,E07000105,Ashford,14102.5
E02005001,Ashford 006,E07000105,Ashford,20212.333333333332
E02005002,Ashford 007,E07000105,Ashford,16257.333333333334
E02005003,Ashford 008,E07000105,Ashford,12641.0
E02005004,Ashford 009,E07000105,Ashford,19459.125
E02005005,Ashford 010,E07000105,Ashford,22985.0
E02005006,Ashford 011,E07000105,Ashford,24693.0
E02005007,Ashford 012,E07000105,Ashford,21853.2
E02005008,Ashford 013,E07000105,Ashford,22974.5
E02005009,Ashford 014,E07000105,Ashford,23164.75
E02005010,Canterbury 001,E07000106,Canterbury,9755.4
E02005011,Canterbury 002,E07000106,Canterbury,20636.0
E02005012,Canterbury 003,E07000106,Canterbury,14835.6
E02005013,Canterbury 004,E07000106,Canterbury,13565.2
E02005014,Canterbury 005,E07000106,Canterbury,25353.6
E02005015,Canterbury 006,E07000106,Canterbury,19677.6
E02005016,Canterbury 007,E07000106,Canterbury,21881.8
E02005017,Canterbury 008,E07000106,Canterbury,24237.0
E02005018,Canterbury 009,E07000106,Canterbury,19868.6
E02005019,Canterbury 010,E07000106,Canterbury,19740.5
E02005020,Canterbury 011,E07000106,Canterbury,17666.4
E02005021,Canterbury 012,E07000106,Canterbury,27882.2
E02005022,Canterbury 013,E07000106,Canterbury,16554.8
E02005023,Canterbury 014,E07000106,Canterbury,4751.8
E02005025,Canterbury 016,E07000106,Canterbury,23649.0
E02005026,Canterbury 017,E07000106,Canterbury,23889.75
E02005027,Canterbury 018,E07000106,Canterbury,22339.0
E02005028,Dartford 001,E07000107,Dartford,13447.0
E02005029,Dartford 002,E07000107,Dartford,21613.14285714286
E02005030,Dartford 003,E07000107,Dartford,21070.0
E02005031,Dartford 004,E07000107,Dartford,12999.6
E02005032,Dartford 005,E07000107,Dartford,16078.6
E02005033,Dartford 006,E07000107,Dartford,12774.5
E02005034,Dartford 007,E07000107,Dartford,26541.8
E02005035,Dartford 008,E07000107,Dartford,20361.6
E02005036,Dartford 009,E07000107,Dartford,10883.25
E02005037,Dartford 010,E07000107,Dartford,25550.0
E02005038,Dartford 011,E07000107,Dartford,22540.25
E02005039,Dartford 012,E07000107,Dartford,14385.2
E02005040,Dartford 013,E07000107,Dartford,26093.25
E02005041,Dover 001,E07000108,Dover,23747.5
E02005042,Dover 002,E07000108,Dover,19808.0
E02005043,Dover 003,E07000108,Dover,15646.0
E02005044,Dover 004,E07000108,Dover,18025.0
E02005045,Dover 005,E07000108,Dover,13935.833333333334
E02005046,Dover 006,E07000108,Dover,15665.8
E02005047,Dover 007,E07000108,Dover,12464.8
E02005048,Dover 008,E07000108,Dover,21197.25
E02005049,Dover 009,E07000108,Dover,23861.5
E02005050,Dover 010,E07000108,Dover,22699.0
E02005051,Dover 011,E07000108,Dover,6995.0
E02005052,Dover 012,E07000108,Dover,10282.2
E02005053,Dover 013,E07000108,Dover,7561.2
E02005054,Dover 014,E07000108,Dover,21499.25
E02005055,Gravesham 001,E07000109,Gravesham,11105.5
E02005056,Gravesham 002,E07000109,Gravesham,8442.0
E02005057,Gravesham 003,E07000109,Gravesham,14921.2
E02005058,Gravesham 004,E07000109,Gravesham,13185.2
E02005059,Gravesham 005,E07000109,Gravesham,22340.5
E02005060,Gravesham 006,E07000109,Gravesham,15141.5
E02005061,Gravesham 007,E07000109,Gravesham,8177.6
E02005062,Gravesham 008,E07000109,Gravesham,18854.6
E02005063,Gravesham 009,E07000109,Gravesham,18942.75
E02005064,Gravesham 010,E07000109,Gravesham,23617.2
E02005065,Gravesham 011,E07000109,Gravesham,9477.6
E02005066,Gravesham 012,E07000109,Gravesham,26094.2
E02005067,Gravesham 013,E07000109,Gravesham,26199.0
E02005068,Maidstone 001,E07000110,Maidstone,27957.0
E02005069,Maidstone 002,E07000110,Maidstone,26738.2
E02005070,Maidstone 003,E07000110,Maidstone,28147.666666666668
E02005071,Maidstone 004,E07000110,Maidstone,12237.714285714286
E02005072,Maidstone 005,E07000110,Maidstone,28620.8
E02005073,Maidstone 006,E07000110,Maidstone,14009.5
E02005074,Maidstone 007,E07000110,Maidstone,27634.6
E02005075,Maidstone 008,E07000110,Maidstone,18524.833333333332
E02005076,Maidstone 009,E07000110,Maidstone,15313.6
E02005077,Maidstone 010,E07000110,Maidstone,15250.8
E02005078,Maidstone 011,E07000110,Maidstone,21700.0
E02005079,Maidstone 012,E07000110,Maidstone,27073.8
E02005080,Maidstone 013,E07000110,Maidstone,8392.0
E02005081,Maidstone 014,E07000110,Maidstone,22626.75
E02005082,Maidstone 015,E07000110,Maidstone,21068.428571428572
E02005083,Maidstone 016,E07000110,Maidstone,23472.75
E02005084,Maidstone 017,E07000110,Maidstone,24715.0
E02005085,Maidstone 018,E07000110,Maidstone,24432.75
E02005086,Maidstone 019,E07000110,Maidstone,22727.5
E02005087,Sevenoaks 001,E07000111,Sevenoaks,24094.8
E02005088,Sevenoaks 002,E07000111,Sevenoaks,10938.833333333334
E02005089,Sevenoaks 003,E07000111,Sevenoaks,28944.5
E02005090,Sevenoaks 004,E07000111,Sevenoaks,26004.25
E02005091,Sevenoaks 005,E07000111,Sevenoaks,25266.25
E02005093,Sevenoaks 007,E07000111,Sevenoaks,24743.75
E02005094,Sevenoaks 008,E07000111,Sevenoaks,27890.333333333332
E02005095,Sevenoaks 009,E07000111,Sevenoaks,29618.2
E02005096,Sevenoaks 010,E07000111,Sevenoaks,21250.166666666668
E02005097,Sevenoaks 011,E07000111,Sevenoaks,32702.333333333332
E02005098,Sevenoaks 012,E07000111,Sevenoaks,30170.166666666668
E02005099,Sevenoaks 013,E07000111,Sevenoaks,28683.0
E02005100,Sevenoaks 014,E07000111,Sevenoaks,20533.833333333332
E02005101,Sevenoaks 015,E07000111,Sevenoaks,29307.0
E02005102,Folkestone and Hythe 001,E07000112,Folkestone and Hythe,22272.5
E02005103,Folkestone and Hythe 002,E07000112,Folkestone and Hythe,14645.8
E02005104,Folkestone and Hythe 003,E07000112,Folkestone and Hythe,9064.6
E02005105,Folkestone and Hythe 004,E07000112,Folkestone and Hythe,6468.0
E02005106,Folkestone and Hythe 005,E07000112,Folkestone and Hythe,12461.5
E02005107,Folkestone and Hythe 006,E07000112,Folkestone and Hythe,17334.625
E02005109,Folkestone and Hythe 008,E07000112,Folkestone and Hythe,25214.75
E02005110,Folkestone and Hythe 009,E07000112,Folkestone and Hythe,17425.5
E02005111,Folkestone and Hythe 010,E07000112,Folkestone and Hythe,12055.0
E02005112,Folkestone and Hythe 011,E07000112,Folkestone and Hythe,11149.2
E02005113,Folkestone and Hythe 012,E07000112,Folkestone and Hythe,12496.0
E02005114,Folkestone and Hythe 013,E07000112,Folkestone and Hythe,9556.5
E02005115,Swale 001,E07000113,Swale,4897.0
E02005116,Swale 002,E07000113,Swale,3169.5
E02005117,Swale 003,E07000113,Swale,12533.25
E02005118,Swale 004,E07000113,Swale,13399.285714285714
E02005119,Swale 005,E07000113,Swale,9889.25
E02005120,Swale 006,E07000113,Swale,6666.4
E02005121,Swale 007,E07000113,Swale,15677.125
E02005122,Swale 008,E07000113,Swale,20300.2
E02005123,Swale 009,E07000113,Swale,16616.285714285714
E02005124,Swale 010,E07000113,Swale,7055.6
E02005125,Swale 011,E07000113,Swale,13145.0
E02005126,Swale 012,E07000113,Swale,17612.2
E02005127,Swale 013,E07000113,Swale,21427.333333333332
E02005128,Swale 014,E07000113,Swale,17522.5
E02005129,Swale 015,E07000113,Swale,18370.666666666668
E02005130,Swale 016,E07000113,Swale,19909.2
E02005131,Swale 017,E07000113,Swale,23651.0
E02005132,Thanet 001,E07000114,Thanet,3027.5
E02005133,Thanet 002,E07000114,Thanet,19801.6
E02005134,Thanet 003,E07000114,Thanet,5224.2
E02005135,Thanet 004,E07000114,Thanet,8504.2
E02005136,Thanet 005,E07000114,Thanet,12599.0
E02005137,Thanet 006,E07000114,Thanet,4480.6
E02005138,Thanet 007,E07000114,Thanet,11504.6
E02005139,Thanet 008,E07000114,Thanet,16362.2
E02005140,Thanet 009,E07000114,Thanet,20947.6
E02005141,Thanet 010,E07000114,Thanet,17572.2
E02005142,Thanet 011,E07000114,Thanet,11697.8
E02005143,Thanet 012,E07000114,Thanet,13785.4
E02005144,Thanet 013,E07000114,Thanet,4141.8
E02005145,Thanet 014,E07000114,Thanet,15094.2
E02005146,Thanet 015,E07000114,Thanet,10427.2
E02005147,Thanet 016,E07000114,Thanet,5627.0
E02005148,Thanet 017,E07000114,Thanet,18357.8
E02005149,Tonbridge and Malling 001,E07000115,Tonbridge and Malling,23740.5
E02005150,Tonbridge and Malling 002,E07000115,Tonbridge and Malling,19334.285714285714
E02005151,Tonbridge and Malling 003,E07000115,Tonbridge and Malling,23445.25
E02005153,Tonbridge and Malling 005,E07000115,Tonbridge and Malling,22420.2
E02005154,Tonbridge and Malling 006,E07000115,Tonbridge and Malling,28685.0
E02005155,Tonbridge and Malling 007,E07000115,Tonbridge and Malling,29021.571428571428
E02005156,Tonbridge and Malling 008,E07000115,Tonbridge and Malling,24449.75
E02005157,Tonbridge and Malling 009,E07000115,Tonbridge and Malling,18246.4
E02005158,Tonbridge and Malling 010,E07000115,Tonbridge and Malling,30055.0
E02005159,Tonbridge and Malling 011,E07000115,Tonbridge and Malling,23323.0
E02005160,Tonbridge and Malling 012,E07000115,Tonbridge and Malling,23606.428571428572
E02005161,Tonbridge and Malling 013,E07000115,Tonbridge and Malling,25086.0
E02005162,Tunbridge Wells 001,E07000116,Tunbridge Wells,21364.571428571428
E02005163,Tunbridge Wells 002,E07000116,Tunbridge Wells,24202.8
E02005164,Tunbridge Wells 003,E07000116,Tunbridge Wells,19422.0
E02005165,Tunbridge Wells 004,E07000116,Tunbridge Wells,22170.2
E02005166,Tunbridge Wells 005,E07000116,Tunbridge Wells,8562.5
E02005167,Tunbridge Wells 006,E07000116,Tunbridge Wells,29081.4
E02005168,Tunbridge Wells 007,E07000116,Tunbridge Wells,27266.0
E02005169,Tunbridge Wells 008,E07000116,Tunbridge Wells,23978.6
E02005170,Tunbridge Wells 009,E07000116,Tunbridge Wells,26082.6
E02005171,Tunbridge Wells 010,E07000116,Tunbridge Wells,14047.0
E02005172,Tunbridge Wells 011,E07000116,Tunbridge Wells,29930.4
E02005173,Tunbridge Wells 012,E07000116,Tunbridge Wells,30479.6
E02005174,Tunbridge Wells 013,E07000116,Tunbridge Wells,22806.4
E02005175,Tunbridge Wells 014,E07000116,Tunbridge Wells,25819.2
E02005176,Burnley 001,E07000117,Burnley,10575.166666666666
E02005177,Burnley 002,E07000117,Burnley,6210.5
E02005178,Burnley 003,E07000117,Burnley,4307.833333333333
E02005179,Burnley 004,E07000117,Burnley,3300.1666666666665
E02005180,Burnley 005,E07000117,Burnley,11669.6
E02005181,Burnley 006,E07000117,Burnley,3710.5
E02005182,Burnley 007,E07000117,Burnley,2172.0
E02005183,Burnley 008,E07000117,Burnley,5832.25
E02005184,Burnley 009,E07000117,Burnley,15276.25
E02005185,Burnley 010,E07000117,Burnley,988.0
E02005186,Burnley 011,E07000117,Burnley,11989.75
E02005189,Chorley 001,E07000118,Chorley,4468.0
E02005190,Chorley 002,E07000118,Chorley,24341.75
E02005191,Chorley 003,E07000118,Chorley,17602.333333333332
E02005192,Chorley 004,E07000118,Chorley,20920.2
E02005193,Chorley 005,E07000118,Chorley,18945.166666666668
E02005194,Chorley 006,E07000118,Chorley,9384.8
E02005195,Chorley 007,E07000118,Chorley,19066.75
E02005196,Chorley 008,E07000118,Chorley,12302.0
E02005197,Chorley 009,E07000118,Chorley,6303.25
E02005198,Chorley 010,E07000118,Chorley,10263.2
E02005199,Chorley 011,E07000118,Chorley,20844.4
E02005200,Chorley 012,E07000118,Chorley,8848.8
E02005201,Chorley 013,E07000118,Chorley,11212.2
E02005202,Chorley 014,E07000118,Chorley,18634.4
E02005203,Fylde 001,E07000119,Fylde,14003.0
E02005204,Fylde 002,E07000119,Fylde,15426.285714285714
E02005205,Fylde 003,E07000119,Fylde,19450.5
E02005206,Fylde 004,E07000119,Fylde,11816.4
E02005207,Fylde 005,E07000119,Fylde,18323.8
E02005208,Fylde 006,E07000119,Fylde,8288.57142857143
E02005209,Fylde 007,E07000119,Fylde,16180.0
E02005210,Fylde 008,E07000119,Fylde,17632.571428571428
E02005211,Fylde 009,E07000119,Fylde,20481.666666666668
E02005212,Hyndburn 001,E07000120,Hyndburn,7385.285714285715
E02005213,Hyndburn 002,E07000120,Hyndburn,8404.714285714286
E02005214,Hyndburn 003,E07000120,Hyndburn,6502.0
E02005215,Hyndburn 004,E07000120,Hyndburn,5591.5
E02005216,Hyndburn 005,E07000120,Hyndburn,5334.25
E02005217,Hyndburn 006,E07000120,Hyndburn,2879.714285714286
E02005218,Hyndburn 007,E07000120,Hyndburn,4809.6
E02005219,Hyndburn 008,E07000120,Hyndburn,11940.0
E02005220,Hyndburn 009,E07000120,Hyndburn,12765.25
E02005221,Lancaster 001,E07000121,Lancaster,17490.85714285714
E02005222,Lancaster 002,E07000121,Lancaster,25085.5
E02005223,Lancaster 003,E07000121,Lancaster,21140.2
E02005224,Lancaster 004,E07000121,Lancaster,11150.5
E02005225,Lancaster 005,E07000121,Lancaster,22712.75
E02005226,Lancaster 006,E07000121,Lancaster,1614.6
E02005228,Lancaster 008,E07000121,Lancaster,8407.75
E02005229,Lancaster 009,E07000121,Lancaster,1702.0
E02005230,Lancaster 010,E07000121,Lancaster,5236.0
E02005231,Lancaster 011,E07000121,Lancaster,6374.2
E02005233,Lancaster 013,E07000121,Lancaster,13111.5
E02005234,Lancaster 014,E07000121,Lancaster,9019.0
E02005235,Lancaster 015,E07000121,Lancaster,16427.0
E02005236,Lancaster 016,E07000121,Lancaster,9703.57142857143
E02005237,Lancaster 017,E07000121,Lancaster,16647.333333333332
E02005238,Lancaster 018,E07000121,Lancaster,14176.75
E02005239,Lancaster 019,E07000121,Lancaster,21538.75
E02005240,Pendle 001,E07000122,Pendle,11658.25
E02005241,Pendle 002,E07000122,Pendle,14632.75
E02005242,Pendle 003,E07000122,Pendle,14301.25
E02005245,Pendle 006,E07000122,Pendle,19857.5
E02005246,Pendle 007,E07000122,Pendle,6689.666666666667
E02005247,Pendle 008,E07000122,Pendle,21560.333333333332
E02005248,Pendle 009,E07000122,Pendle,6219.25
E02005249,Pendle 010,E07000122,Pendle,5021.5
E02005250,Pendle 011,E07000122,Pendle,9794.75
E02005251,Pendle 012,E07000122,Pendle,9981.5
E02005252,Pendle 013,E07000122,Pendle,10881.0
E02005253,Preston 001,E07000123,Preston,17657.0
E02005254,Preston 002,E07000123,Preston,18184.2
E02005255,Preston 003,E07000123,Preston,18314.333333333332
E02005256,Preston 004,E07000123,Preston,15046.4
E02005257,Preston 005,E07000123,Preston,1575.5
E02005258,Preston 006,E07000123,Preston,14076.8
E02005259,Preston 007,E07000123,Preston,5204.5
E02005260,Preston 008,E07000123,Preston,13521.4
E02005261,Preston 009,E07000123,Preston,2647.5
E02005262,Preston 010,E07000123,Preston,15489.75
E02005263,Preston 011,E07000123,Preston,4672.5
E02005264,Preston 012,E07000123,Preston,4498.142857142857
E02005265,Preston 013,E07000123,Preston,6531.428571428572
E02005266,Preston 014,E07000123,Preston,2997.75
E02005267,Preston 015,E07000123,Preston,3388.0
E02005268,Preston 016,E07000123,Preston,5816.166666666667
E02005269,Preston 017,E07000123,Preston,2468.714285714286
E02005270,Ribble Valley 001,E07000124,Ribble Valley,30604.4
E02005271,Ribble Valley 002,E07000124,Ribble Valley,25011.4
E02005272,Ribble Valley 003,E07000124,Ribble Valley,17288.4
E02005273,Ribble Valley 004,E07000124,Ribble Valley,28223.5
E02005274,Ribble Valley 005,E07000124,Ribble Valley,28273.6
E02005275,Ribble Valley 006,E07000124,Ribble Valley,18849.25
E02005276,Ribble Valley 007,E07000124,Ribble Valley,25210.6
E02005277,Ribble Valley 008,E07000124,Ribble Valley,28341.166666666668
E02005278,Rossendale 001,E07000125,Rossendale,18877.75
E02005279,Rossendale 002,E07000125,Rossendale,9308.714285714286
E02005280,Rossendale 003,E07000125,Rossendale,7485.166666666667
E02005281,Rossendale 004,E07000125,Rossendale,10182.6
E02005284,Rossendale 007,E07000125,Rossendale,17128.0
E02005285,Rossendale 008,E07000125,Rossendale,16856.75
E02005286,Rossendale 009,E07000125,Rossendale,11045.25
E02005287,South Ribble 001,E07000126,South Ribble,27136.75
E02005288,South Ribble 002,E07000126,South Ribble,19823.75
E02005289,South Ribble 003,E07000126,South Ribble,25179.5
E02005290,South Ribble 004,E07000126,South Ribble,21446.8
E02005291,South Ribble 005,E07000126,South Ribble,17226.666666666668
E02005292,South Ribble 006,E07000126,South Ribble,9215.75
E02005293,South Ribble 007,E07000126,South Ribble,12931.0
E02005294,South Ribble 008,E07000126,South Ribble,13128.5
E02005295,South Ribble 009,E07000126,South Ribble,16787.8
E02005296,South Ribble 010,E07000126,South Ribble,25890.25
E02005297,South Ribble 011,E07000126,South Ribble,25687.2
E02005298,South Ribble 012,E07000126,South Ribble,15481.2
E02005299,South Ribble 013,E07000126,South Ribble,11223.25
E02005300,South Ribble 014,E07000126,South Ribble,17325.0
E02005301,South Ribble 015,E07000126,South Ribble,9907.25
E02005302,South Ribble 016,E07000126,South Ribble,19139.5
E02005303,South Ribble 017,E07000126,South Ribble,6718.25
E02005304,West Lancashire 001,E07000127,West Lancashire,22745.5
E02005305,West Lancashire 002,E07000127,West Lancashire,14951.4
E02005306,West Lancashire 003,E07000127,West Lancashire,19322.75
E02005307,West Lancashire 004,E07000127,West Lancashire,16908.8
E02005308,West Lancashire 005,E07000127,West Lancashire,23872.8
E02005309,West Lancashire 006,E07000127,West Lancashire,19515.166666666668
E02005310,West Lancashire 007,E07000127,West Lancashire,17426.8
E02005311,West Lancashire 008,E07000127,West Lancashire,25757.0
E02005312,West Lancashire 009,E07000127,West Lancashire,14247.75
E02005313,West Lancashire 010,E07000127,West Lancashire,4309.166666666667
E02005314,West Lancashire 011,E07000127,West Lancashire,6997.5
E02005315,West Lancashire 012,E07000127,West Lancashire,24227.333333333332
E02005316,West Lancashire 013,E07000127,West Lancashire,5920.25
E02005317,West Lancashire 014,E07000127,West Lancashire,4037.2
E02005318,West Lancashire 015,E07000127,West Lancashire,17002.4
E02005319,Wyre 001,E07000128,Wyre,2732.8333333333335
E02005320,Wyre 002,E07000128,Wyre,6984.25
E02005321,Wyre 003,E07000128,Wyre,4676.5
E02005322,Wyre 004,E07000128,Wyre,9938.857142857143
E02005323,Wyre 005,E07000128,Wyre,7076.4
E02005324,Wyre 006,E07000128,Wyre,20521.666666666668
E02005325,Wyre 007,E07000128,Wyre,17773.4
E02005326,Wyre 008,E07000128,Wyre,6339.0
E02005327,Wyre 009,E07000128,Wyre,19222.333333333332
E02005328,Wyre 010,E07000128,Wyre,13225.0
E02005329,Wyre 011,E07000128,Wyre,8483.0
E02005330,Wyre 012,E07000128,Wyre,15394.5
E02005331,Wyre 013,E07000128,Wyre,13837.4
E02005332,Wyre 014,E07000128,Wyre,18910.0
E02005334,Blaby 002,E07000129,Blaby,26088.5
E02005335,Blaby 003,E07000129,Blaby,27219.8
E02005336,Blaby 004,E07000129,Blaby,23271.25
E02005337,Blaby 005,E07000129,Blaby,24158.85714285714
E02005338,Blaby 006,E07000129,Blaby,22822.333333333332
E02005339,Blaby 007,E07000129,Blaby,25482.0
E02005340,Blaby 008,E07000129,Blaby,23836.6
E02005341,Blaby 009,E07000129,Blaby,24594.0
E02005342,Blaby 010,E07000129,Blaby,25135.6
E02005343,Blaby 011,E07000129,Blaby,28264.75
E02005344,Blaby 012,E07000129,Blaby,22972.4
E02005345,Charnwood 001,E07000130,Charnwood,23453.333333333332
E02005346,Charnwood 002,E07000130,Charnwood,6852.714285714285
E02005347,Charnwood 003,E07000130,Charnwood,11628.333333333334
E02005348,Charnwood 004,E07000130,Charnwood,22342.0
E02005349,Charnwood 005,E07000130,Charnwood,17322.25
E02005350,Charnwood 006,E07000130,Charnwood,14965.25
E02005351,Charnwood 007,E07000130,Charnwood,23319.25
E02005352,Charnwood 008,E07000130,Charnwood,30575.25
E02005353,Charnwood 009,E07000130,Charnwood,16730.428571428572
E02005354,Charnwood 010,E07000130,Charnwood,27266.0
E02005355,Charnwood 011,E07000130,Charnwood,21265.5
E02005356,Charnwood 012,E07000130,Charnwood,26113.75
E02005357,Charnwood 013,E07000130,Charnwood,20799.75
E02005358,Charnwood 014,E07000130,Charnwood,21944.333333333332
E02005359,Charnwood 015,E07000130,Charnwood,26430.5
E02005360,Charnwood 016,E07000130,Charnwood,28322.25
E02005361,Charnwood 017,E07000130,Charnwood,21194.0
E02005362,Charnwood 018,E07000130,Charnwood,18923.25
E02005363,Charnwood 019,E07000130,Charnwood,27238.4
E02005364,Charnwood 020,E07000130,Charnwood,24278.333333333332
E02005365,Charnwood 021,E07000130,Charnwood,17309.0
E02005366,Charnwood 022,E07000130,Charnwood,21420.75
E02005368,Harborough 002,E07000131,Harborough,31745.0
E02005369,Harborough 003,E07000131,Harborough,27484.428571428572
E02005370,Harborough 004,E07000131,Harborough,28365.4
E02005371,Harborough 005,E07000131,Harborough,28002.285714285714
E02005372,Harborough 006,E07000131,Harborough,30018.25
E02005373,Harborough 007,E07000131,Harborough,27598.0
E02005374,Harborough 008,E07000131,Harborough,15108.75
E02005375,Harborough 009,E07000131,Harborough,24789.8
E02005376,Harborough 010,E07000131,Harborough,24574.0
E02005377,Hinckley and Bosworth 001,E07000132,Hinckley and Bosworth,22924.166666666668
E02005378,Hinckley and Bosworth 002,E07000132,Hinckley and Bosworth,28883.333333333332
E02005379,Hinckley and Bosworth 003,E07000132,Hinckley and Bosworth,19910.25
E02005380,Hinckley and Bosworth 004,E07000132,Hinckley and Bosworth,24969.4
E02005381,Hinckley and Bosworth 005,E07000132,Hinckley and Bosworth,20442.2
E02005382,Hinckley and Bosworth 006,E07000132,Hinckley and Bosworth,15825.333333333334
E02005383,Hinckley and Bosworth 007,E07000132,Hinckley and Bosworth,14385.666666666666
E02005384,Hinckley and Bosworth 008,E07000132,Hinckley and Bosworth,24602.25
E02005385,Hinckley and Bosworth 009,E07000132,Hinckley and Bosworth,24822.0
E02005386,Hinckley and Bosworth 010,E07000132,Hinckley and Bosworth,13257.4
E02005387,Hinckley and Bosworth 011,E07000132,Hinckley and Bosworth,17606.333333333332
E02005388,Hinckley and Bosworth 012,E07000132,Hinckley and Bosworth,17266.75
E02005389,Hinckley and Bosworth 013,E07000132,Hinckley and Bosworth,16156.25
E02005390,Hinckley and Bosworth 014,E07000132,Hinckley and Bosworth,27150.166666666668
E02005391,Melton 001,E07000133,Melton,26847.333333333332
E02005392,Melton 002,E07000133,Melton,25239.8
E02005393,Melton 003,E07000133,Melton,22889.0
E02005394,Melton 004,E07000133,Melton,14812.666666666666
E02005395,Melton 005,E07000133,Melton,20642.6
E02005396,Melton 006,E07000133,Melton,26894.75
E02005397,North West Leicestershire 001,E07000134,North West Leicestershire,21926.833333333332
E02005398,North West Leicestershire 002,E07000134,North West Leicestershire,25244.5
E02005399,North West Leicestershire 003,E07000134,North West Leicestershire,20746.4
E02005400,North West Leicestershire 004,E07000134,North West Leicestershire,15783.0
E02005401,North West Leicestershire 005,E07000134,North West Leicestershire,24660.5
E02005402,North West Leicestershire 006,E07000134,North West Leicestershire,20140.0
E02005403,North West Leicestershire 007,E07000134,North West Leicestershire,17394.25
E02005404,North West Leicestershire 008,E07000134,North West Leicestershire,17991.4
E02005405,North West Leicestershire 009,E07000134,North West Leicestershire,10366.8
E02005406,North West Leicestershire 010,E07000134,North West Leicestershire,8661.75
E02005407,North West Leicestershire 011,E07000134,North West Leicestershire,20896.4
E02005408,North West Leicestershire 012,E07000134,North West Leicestershire,19481.25
E02005409,North West Leicestershire 013,E07000134,North West Leicestershire,18909.5
E02005412,Oadby and Wigston 003,E07000135,Oadby and Wigston,20892.166666666668
E02005414,Oadby and Wigston 005,E07000135,Oadby and Wigston,9230.0
E02005415,Oadby and Wigston 006,E07000135,Oadby and Wigston,11105.2
E02005416,Oadby and Wigston 007,E07000135,Oadby and Wigston,23774.833333333332
E02005417,Boston 001,E07000136,Boston,13753.0
E02005418,Boston 002,E07000136,Boston,8077.666666666667
E02005419,Boston 003,E07000136,Boston,12211.0
E02005420,Boston 004,E07000136,Boston,9864.4
E02005422,Boston 006,E07000136,Boston,16571.333333333332
E02005423,Boston 007,E07000136,Boston,12388.8
E02005424,East Lindsey 001,E07000137,East Lindsey,15358.0
E02005425,East Lindsey 002,E07000137,East Lindsey,15310.666666666666
E02005426,East Lindsey 003,E07000137,East Lindsey,6685.714285714285
E02005427,East Lindsey 004,E07000137,East Lindsey,11169.25
E02005428,East Lindsey 005,E07000137,East Lindsey,3606.25
E02005429,East Lindsey 006,E07000137,East Lindsey,4633.666666666667
E02005430,East Lindsey 007,E07000137,East Lindsey,18549.0
E02005431,East Lindsey 008,E07000137,East Lindsey,9022.2
E02005432,East Lindsey 009,E07000137,East Lindsey,17222.25
E02005433,East Lindsey 010,E07000137,East Lindsey,2914.0
E02005434,East Lindsey 011,E07000137,East Lindsey,10286.0
E02005435,East Lindsey 012,E07000137,East Lindsey,4637.2
E02005436,East Lindsey 013,E07000137,East Lindsey,8145.5
E02005437,East Lindsey 014,E07000137,East Lindsey,1890.25
E02005438,East Lindsey 015,E07000137,East Lindsey,5092.75
E02005439,East Lindsey 016,E07000137,East Lindsey,15166.285714285714
E02005440,East Lindsey 017,E07000137,East Lindsey,6594.25
E02005441,East Lindsey 018,E07000137,East Lindsey,14030.5
E02005442,Lincoln 001,E07000138,Lincoln,2278.0
E02005443,Lincoln 002,E07000138,Lincoln,8676.0
E02005444,Lincoln 003,E07000138,Lincoln,14077.857142857143
E02005445,Lincoln 004,E07000138,Lincoln,4892.285714285715
E02005446,Lincoln 005,E07000138,Lincoln,9106.8
E02005447,Lincoln 006,E07000138,Lincoln,5986.0
E02005448,Lincoln 007,E07000138,Lincoln,5694.8
E02005449,Lincoln 008,E07000138,Lincoln,11585.2
E02005450,Lincoln 009,E07000138,Lincoln,16140.833333333334
E02005451,Lincoln 010,E07000138,Lincoln,3324.6
E02005452,Lincoln 011,E07000138,Lincoln,14102.375
E02005453,North Kesteven 001,E07000139,North Kesteven,28057.5
E02005455,North Kesteven 003,E07000139,North Kesteven,23491.125
E02005456,North Kesteven 004,E07000139,North Kesteven,20505.5
E02005457,North Kesteven 005,E07000139,North Kesteven,21198.2
E02005458,North Kesteven 006,E07000139,North Kesteven,26394.25
E02005459,North Kesteven 007,E07000139,North Kesteven,15772.5
E02005460,North Kesteven 008,E07000139,North Kesteven,23537.25
E02005461,North Kesteven 009,E07000139,North Kesteven,25251.333333333332
E02005462,North Kesteven 010,E07000139,North Kesteven,13318.8
E02005463,North Kesteven 011,E07000139,North Kesteven,23358.333333333332
E02005464,North Kesteven 012,E07000139,North Kesteven,20023.6
E02005465,South Holland 001,E07000140,South Holland,17342.0
E02005466,South Holland 002,E07000140,South Holland,17682.333333333332
E02005467,South Holland 003,E07000140,South Holland,15536.5
E02005468,South Holland 004,E07000140,South Holland,17967.2
E02005469,South Holland 005,E07000140,South Holland,20364.75
E02005470,South Holland 006,E07000140,South Holland,21598.428571428572
E02005471,South Holland 007,E07000140,South Holland,16289.2
E02005472,South Holland 008,E07000140,South Holland,10595.833333333334
E02005473,South Holland 009,E07000140,South Holland,20878.166666666668
E02005474,South Holland 010,E07000140,South Holland,17653.333333333332
E02005475,South Holland 011,E07000140,South Holland,22486.0
E02005476,South Kesteven 001,E07000141,South Kesteven,25931.5
E02005477,South Kesteven 002,E07000141,South Kesteven,27269.5
E02005478,South Kesteven 003,E07000141,South Kesteven,15349.857142857143
E02005479,South Kesteven 004,E07000141,South Kesteven,20758.166666666668
E02005480,South Kesteven 005,E07000141,South Kesteven,9536.0
E02005481,South Kesteven 006,E07000141,South Kesteven,15740.333333333334
E02005482,South Kesteven 007,E07000141,South Kesteven,26813.8
E02005483,South Kesteven 008,E07000141,South Kesteven,22580.0
E02005484,South Kesteven 009,E07000141,South Kesteven,23703.25
E02005485,South Kesteven 010,E07000141,South Kesteven,24515.5
E02005486,South Kesteven 011,E07000141,South Kesteven,19396.0
E02005487,South Kesteven 012,E07000141,South Kesteven,29426.8
E02005488,South Kesteven 013,E07000141,South Kesteven,23856.5
E02005489,South Kesteven 014,E07000141,South Kesteven,26910.8
E02005490,South Kesteven 015,E07000141,South Kesteven,17608.666666666668
E02005491,South Kesteven 016,E07000141,South Kesteven,26178.428571428572
E02005492,West Lindsey 001,E07000142,West Lindsey,20090.0
E02005493,West Lindsey 002,E07000142,West Lindsey,18033.833333333332
E02005494,West Lindsey 003,E07000142,West Lindsey,16474.2
E02005495,West Lindsey 004,E07000142,West Lindsey,5015.5
E02005496,West Lindsey 005,E07000142,West Lindsey,18981.0
E02005497,West Lindsey 006,E07000142,West Lindsey,3809.75
E02005498,West Lindsey 007,E07000142,West Lindsey,20080.75
E02005499,West Lindsey 008,E07000142,West Lindsey,22159.5
E02005500,West Lindsey 009,E07000142,West Lindsey,23358.2
E02005501,West Lindsey 010,E07000142,West Lindsey,25122.8
E02005502,West Lindsey 011,E07000142,West Lindsey,19490.0
E02005503,Breckland 001,E07000143,Breckland,23582.5
E02005504,Breckland 002,E07000143,Breckland,22778.5
E02005505,Breckland 003,E07000143,Breckland,19783.75
E02005506,Breckland 004,E07000143,Breckland,23283.25
E02005507,Breckland 005,E07000143,Breckland,16618.666666666668
E02005508,Breckland 006,E07000143,Breckland,24111.8
E02005509,Breckland 007,E07000143,Breckland,12986.833333333334
E02005510,Breckland 008,E07000143,Breckland,19870.8
E02005511,Breckland 009,E07000143,Breckland,17690.4
E02005512,Breckland 010,E07000143,Breckland,20939.5
E02005513,Breckland 011,E07000143,Breckland,19624.0
E02005514,Breckland 012,E07000143,Breckland,18217.5
E02005515,Breckland 013,E07000143,Breckland,26816.0
E02005516,Breckland 014,E07000143,Breckland,25560.75
E02005517,Breckland 015,E07000143,Breckland,9463.666666666666
E02005518,Breckland 016,E07000143,Breckland,20435.333333333332
E02005519,Breckland 017,E07000143,Breckland,11963.2
E02005520,Broadland 001,E07000144,Broadland,25381.2
E02005521,Broadland 002,E07000144,Broadland,25156.833333333332
E02005522,Broadland 003,E07000144,Broadland,24075.0
E02005523,Broadland 004,E07000144,Broadland,24504.2
E02005524,Broadland 005,E07000144,Broadland,23966.5
E02005525,Broadland 006,E07000144,Broadland,25870.571428571428
E02005526,Broadland 007,E07000144,Broadland,23784.0
E02005527,Broadland 008,E07000144,Broadland,24893.8
E02005528,Broadland 009,E07000144,Broadland,28764.2
E02005529,Broadland 010,E07000144,Broadland,19390.5
E02005530,Broadland 011,E07000144,Broadland,25141.666666666668
E02005531,Broadland 012,E07000144,Broadland,21227.0
E02005532,Broadland 013,E07000144,Broadland,26551.166666666668
E02005533,Broadland 014,E07000144,Broadland,25116.666666666668
E02005534,Broadland 015,E07000144,Broadland,24555.0
E02005535,Broadland 016,E07000144,Broadland,24580.5
E02005536,Broadland 017,E07000144,Broadland,24361.0
E02005537,Broadland 018,E07000144,Broadland,22262.25
E02005538,Great Yarmouth 001,E07000145,Great Yarmouth,14688.166666666666
E02005539,Great Yarmouth 002,E07000145,Great Yarmouth,16947.2
E02005540,Great Yarmouth 003,E07000145,Great Yarmouth,12045.0
E02005541,Great Yarmouth 004,E07000145,Great Yarmouth,6114.5
E02005542,Great Yarmouth 005,E07000145,Great Yarmouth,2819.0
E02005543,Great Yarmouth 006,E07000145,Great Yarmouth,1686.6
E02005544,Great Yarmouth 007,E07000145,Great Yarmouth,4963.75
E02005545,Great Yarmouth 008,E07000145,Great Yarmouth,17547.0
E02005546,Great Yarmouth 009,E07000145,Great Yarmouth,6586.4
E02005547,Great Yarmouth 010,E07000145,Great Yarmouth,15342.4
E02005548,Great Yarmouth 011,E07000145,Great Yarmouth,6875.0
E02005549,Great Yarmouth 012,E07000145,Great Yarmouth,14481.75
E02005550,Great Yarmouth 013,E07000145,Great Yarmouth,16774.666666666668
E02005551,King's Lynn and West Norfolk 001,E07000146,King's Lynn and West Norfolk,9888.25
E02005552,King's Lynn and West Norfolk 002,E07000146,King's Lynn and West Norfolk,14298.25
E02005553,King's Lynn and West Norfolk 003,E07000146,King's Lynn and West Norfolk,11719.833333333334
E02005554,King's Lynn and West Norfolk 004,E07000146,King's Lynn and West Norfolk,15692.25
E02005555,King's Lynn and West Norfolk 005,E07000146,King's Lynn and West Norfolk,20723.8
E02005556,King's Lynn and West Norfolk 006,E07000146,King's Lynn and West Norfolk,13279.6
E02005557,King's Lynn and West Norfolk 007,E07000146,King's Lynn and West Norfolk,4282.75
E02005558,King's Lynn and West Norfolk 008,E07000146,King's Lynn and West Norfolk,13002.0
E02005559,King's Lynn and West Norfolk 009,E07000146,King's Lynn and West Norfolk,8491.25
E02005560,King's Lynn and West Norfolk 010,E07000146,King's Lynn and West Norfolk,10371.75
E02005561,King's Lynn and West Norfolk 011,E07000146,King's Lynn and West Norfolk,5372.714285714285
E02005562,King's Lynn and West Norfolk 012,E07000146,King's Lynn and West Norfolk,16343.75
E02005563,King's Lynn and West Norfolk 013,E07000146,King's Lynn and West Norfolk,11314.8
E02005564,King's Lynn and West Norfolk 014,E07000146,King's Lynn and West Norfolk,15643.833333333334
E02005565,King's Lynn and West Norfolk 015,E07000146,King's Lynn and West Norfolk,13426.25
E02005566,King's Lynn and West Norfolk 016,E07000146,King's Lynn and West Norfolk,11883.5
E02005567,King's Lynn and West Norfolk 017,E07000146,King's Lynn and West Norfolk,11824.25
E02005568,King's Lynn and West Norfolk 018,E07000146,King's Lynn and West Norfolk,17314.666666666668
E02005569,King's Lynn and West Norfolk 019,E07000146,King's Lynn and West Norfolk,17253.8
E02005570,North Norfolk 001,E07000147,North Norfolk,18145.75
E02005571,North Norfolk 002,E07000147,North Norfolk,19231.5
E02005572,North Norfolk 003,E07000147,North Norfolk,11188.5
E02005573,North Norfolk 004,E07000147,North Norfolk,21782.666666666668
E02005574,North Norfolk 005,E07000147,North Norfolk,20363.25
E02005575,North Norfolk 006,E07000147,North Norfolk,24925.0
E02005576,North Norfolk 007,E07000147,North Norfolk,13630.5
E02005577,North Norfolk 008,E07000147,North Norfolk,19306.666666666668
E02005578,North Norfolk 009,E07000147,North Norfolk,20009.333333333332
E02005580,North Norfolk 011,E07000147,North Norfolk,14168.6
E02005581,North Norfolk 012,E07000147,North Norfolk,20313.4
E02005582,North Norfolk 013,E07000147,North Norfolk,16628.5
E02005583,North Norfolk 014,E07000147,North Norfolk,18005.0
E02005584,Norwich 001,E07000148,Norwich,11433.166666666666
E02005585,Norwich 002,E07000148,Norwich,5847.428571428572
E02005586,Norwich 003,E07000148,Norwich,11531.833333333334
E02005587,Norwich 004,E07000148,Norwich,7104.142857142857
E02005588,Norwich 005,E07000148,Norwich,8235.285714285714
E02005589,Norwich 006,E07000148,Norwich,7822.857142857143
E02005592,Norwich 009,E07000148,Norwich,23010.166666666668
E02005593,Norwich 010,E07000148,Norwich,13098.0
E02005594,Norwich 011,E07000148,Norwich,16701.285714285714
E02005595,Norwich 012,E07000148,Norwich,26185.166666666668
E02005596,Norwich 013,E07000148,Norwich,7880.166666666667
E02005598,South Norfolk 002,E07000149,South Norfolk,25373.166666666668
E02005599,South Norfolk 003,E07000149,South Norfolk,24681.25
E02005600,South Norfolk 004,E07000149,South Norfolk,26787.5
E02005601,South Norfolk 005,E07000149,South Norfolk,21306.75
E02005602,South Norfolk 006,E07000149,South Norfolk,27215.25
E02005603,South Norfolk 007,E07000149,South Norfolk,27176.714285714286
E02005604,South Norfolk 008,E07000149,South Norfolk,24179.166666666668
E02005605,South Norfolk 009,E07000149,South Norfolk,27296.428571428572
E02005606,South Norfolk 010,E07000149,South Norfolk,25152.75
E02005607,South Norfolk 011,E07000149,South Norfolk,26257.833333333332
E02005608,South Norfolk 012,E07000149,South Norfolk,22588.0
E02005609,South Norfolk 013,E07000149,South Norfolk,23184.25
E02005610,South Norfolk 014,E07000149,South Norfolk,25025.166666666668
E02005611,South Norfolk 015,E07000149,South Norfolk,22314.428571428572
E02005612,North Northamptonshire 002,E06000061,North Northamptonshire,17727.0
E02005613,North Northamptonshire 003,E06000061,North Northamptonshire,9988.833333333334
E02005614,North Northamptonshire 006,E06000061,North Northamptonshire,17818.375
E02005615,North Northamptonshire 004,E06000061,North Northamptonshire,11230.666666666666
E02005616,North Northamptonshire 005,E06000061,North Northamptonshire,7073.25
E02005617,North Northamptonshire 007,E06000061,North Northamptonshire,5445.714285714285
E02005619,West Northamptonshire 001,E06000062,West Northamptonshire,31133.0
E02005620,West Northamptonshire 002,E06000062,West Northamptonshire,27409.4
E02005621,West Northamptonshire 004,E06000062,West Northamptonshire,26106.0
E02005622,West Northamptonshire 005,E06000062,West Northamptonshire,30603.2
E02005623,West Northamptonshire 003,E06000062,West Northamptonshire,26459.833333333332
E02005624,West Northamptonshire 010,E06000062,West Northamptonshire,20350.714285714286
E02005625,West Northamptonshire 016,E06000062,West Northamptonshire,16682.6
E02005626,West Northamptonshire 022,E06000062,West Northamptonshire,11407.0
E02005627,West Northamptonshire 027,E06000062,West Northamptonshire,23338.0
E02005628,West Northamptonshire 042,E06000062,West Northamptonshire,26349.75
E02005629,North Northamptonshire 001,E06000061,North Northamptonshire,26357.333333333332
E02005630,North Northamptonshire 010,E06000061,North Northamptonshire,27810.666666666668
E02005631,North Northamptonshire 011,E06000061,North Northamptonshire,24267.833333333332
E02005632,North Northamptonshire 024,E06000061,North Northamptonshire,19273.666666666668
E02005633,North Northamptonshire 025,E06000061,North Northamptonshire,17446.333333333332
E02005634,North Northamptonshire 027,E06000061,North Northamptonshire,13850.2
E02005635,North Northamptonshire 035,E06000061,North Northamptonshire,19960.2
E02005636,North Northamptonshire 034,E06000061,North Northamptonshire,17309.166666666668
E02005637,North Northamptonshire 037,E06000061,North Northamptonshire,9629.0
E02005638,North Northamptonshire 039,E06000061,North Northamptonshire,23438.833333333332
E02005639,North Northamptonshire 012,E06000061,North Northamptonshire,24057.0
E02005640,North Northamptonshire 013,E06000061,North Northamptonshire,17088.75
E02005641,North Northamptonshire 014,E06000061,North Northamptonshire,17463.0
E02005642,North Northamptonshire 015,E06000061,North Northamptonshire,19057.8
E02005643,North Northamptonshire 016,E06000061,North Northamptonshire,5735.2
E02005644,North Northamptonshire 017,E06000061,North Northamptonshire,7573.25
E02005645,North Northamptonshire 018,E06000061,North Northamptonshire,12743.285714285714
E02005646,North Northamptonshire 019,E06000061,North Northamptonshire,20439.0
E02005647,North Northamptonshire 022,E06000061,North Northamptonshire,12013.75
E02005648,North Northamptonshire 021,E06000061,North Northamptonshire,22787.4
E02005650,West Northamptonshire 006,E06000062,West Northamptonshire,21186.75
E02005651,West Northamptonshire 007,E06000062,West Northamptonshire,24609.25
E02005652,West Northamptonshire 008,E06000062,West Northamptonshire,19197.5
E02005653,West Northamptonshire 011,E06000062,West Northamptonshire,12567.6
E02005654,West Northamptonshire 009,E06000062,West Northamptonshire,13860.0
E02005655,West Northamptonshire 012,E06000062,West Northamptonshire,19683.0
E02005656,West Northamptonshire 014,E06000062,West Northamptonshire,10837.25
E02005657,West Northamptonshire 013,E06000062,West Northamptonshire,21253.0
E02005658,West Northamptonshire 015,E06000062,West Northamptonshire,10891.25
E02005659,West Northamptonshire 018,E06000062,West Northamptonshire,15571.0
E02005660,West Northamptonshire 026,E06000062,West Northamptonshire,10031.5
E02005661,West Northamptonshire 017,E06000062,West Northamptonshire,11463.25
E02005662,West Northamptonshire 019,E06000062,West Northamptonshire,17173.0
E02005663,West Northamptonshire 023,E06000062,West Northamptonshire,26908.25
E02005664,West Northamptonshire 025,E06000062,West Northamptonshire,9258.5
E02005665,West Northamptonshire 024,E06000062,West Northamptonshire,22535.6
E02005666,West Northamptonshire 021,E06000062,West Northamptonshire,7593.8
E02005667,West Northamptonshire 020,E06000062,West Northamptonshire,10766.5
E02005668,West Northamptonshire 028,E06000062,West Northamptonshire,20806.0
E02005669,West Northamptonshire 029,E06000062,West Northamptonshire,30963.0
E02005670,West Northamptonshire 032,E06000062,West Northamptonshire,7560.8
E02005671,West Northamptonshire 030,E06000062,West Northamptonshire,17931.75
E02005672,West Northamptonshire 031,E06000062,West Northamptonshire,12448.75
E02005673,West Northamptonshire 033,E06000062,West Northamptonshire,15637.5
E02005674,West Northamptonshire 034,E06000062,West Northamptonshire,6479.6
E02005675,West Northamptonshire 036,E06000062,West Northamptonshire,11941.0
E02005676,West Northamptonshire 038,E06000062,West Northamptonshire,16112.25
E02005677,West Northamptonshire 037,E06000062,West Northamptonshire,19772.4
E02005679,West Northamptonshire 041,E06000062,West Northamptonshire,27904.333333333332
E02005680,West Northamptonshire 044,E06000062,West Northamptonshire,26909.8
E02005681,West Northamptonshire 040,E06000062,West Northamptonshire,24379.6
E02005682,West Northamptonshire 043,E06000062,West Northamptonshire,28678.75
E02005683,West Northamptonshire 046,E06000062,West Northamptonshire,25638.5
E02005684,West Northamptonshire 045,E06000062,West Northamptonshire,30092.6
E02005685,West Northamptonshire 047,E06000062,West Northamptonshire,23418.2
E02005686,West Northamptonshire 048,E06000062,West Northamptonshire,26270.8
E02005687,West Northamptonshire 049,E06000062,West Northamptonshire,31336.333333333332
E02005688,West Northamptonshire 050,E06000062,West Northamptonshire,26277.0
E02005689,West Northamptonshire 051,E06000062,West Northamptonshire,28487.5
E02005690,West Northamptonshire 053,E06000062,West Northamptonshire,22174.0
E02005691,West Northamptonshire 052,E06000062,West Northamptonshire,30446.0
E02005692,North Northamptonshire 026,E06000061,North Northamptonshire,17877.75
E02005693,North Northamptonshire 028,E06000061,North Northamptonshire,15181.0
E02005694,North Northamptonshire 029,E06000061,North Northamptonshire,24235.4
E02005695,North Northamptonshire 030,E06000061,North Northamptonshire,14521.6
E02005696,North Northamptonshire 031,E06000061,North Northamptonshire,7162.75
E02005697,North Northamptonshire 032,E06000061,North Northamptonshire,6386.6
E02005698,North Northamptonshire 033,E06000061,North Northamptonshire,14630.25
E02005699,North Northamptonshire 036,E06000061,North Northamptonshire,11887.6
E02005700,North Northamptonshire 038,E06000061,North Northamptonshire,23006.666666666668
E02005701,North Northamptonshire 040,E06000061,North Northamptonshire,20629.333333333332
E02005702,Northumberland 004,E06000057,Northumberland,25140.0
E02005703,Northumberland 005,E06000057,Northumberland,11173.5
E02005704,Northumberland 006,E06000057,Northumberland,14945.285714285714
E02005705,Northumberland 007,E06000057,Northumberland,23379.25
E02005706,Northumberland 001,E06000057,Northumberland,8415.5
E02005707,Northumberland 002,E06000057,Northumberland,17725.8
E02005708,Northumberland 003,E06000057,Northumberland,21263.666666666668
E02005709,Northumberland 022,E06000057,Northumberland,682.25
E02005710,Northumberland 023,E06000057,Northumberland,3942.3333333333335
E02005711,Northumberland 024,E06000057,Northumberland,4090.0
E02005712,Northumberland 025,E06000057,Northumberland,9665.666666666666
E02005713,Northumberland 026,E06000057,Northumberland,21801.75
E02005715,Northumberland 029,E06000057,Northumberland,6570.2
E02005717,Northumberland 030,E06000057,Northumberland,12659.8
E02005718,Northumberland 031,E06000057,Northumberland,14228.4
E02005719,Northumberland 032,E06000057,Northumberland,8490.4
E02005720,Northumberland 008,E06000057,Northumberland,8984.857142857143
E02005721,Northumberland 011,E06000057,Northumberland,13382.333333333334
E02005722,Northumberland 015,E06000057,Northumberland,23754.2
E02005723,Northumberland 016,E06000057,Northumberland,7532.0
E02005724,Northumberland 018,E06000057,Northumberland,23569.0
E02005725,Northumberland 033,E06000057,Northumberland,24224.5
E02005726,Northumberland 034,E06000057,Northumberland,28428.4
E02005727,Northumberland 019,E06000057,Northumberland,21672.0
E02005728,Northumberland 037,E06000057,Northumberland,13727.4
E02005729,Northumberland 036,E06000057,Northumberland,19867.5
E02005730,Northumberland 035,E06000057,Northumberland,18780.428571428572
E02005731,Northumberland 038,E06000057,Northumberland,15133.4
E02005733,Northumberland 040,E06000057,Northumberland,21218.333333333332
E02005734,Northumberland 009,E06000057,Northumberland,3336.75
E02005735,Northumberland 010,E06000057,Northumberland,2953.4
E02005736,Northumberland 013,E06000057,Northumberland,5741.75
E02005739,Northumberland 017,E06000057,Northumberland,8880.5
E02005740,Northumberland 020,E06000057,Northumberland,4903.571428571428
E02005741,Northumberland 021,E06000057,Northumberland,12525.833333333334
E02005742,Craven 001,E06000065,North Yorkshire,27816.5
E02005744,Craven 003,E06000065,North Yorkshire,27848.5
E02005746,Craven 005,E06000065,North Yorkshire,19436.25
E02005747,Craven 006,E06000065,North Yorkshire,11922.8
E02005748,Craven 007,E06000065,North Yorkshire,25245.5
E02005749,Craven 008,E06000065,North Yorkshire,20430.0
E02005750,Hambleton 001,E06000065,North Yorkshire,24721.4
E02005751,Hambleton 002,E06000065,North Yorkshire,30432.8
E02005752,Hambleton 003,E06000065,North Yorkshire,28015.0
E02005754,Hambleton 005,E06000065,North Yorkshire,28700.4
E02005755,Hambleton 006,E06000065,North Yorkshire,26350.75
E02005756,Hambleton 007,E06000065,North Yorkshire,30856.333333333332
E02005757,Hambleton 008,E06000065,North Yorkshire,27907.4
E02005758,Hambleton 009,E06000065,North Yorkshire,22119.4
E02005759,Hambleton 010,E06000065,North Yorkshire,26421.0
E02005760,Hambleton 011,E06000065,North Yorkshire,29553.333333333332
E02005761,Harrogate 001,E06000065,North Yorkshire,27844.0
E02005762,Harrogate 002,E06000065,North Yorkshire,26166.25
E02005763,Harrogate 003,E06000065,North Yorkshire,28019.75
E02005764,Harrogate 004,E06000065,North Yorkshire,21107.285714285714
E02005765,Harrogate 005,E06000065,North Yorkshire,26533.25
E02005766,Harrogate 006,E06000065,North Yorkshire,28042.0
E02005767,Harrogate 007,E06000065,North Yorkshire,30923.5
E02005768,Harrogate 008,E06000065,North Yorkshire,28641.4
E02005769,Harrogate 009,E06000065,North Yorkshire,17063.0
E02005770,Harrogate 010,E06000065,North Yorkshire,22606.14285714286
E02005771,Harrogate 011,E06000065,North Yorkshire,20256.8
E02005772,Harrogate 012,E06000065,North Yorkshire,27676.5
E02005773,Harrogate 013,E06000065,North Yorkshire,13208.833333333334
E02005774,Harrogate 014,E06000065,North Yorkshire,16055.5
E02005775,Harrogate 015,E06000065,North Yorkshire,20802.0
E02005776,Harrogate 016,E06000065,North Yorkshire,29471.8
E02005777,Harrogate 017,E06000065,North Yorkshire,27487.833333333332
E02005778,Harrogate 018,E06000065,North Yorkshire,30030.25
E02005779,Harrogate 019,E06000065,North Yorkshire,28685.8
E02005780,Harrogate 020,E06000065,North Yorkshire,29914.0
E02005781,Harrogate 021,E06000065,North Yorkshire,29114.25
E02005782,Richmondshire 001,E06000065,North Yorkshire,24191.666666666668
E02005783,Richmondshire 002,E06000065,North Yorkshire,22444.0
E02005784,Richmondshire 003,E06000065,North Yorkshire,20595.25
E02005785,Richmondshire 004,E06000065,North Yorkshire,13476.42857142857
E02005786,Richmondshire 005,E06000065,North Yorkshire,29427.0
E02005787,Richmondshire 006,E06000065,North Yorkshire,26432.666666666668
E02005788,Ryedale 001,E06000065,North Yorkshire,25215.0
E02005789,Ryedale 002,E06000065,North Yorkshire,23196.5
E02005790,Ryedale 003,E06000065,North Yorkshire,28108.25
E02005791,Ryedale 004,E06000065,North Yorkshire,22027.5
E02005794,Ryedale 007,E06000065,North Yorkshire,28577.2
E02005795,Scarborough 001,E06000065,North Yorkshire,8333.25
E02005796,Scarborough 002,E06000065,North Yorkshire,17319.0
E02005797,Scarborough 003,E06000065,North Yorkshire,12021.75
E02005798,Scarborough 004,E06000065,North Yorkshire,19095.6
E02005799,Scarborough 005,E06000065,North Yorkshire,16250.666666666666
E02005800,Scarborough 006,E06000065,North Yorkshire,4446.75
E02005801,Scarborough 007,E06000065,North Yorkshire,4636.75
E02005802,Scarborough 008,E06000065,North Yorkshire,10091.6
E02005803,Scarborough 009,E06000065,North Yorkshire,8991.833333333334
E02005804,Scarborough 010,E06000065,North Yorkshire,3743.2
E02005805,Scarborough 011,E06000065,North Yorkshire,13316.6
E02005806,Scarborough 012,E06000065,North Yorkshire,7756.4
E02005807,Scarborough 013,E06000065,North Yorkshire,16405.5
E02005808,Scarborough 014,E06000065,North Yorkshire,10773.714285714286
E02005809,Selby 001,E06000065,North Yorkshire,22066.2
E02005810,Selby 002,E06000065,North Yorkshire,29192.8
E02005811,Selby 003,E06000065,North Yorkshire,26138.0
E02005812,Selby 004,E06000065,North Yorkshire,22622.14285714286
E02005813,Selby 005,E06000065,North Yorkshire,11462.0
E02005814,Selby 006,E06000065,North Yorkshire,20111.5
E02005815,Selby 007,E06000065,North Yorkshire,26339.0
E02005816,Selby 008,E06000065,North Yorkshire,23295.4
E02005817,Selby 009,E06000065,North Yorkshire,24013.75
E02005818,Selby 010,E06000065,North Yorkshire,25366.0
E02005819,Ashfield 001,E07000170,Ashfield,11165.25
E02005820,Ashfield 002,E07000170,Ashfield,11568.75
E02005821,Ashfield 003,E07000170,Ashfield,8493.25
E02005822,Ashfield 004,E07000170,Ashfield,5185.4
E02005823,Ashfield 005,E07000170,Ashfield,1766.2
E02005824,Ashfield 006,E07000170,Ashfield,11720.833333333334
E02005825,Ashfield 007,E07000170,Ashfield,8716.4
E02005826,Ashfield 008,E07000170,Ashfield,4418.0
E02005827,Ashfield 009,E07000170,Ashfield,13642.4
E02005828,Ashfield 010,E07000170,Ashfield,12418.75
E02005829,Ashfield 011,E07000170,Ashfield,11854.0
E02005830,Ashfield 012,E07000170,Ashfield,14757.5
E02005831,Ashfield 013,E07000170,Ashfield,13991.75
E02005832,Ashfield 014,E07000170,Ashfield,9734.8
E02005833,Ashfield 015,E07000170,Ashfield,17223.8
E02005834,Ashfield 016,E07000170,Ashfield,5686.6
E02005835,Bassetlaw 001,E07000171,Bassetlaw,11910.0
E02005836,Bassetlaw 002,E07000171,Bassetlaw,19985.0
E02005837,Bassetlaw 003,E07000171,Bassetlaw,22501.333333333332
E02005838,Bassetlaw 004,E07000171,Bassetlaw,11264.333333333334
E02005839,Bassetlaw 005,E07000171,Bassetlaw,14789.25
E02005840,Bassetlaw 006,E07000171,Bassetlaw,17133.6
E02005842,Bassetlaw 008,E07000171,Bassetlaw,13763.666666666666
E02005843,Bassetlaw 009,E07000171,Bassetlaw,15121.0
E02005844,Bassetlaw 010,E07000171,Bassetlaw,13718.0
E02005846,Bassetlaw 012,E07000171,Bassetlaw,3055.0
E02005847,Bassetlaw 013,E07000171,Bassetlaw,15961.0
E02005848,Bassetlaw 014,E07000171,Bassetlaw,16649.25
E02005849,Bassetlaw 015,E07000171,Bassetlaw,18523.5
E02005850,Broxtowe 001,E07000172,Broxtowe,14556.0
E02005851,Broxtowe 002,E07000172,Broxtowe,6320.75
E02005852,Broxtowe 003,E07000172,Broxtowe,20602.8
E02005853,Broxtowe 004,E07000172,Broxtowe,17402.166666666668
E02005856,Broxtowe 007,E07000172,Broxtowe,28459.2
E02005857,Broxtowe 008,E07000172,Broxtowe,15300.5
E02005858,Broxtowe 009,E07000172,Broxtowe,18992.8
E02005859,Broxtowe 010,E07000172,Broxtowe,16078.333333333334
E02005860,Broxtowe 011,E07000172,Broxtowe,15639.8
E02005861,Broxtowe 012,E07000172,Broxtowe,17867.0
E02005862,Broxtowe 013,E07000172,Broxtowe,15748.0
E02005863,Broxtowe 014,E07000172,Broxtowe,24171.4
E02005864,Broxtowe 015,E07000172,Broxtowe,27100.6
E02005865,Gedling 001,E07000173,Gedling,27373.2
E02005866,Gedling 002,E07000173,Gedling,20533.333333333332
E02005868,Gedling 004,E07000173,Gedling,19269.4
E02005869,Gedling 005,E07000173,Gedling,9324.75
E02005870,Gedling 006,E07000173,Gedling,12309.5
E02005871,Gedling 007,E07000173,Gedling,22912.4
E02005872,Gedling 008,E07000173,Gedling,28949.666666666668
E02005873,Gedling 009,E07000173,Gedling,25901.714285714286
E02005874,Gedling 010,E07000173,Gedling,24210.833333333332
E02005875,Gedling 011,E07000173,Gedling,17590.4
E02005876,Gedling 012,E07000173,Gedling,17872.5
E02005877,Gedling 013,E07000173,Gedling,16570.2
E02005878,Gedling 014,E07000173,Gedling,14736.0
E02005879,Gedling 015,E07000173,Gedling,12057.4
E02005880,Mansfield 001,E07000174,Mansfield,4956.0
E02005881,Mansfield 002,E07000174,Mansfield,5150.5
E02005882,Mansfield 003,E07000174,Mansfield,12795.8
E02005883,Mansfield 004,E07000174,Mansfield,5562.2
E02005884,Mansfield 005,E07000174,Mansfield,10460.75
E02005885,Mansfield 006,E07000174,Mansfield,7466.0
E02005886,Mansfield 007,E07000174,Mansfield,11775.57142857143
E02005887,Mansfield 008,E07000174,Mansfield,4666.666666666667
E02005888,Mansfield 009,E07000174,Mansfield,3110.8
E02005889,Mansfield 010,E07000174,Mansfield,10173.57142857143
E02005890,Mansfield 011,E07000174,Mansfield,14459.75
E02005891,Mansfield 012,E07000174,Mansfield,3124.75
E02005892,Mansfield 013,E07000174,Mansfield,20599.25
E02005893,Newark and Sherwood 001,E07000175,Newark and Sherwood,5172.714285714285
E02005894,Newark and Sherwood 002,E07000175,Newark and Sherwood,12647.714285714286
E02005895,Newark and Sherwood 003,E07000175,Newark and Sherwood,23390.2
E02005896,Newark and Sherwood 004,E07000175,Newark and Sherwood,23579.5
E02005897,Newark and Sherwood 005,E07000175,Newark and Sherwood,20709.0
E02005898,Newark and Sherwood 006,E07000175,Newark and Sherwood,9460.285714285714
E02005899,Newark and Sherwood 007,E07000175,Newark and Sherwood,10369.142857142857
E02005900,Newark and Sherwood 008,E07000175,Newark and Sherwood,25657.5
E02005901,Newark and Sherwood 009,E07000175,Newark and Sherwood,15901.6
E02005902,Newark and Sherwood 010,E07000175,Newark and Sherwood,10191.8
E02005903,Newark and Sherwood 011,E07000175,Newark and Sherwood,16012.57142857143
E02005904,Newark and Sherwood 012,E07000175,Newark and Sherwood,22847.14285714286
E02005905,Newark and Sherwood 013,E07000175,Newark and Sherwood,26268.5
E02005906,Rushcliffe 001,E07000176,Rushcliffe,31430.666666666668
E02005907,Rushcliffe 002,E07000176,Rushcliffe,27166.5
E02005908,Rushcliffe 003,E07000176,Rushcliffe,28753.5
E02005909,Rushcliffe 004,E07000176,Rushcliffe,30909.0
E02005910,Rushcliffe 005,E07000176,Rushcliffe,22772.166666666668
E02005911,Rushcliffe 006,E07000176,Rushcliffe,30254.8
E02005912,Rushcliffe 007,E07000176,Rushcliffe,28340.8
E02005913,Rushcliffe 008,E07000176,Rushcliffe,25690.0
E02005914,Rushcliffe 009,E07000176,Rushcliffe,18216.0
E02005915,Rushcliffe 010,E07000176,Rushcliffe,30253.666666666668
E02005916,Rushcliffe 011,E07000176,Rushcliffe,27335.5
E02005917,Rushcliffe 012,E07000176,Rushcliffe,33004.333333333336
E02005918,Rushcliffe 013,E07000176,Rushcliffe,25638.5
E02005919,Rushcliffe 014,E07000176,Rushcliffe,28384.666666666668
E02005920,Rushcliffe 015,E07000176,Rushcliffe,31941.0
E02005921,Cherwell 001,E07000177,Cherwell,30160.4
E02005922,Cherwell 002,E07000177,Cherwell,25241.8
E02005923,Cherwell 003,E07000177,Cherwell,17005.0
E02005924,Cherwell 004,E07000177,Cherwell,19340.0
E02005925,Cherwell 005,E07000177,Cherwell,14514.666666666666
E02005926,Cherwell 006,E07000177,Cherwell,25950.4
E02005927,Cherwell 007,E07000177,Cherwell,25207.25
E02005928,Cherwell 008,E07000177,Cherwell,29741.0
E02005929,Cherwell 009,E07000177,Cherwell,31189.2
E02005930,Cherwell 010,E07000177,Cherwell,29507.666666666668
E02005931,Cherwell 011,E07000177,Cherwell,29660.285714285714
E02005932,Cherwell 012,E07000177,Cherwell,27903.25
E02005933,Cherwell 013,E07000177,Cherwell,24193.4
E02005934,Cherwell 014,E07000177,Cherwell,24680.5
E02005935,Cherwell 015,E07000177,Cherwell,22491.8
E02005936,Cherwell 016,E07000177,Cherwell,26196.875
E02005937,Cherwell 017,E07000177,Cherwell,24864.6
E02005938,Cherwell 018,E07000177,Cherwell,29081.5
E02005939,Cherwell 019,E07000177,Cherwell,28659.25
E02005940,Oxford 001,E07000178,Oxford,30448.5
E02005941,Oxford 002,E07000178,Oxford,31372.25
E02005942,Oxford 003,E07000178,Oxford,33495.666666666664
E02005943,Oxford 004,E07000178,Oxford,30380.0
E02005944,Oxford 005,E07000178,Oxford,16413.25
E02005945,Oxford 006,E07000178,Oxford,31054.166666666668
E02005946,Oxford 007,E07000178,Oxford,28197.6
E02005947,Oxford 008,E07000178,Oxford,26576.5
E02005948,Oxford 009,E07000178,Oxford,28619.75
E02005949,Oxford 010,E07000178,Oxford,15913.25
E02005950,Oxford 011,E07000178,Oxford,20477.428571428572
E02005951,Oxford 012,E07000178,Oxford,23408.75
E02005953,Oxford 014,E07000178,Oxford,26248.0
E02005954,Oxford 015,E07000178,Oxford,23198.666666666668
E02005955,Oxford 016,E07000178,Oxford,15860.333333333334
E02005956,Oxford 017,E07000178,Oxford,11529.25
E02005957,Oxford 018,E07000178,Oxford,11023.0
E02005958,South Oxfordshire 001,E07000179,South Oxfordshire,30774.5
E02005959,South Oxfordshire 002,E07000179,South Oxfordshire,32318.5
E02005960,South Oxfordshire 003,E07000179,South Oxfordshire,29161.5
E02005961,South Oxfordshire 004,E07000179,South Oxfordshire,29714.8
E02005962,South Oxfordshire 005,E07000179,South Oxfordshire,31473.0
E02005963,South Oxfordshire 006,E07000179,South Oxfordshire,26199.5
E02005964,South Oxfordshire 007,E07000179,South Oxfordshire,31324.0
E02005965,South Oxfordshire 008,E07000179,South Oxfordshire,32735.0
E02005966,South Oxfordshire 009,E07000179,South Oxfordshire,31595.0
E02005967,South Oxfordshire 010,E07000179,South Oxfordshire,26258.2
E02005968,South Oxfordshire 011,E07000179,South Oxfordshire,30215.4
E02005969,South Oxfordshire 012,E07000179,South Oxfordshire,27588.666666666668
E02005970,South Oxfordshire 013,E07000179,South Oxfordshire,23401.75
E02005971,South Oxfordshire 014,E07000179,South Oxfordshire,25572.5
E02005972,South Oxfordshire 015,E07000179,South Oxfordshire,30927.714285714286
E02005973,South Oxfordshire 016,E07000179,South Oxfordshire,29528.666666666668
E02005974,South Oxfordshire 017,E07000179,South Oxfordshire,30381.0
E02005975,South Oxfordshire 018,E07000179,South Oxfordshire,32332.0
E02005976,South Oxfordshire 019,E07000179,South Oxfordshire,33123.0
E02005977,South Oxfordshire 020,E07000179,South Oxfordshire,31245.0
E02005978,Vale of White Horse 001,E07000180,Vale of White Horse,31329.0
E02005979,Vale of White Horse 002,E07000180,Vale of White Horse,31852.166666666668
E02005980,Vale of White Horse 003,E07000180,Vale of White Horse,29306.285714285714
E02005981,Vale of White Horse 004,E07000180,Vale of White Horse,31531.0
E02005982,Vale of White Horse 005,E07000180,Vale of White Horse,30182.25
E02005983,Vale of White Horse 006,E07000180,Vale of White Horse,22587.428571428572
E02005984,Vale of White Horse 007,E07000180,Vale of White Horse,31728.75
E02005985,Vale of White Horse 008,E07000180,Vale of White Horse,24540.8
E02005986,Vale of White Horse 009,E07000180,Vale of White Horse,25758.0
E02005987,Vale of White Horse 010,E07000180,Vale of White Horse,28253.0
E02005988,Vale of White Horse 011,E07000180,Vale of White Horse,27845.0
E02005991,Vale of White Horse 014,E07000180,Vale of White Horse,27265.714285714286
E02005992,Vale of White Horse 015,E07000180,Vale of White Horse,28867.375
E02005993,West Oxfordshire 001,E07000181,West Oxfordshire,22143.25
E02005994,West Oxfordshire 002,E07000181,West Oxfordshire,29930.75
E02005995,West Oxfordshire 003,E07000181,West Oxfordshire,30921.333333333332
E02005996,West Oxfordshire 004,E07000181,West Oxfordshire,30810.833333333332
E02005997,West Oxfordshire 005,E07000181,West Oxfordshire,29855.25
E02005998,West Oxfordshire 006,E07000181,West Oxfordshire,30632.5
E02005999,West Oxfordshire 007,E07000181,West Oxfordshire,31044.75
E02006000,West Oxfordshire 008,E07000181,West Oxfordshire,26841.875
E02006001,West Oxfordshire 009,E07000181,West Oxfordshire,26660.5
E02006002,West Oxfordshire 010,E07000181,West Oxfordshire,23305.833333333332
E02006003,West Oxfordshire 011,E07000181,West Oxfordshire,26701.5
E02006004,West Oxfordshire 012,E07000181,West Oxfordshire,30550.5
E02006005,West Oxfordshire 013,E07000181,West Oxfordshire,27917.2
E02006006,West Oxfordshire 014,E07000181,West Oxfordshire,24903.5
E02006007,West Oxfordshire 015,E07000181,West Oxfordshire,30552.5
E02006008,Shropshire 025,E06000051,Shropshire,22023.0
E02006009,Shropshire 027,E06000051,Shropshire,23646.25
E02006010,Shropshire 029,E06000051,Shropshire,21881.0
E02006011,Shropshire 031,E06000051,Shropshire,20462.75
E02006012,Shropshire 033,E06000051,Shropshire,20395.75
E02006013,Shropshire 034,E06000051,Shropshire,24065.8
E02006014,Shropshire 035,E06000051,Shropshire,24968.4
E02006015,Shropshire 001,E06000051,Shropshire,16510.0
E02006016,Shropshire 002,E06000051,Shropshire,22075.6
E02006017,Shropshire 004,E06000051,Shropshire,23522.8
E02006018,Shropshire 005,E06000051,Shropshire,16575.571428571428
E02006019,Shropshire 008,E06000051,Shropshire,13684.0
E02006020,Shropshire 009,E06000051,Shropshire,19143.0
E02006021,Shropshire 010,E06000051,Shropshire,25530.4
E02006022,Shropshire 013,E06000051,Shropshire,22339.75
E02006023,Shropshire 003,E06000051,Shropshire,18219.85714285714
E02006024,Shropshire 006,E06000051,Shropshire,12720.833333333334
E02006025,Shropshire 007,E06000051,Shropshire,16185.0
E02006026,Shropshire 011,E06000051,Shropshire,22542.4
E02006027,Shropshire 012,E06000051,Shropshire,23463.0
E02006028,Shropshire 014,E06000051,Shropshire,23271.5
E02006029,Shropshire 015,E06000051,Shropshire,10066.0
E02006030,Shropshire 016,E06000051,Shropshire,16224.4
E02006031,Shropshire 017,E06000051,Shropshire,13211.0
E02006032,Shropshire 018,E06000051,Shropshire,11404.833333333334
E02006033,Shropshire 019,E06000051,Shropshire,15098.166666666666
E02006034,Shropshire 020,E06000051,Shropshire,21155.333333333332
E02006035,Shropshire 021,E06000051,Shropshire,18992.25
E02006036,Shropshire 022,E06000051,Shropshire,17262.0
E02006037,Shropshire 023,E06000051,Shropshire,23116.833333333332
E02006038,Shropshire 024,E06000051,Shropshire,18654.6
E02006039,Shropshire 026,E06000051,Shropshire,18676.4
E02006040,Shropshire 028,E06000051,Shropshire,25609.25
E02006041,Shropshire 030,E06000051,Shropshire,22452.0
E02006042,Shropshire 032,E06000051,Shropshire,23484.0
E02006043,Shropshire 036,E06000051,Shropshire,19788.75
E02006044,Shropshire 037,E06000051,Shropshire,27981.25
E02006045,Shropshire 038,E06000051,Shropshire,14942.625
E02006046,Shropshire 039,E06000051,Shropshire,22654.5
E02006047,Mendip 001,E06000066,Somerset,23729.4
E02006048,Mendip 002,E06000066,Somerset,20982.75
E02006049,Mendip 003,E06000066,Somerset,26494.8
E02006050,Mendip 004,E06000066,Somerset,15627.0
E02006051,Mendip 005,E06000066,Somerset,25190.0
E02006052,Mendip 006,E06000066,Somerset,25459.75
E02006053,Mendip 007,E06000066,Somerset,18604.14285714286
E02006054,Mendip 008,E06000066,Somerset,20168.0
E02006055,Mendip 009,E06000066,Somerset,19703.4
E02006056,Mendip 010,E06000066,Somerset,23505.0
E02006057,Mendip 011,E06000066,Somerset,15515.25
E02006058,Mendip 012,E06000066,Somerset,25341.6
E02006059,Mendip 013,E06000066,Somerset,31231.0
E02006060,Mendip 014,E06000066,Somerset,17869.2
E02006061,Sedgemoor 001,E06000066,Somerset,23543.6
E02006062,Sedgemoor 002,E06000066,Somerset,21083.166666666668
E02006063,Sedgemoor 003,E06000066,Somerset,29217.0
E02006064,Sedgemoor 004,E06000066,Somerset,12315.8
E02006065,Sedgemoor 005,E06000066,Somerset,9716.2
E02006066,Sedgemoor 006,E06000066,Somerset,20220.5
E02006067,Sedgemoor 007,E06000066,Somerset,22468.6
E02006068,Sedgemoor 008,E06000066,Somerset,7679.2
E02006069,Sedgemoor 009,E06000066,Somerset,11038.4
E02006070,Sedgemoor 010,E06000066,Somerset,17084.166666666668
E02006071,Sedgemoor 011,E06000066,Somerset,23276.166666666668
E02006072,Sedgemoor 012,E06000066,Somerset,23687.333333333332
E02006073,Sedgemoor 013,E06000066,Somerset,5584.0
E02006074,Sedgemoor 014,E06000066,Somerset,18721.375
E02006075,South Somerset 001,E06000066,Somerset,28533.333333333332
E02006076,South Somerset 002,E06000066,Somerset,25160.0
E02006077,South Somerset 003,E06000066,Somerset,23578.666666666668
E02006078,South Somerset 004,E06000066,Somerset,25005.5
E02006079,South Somerset 005,E06000066,Somerset,24702.5
E02006080,South Somerset 006,E06000066,Somerset,24564.75
E02006081,South Somerset 007,E06000066,Somerset,20962.25
E02006082,South Somerset 008,E06000066,Somerset,23474.0
E02006083,South Somerset 009,E06000066,Somerset,20678.0
E02006084,South Somerset 010,E06000066,Somerset,25508.0
E02006085,South Somerset 011,E06000066,Somerset,20296.6
E02006086,South Somerset 012,E06000066,Somerset,22467.0
E02006087,South Somerset 013,E06000066,Somerset,14148.75
E02006088,South Somerset 014,E06000066,Somerset,11645.8
E02006089,South Somerset 015,E06000066,Somerset,10801.2
E02006090,South Somerset 016,E06000066,Somerset,17073.75
E02006091,South Somerset 017,E06000066,Somerset,23224.5
E02006092,South Somerset 018,E06000066,Somerset,24643.75
E02006093,South Somerset 019,E06000066,Somerset,21179.2
E02006094,South Somerset 020,E06000066,Somerset,23800.25
E02006095,South Somerset 021,E06000066,Somerset,21741.4
E02006096,South Somerset 022,E06000066,Somerset,17660.0
E02006097,South Somerset 023,E06000066,Somerset,12409.75
E02006098,South Somerset 024,E06000066,Somerset,27763.0
E02006099,Somerset West and Taunton 006,E06000066,Somerset,22377.5
E02006100,Somerset West and Taunton 007,E06000066,Somerset,19274.6
E02006101,Somerset West and Taunton 013,E06000066,Somerset,22464.0
E02006102,Somerset West and Taunton 010,E06000066,Somerset,8132.6
E02006103,Somerset West and Taunton 009,E06000066,Somerset,22858.2
E02006104,Somerset West and Taunton 008,E06000066,Somerset,20786.166666666668
E02006105,Somerset West and Taunton 011,E06000066,Somerset,13867.166666666666
E02006106,Somerset West and Taunton 012,E06000066,Somerset,15554.2
E02006107,Somerset West and Taunton 014,E06000066,Somerset,5822.4
E02006108,Somerset West and Taunton 015,E06000066,Somerset,13392.4
E02006109,Somerset West and Taunton 016,E06000066,Somerset,26557.2
E02006110,Somerset West and Taunton 018,E06000066,Somerset,13391.166666666666
E02006111,Somerset West and Taunton 017,E06000066,Somerset,22074.666666666668
E02006112,Somerset West and Taunton 019,E06000066,Somerset,27498.75
E02006113,Somerset West and Taunton 001,E06000066,Somerset,11207.75
E02006114,Somerset West and Taunton 002,E06000066,Somerset,13081.75
E02006115,Somerset West and Taunton 003,E06000066,Somerset,12974.2
E02006116,Somerset West and Taunton 004,E06000066,Somerset,21978.2
E02006117,Somerset West and Taunton 005,E06000066,Somerset,19471.666666666668
E02006118,Cannock Chase 001,E07000192,Cannock Chase,18555.6
E02006119,Cannock Chase 002,E07000192,Cannock Chase,7745.8
E02006120,Cannock Chase 003,E07000192,Cannock Chase,11922.0
E02006121,Cannock Chase 004,E07000192,Cannock Chase,10227.5
E02006122,Cannock Chase 005,E07000192,Cannock Chase,12513.8
E02006123,Cannock Chase 006,E07000192,Cannock Chase,12640.75
E02006124,Cannock Chase 007,E07000192,Cannock Chase,4497.0
E02006125,Cannock Chase 008,E07000192,Cannock Chase,8787.0
E02006126,Cannock Chase 009,E07000192,Cannock Chase,15628.4
E02006127,Cannock Chase 010,E07000192,Cannock Chase,21012.25
E02006128,Cannock Chase 011,E07000192,Cannock Chase,14009.8
E02006129,Cannock Chase 012,E07000192,Cannock Chase,5181.6
E02006130,Cannock Chase 013,E07000192,Cannock Chase,12722.75
E02006131,East Staffordshire 001,E07000193,East Staffordshire,21419.0
E02006132,East Staffordshire 002,E07000193,East Staffordshire,15259.5
E02006133,East Staffordshire 003,E07000193,East Staffordshire,16048.25
E02006134,East Staffordshire 004,E07000193,East Staffordshire,21500.0
E02006135,East Staffordshire 005,E07000193,East Staffordshire,20192.8
E02006136,East Staffordshire 006,E07000193,East Staffordshire,22190.666666666668
E02006137,East Staffordshire 007,E07000193,East Staffordshire,10646.6
E02006138,East Staffordshire 008,E07000193,East Staffordshire,10039.0
E02006139,East Staffordshire 009,E07000193,East Staffordshire,10365.0
E02006140,East Staffordshire 010,E07000193,East Staffordshire,10111.2
E02006141,East Staffordshire 011,E07000193,East Staffordshire,8814.142857142857
E02006142,East Staffordshire 012,E07000193,East Staffordshire,23979.333333333332
E02006143,East Staffordshire 013,E07000193,East Staffordshire,20705.0
E02006144,East Staffordshire 014,E07000193,East Staffordshire,5687.0
E02006145,East Staffordshire 015,E07000193,East Staffordshire,25174.25
E02006146,Lichfield 001,E07000194,Lichfield,19169.2
E02006147,Lichfield 002,E07000194,Lichfield,24951.2
E02006148,Lichfield 003,E07000194,Lichfield,24528.25
E02006149,Lichfield 004,E07000194,Lichfield,12657.166666666666
E02006150,Lichfield 005,E07000194,Lichfield,22585.571428571428
E02006151,Lichfield 006,E07000194,Lichfield,18616.5
E02006152,Lichfield 007,E07000194,Lichfield,25777.0
E02006153,Lichfield 008,E07000194,Lichfield,24516.8
E02006154,Lichfield 009,E07000194,Lichfield,22065.333333333332
E02006155,Lichfield 010,E07000194,Lichfield,10525.5
E02006156,Lichfield 011,E07000194,Lichfield,25260.4
E02006157,Lichfield 012,E07000194,Lichfield,17471.5
E02006158,Newcastle-under-Lyme 001,E07000195,Newcastle-under-Lyme,18542.0
E02006159,Newcastle-under-Lyme 002,E07000195,Newcastle-under-Lyme,7012.75
E02006160,Newcastle-under-Lyme 003,E07000195,Newcastle-under-Lyme,8321.166666666666
E02006161,Newcastle-under-Lyme 004,E07000195,Newcastle-under-Lyme,14969.4
E02006162,Newcastle-under-Lyme 005,E07000195,Newcastle-under-Lyme,13592.2
E02006163,Newcastle-under-Lyme 006,E07000195,Newcastle-under-Lyme,7975.4
E02006164,Newcastle-under-Lyme 007,E07000195,Newcastle-under-Lyme,4340.2
E02006165,Newcastle-under-Lyme 008,E07000195,Newcastle-under-Lyme,9962.4
E02006166,Newcastle-under-Lyme 009,E07000195,Newcastle-under-Lyme,17272.0
E02006167,Newcastle-under-Lyme 010,E07000195,Newcastle-under-Lyme,5153.166666666667
E02006168,Newcastle-under-Lyme 011,E07000195,Newcastle-under-Lyme,4469.0
E02006169,Newcastle-under-Lyme 012,E07000195,Newcastle-under-Lyme,14708.666666666666
E02006170,Newcastle-under-Lyme 013,E07000195,Newcastle-under-Lyme,17597.25
E02006171,Newcastle-under-Lyme 014,E07000195,Newcastle-under-Lyme,14343.166666666666
E02006172,Newcastle-under-Lyme 015,E07000195,Newcastle-under-Lyme,24035.166666666668
E02006173,Newcastle-under-Lyme 016,E07000195,Newcastle-under-Lyme,21715.25
E02006174,South Staffordshire 001,E07000196,South Staffordshire,23342.166666666668
E02006175,South Staffordshire 002,E07000196,South Staffordshire,16317.0
E02006176,South Staffordshire 003,E07000196,South Staffordshire,20665.4
E02006177,South Staffordshire 004,E07000196,South Staffordshire,20608.428571428572
E02006178,South Staffordshire 005,E07000196,South Staffordshire,18094.6
E02006179,South Staffordshire 006,E07000196,South Staffordshire,19706.25
E02006180,South Staffordshire 007,E07000196,South Staffordshire,13869.75
E02006181,South Staffordshire 008,E07000196,South Staffordshire,15343.5
E02006182,South Staffordshire 009,E07000196,South Staffordshire,25932.4
E02006185,South Staffordshire 012,E07000196,South Staffordshire,16337.6
E02006186,South Staffordshire 013,E07000196,South Staffordshire,27310.714285714286
E02006187,South Staffordshire 014,E07000196,South Staffordshire,22149.0
E02006188,Stafford 001,E07000197,Stafford,20748.75
E02006189,Stafford 002,E07000197,Stafford,20965.8
E02006190,Stafford 003,E07000197,Stafford,15507.166666666666
E02006191,Stafford 004,E07000197,Stafford,26627.2
E02006192,Stafford 005,E07000197,Stafford,25376.2
E02006193,Stafford 006,E07000197,Stafford,22593.25
E02006194,Stafford 007,E07000197,Stafford,11835.8
E02006195,Stafford 008,E07000197,Stafford,25368.2
E02006196,Stafford 009,E07000197,Stafford,9737.0
E02006197,Stafford 010,E07000197,Stafford,8940.0
E02006198,Stafford 011,E07000197,Stafford,22928.833333333332
E02006199,Stafford 012,E07000197,Stafford,22994.2
E02006200,Stafford 013,E07000197,Stafford,6699.0
E02006201,Stafford 014,E07000197,Stafford,27858.285714285714
E02006202,Stafford 015,E07000197,Stafford,26093.2
E02006203,Stafford 016,E07000197,Stafford,11943.75
E02006204,Staffordshire Moorlands 001,E07000198,Staffordshire Moorlands,14975.6
E02006205,Staffordshire Moorlands 002,E07000198,Staffordshire Moorlands,26282.25
E02006206,Staffordshire Moorlands 003,E07000198,Staffordshire Moorlands,9741.6
E02006207,Staffordshire Moorlands 004,E07000198,Staffordshire Moorlands,22922.25
E02006208,Staffordshire Moorlands 005,E07000198,Staffordshire Moorlands,11562.6
E02006209,Staffordshire Moorlands 006,E07000198,Staffordshire Moorlands,23940.5
E02006210,Staffordshire Moorlands 007,E07000198,Staffordshire Moorlands,28892.0
E02006211,Staffordshire Moorlands 008,E07000198,Staffordshire Moorlands,25958.0
E02006212,Staffordshire Moorlands 009,E07000198,Staffordshire Moorlands,25391.6
E02006213,Staffordshire Moorlands 010,E07000198,Staffordshire Moorlands,18802.5
E02006214,Staffordshire Moorlands 011,E07000198,Staffordshire Moorlands,15236.5
E02006215,Staffordshire Moorlands 012,E07000198,Staffordshire Moorlands,22437.8
E02006216,Staffordshire Moorlands 013,E07000198,Staffordshire Moorlands,24161.2
E02006217,Tamworth 001,E07000199,Tamworth,17741.166666666668
E02006218,Tamworth 002,E07000199,Tamworth,8099.0
E02006219,Tamworth 003,E07000199,Tamworth,17278.6
E02006220,Tamworth 004,E07000199,Tamworth,15791.8
E02006221,Tamworth 005,E07000199,Tamworth,16437.0
E02006222,Tamworth 006,E07000199,Tamworth,11120.2
E02006223,Tamworth 007,E07000199,Tamworth,3632.6
E02006224,Tamworth 008,E07000199,Tamworth,17941.2
E02006225,Tamworth 009,E07000199,Tamworth,20902.6
E02006226,Tamworth 010,E07000199,Tamworth,15199.666666666666
E02006227,Babergh 001,E07000200,Babergh,28502.333333333332
E02006228,Babergh 002,E07000200,Babergh,25677.0
E02006229,Babergh 003,E07000200,Babergh,25019.333333333332
E02006230,Babergh 004,E07000200,Babergh,22723.428571428572
E02006231,Babergh 005,E07000200,Babergh,24972.333333333332
E02006232,Babergh 006,E07000200,Babergh,26055.5
E02006233,Babergh 007,E07000200,Babergh,15010.25
E02006234,Babergh 008,E07000200,Babergh,17798.0
E02006235,Babergh 009,E07000200,Babergh,30118.5
E02006236,Babergh 010,E07000200,Babergh,28034.14285714286
E02006237,Babergh 011,E07000200,Babergh,28836.0
E02006238,West Suffolk 002,E07000245,West Suffolk,16278.2
E02006239,West Suffolk 001,E07000245,West Suffolk,25544.2
E02006240,West Suffolk 003,E07000245,West Suffolk,22562.0
E02006241,West Suffolk 004,E07000245,West Suffolk,14950.4
E02006242,West Suffolk 007,E07000245,West Suffolk,25496.666666666668
E02006243,West Suffolk 008,E07000245,West Suffolk,20670.5
E02006245,Ipswich 001,E07000202,Ipswich,13320.8
E02006246,Ipswich 002,E07000202,Ipswich,20684.6
E02006247,Ipswich 003,E07000202,Ipswich,9206.8
E02006248,Ipswich 004,E07000202,Ipswich,16394.0
E02006249,Ipswich 005,E07000202,Ipswich,24501.6
E02006250,Ipswich 006,E07000202,Ipswich,9190.6
E02006251,Ipswich 007,E07000202,Ipswich,9334.857142857143
E02006252,Ipswich 008,E07000202,Ipswich,15664.6
E02006253,Ipswich 009,E07000202,Ipswich,24052.8
E02006254,Ipswich 010,E07000202,Ipswich,6007.8
E02006255,Ipswich 011,E07000202,Ipswich,16518.4
E02006256,Ipswich 012,E07000202,Ipswich,6963.0
E02006257,Ipswich 013,E07000202,Ipswich,10782.0
E02006258,Ipswich 014,E07000202,Ipswich,8622.333333333334
E02006259,Ipswich 015,E07000202,Ipswich,10370.8
E02006260,Ipswich 016,E07000202,Ipswich,11333.333333333334
E02006261,Mid Suffolk 001,E07000203,Mid Suffolk,27125.75
E02006262,Mid Suffolk 002,E07000203,Mid Suffolk,27296.833333333332
E02006263,Mid Suffolk 003,E07000203,Mid Suffolk,27835.75
E02006264,Mid Suffolk 004,E07000203,Mid Suffolk,26589.4
E02006265,Mid Suffolk 005,E07000203,Mid Suffolk,25161.25
E02006266,Mid Suffolk 006,E07000203,Mid Suffolk,23267.4
E02006267,Mid Suffolk 007,E07000203,Mid Suffolk,29095.5
E02006268,Mid Suffolk 008,E07000203,Mid Suffolk,9228.25
E02006269,Mid Suffolk 009,E07000203,Mid Suffolk,25554.0
E02006270,Mid Suffolk 010,E07000203,Mid Suffolk,20080.0
E02006271,Mid Suffolk 011,E07000203,Mid Suffolk,22359.2
E02006272,Mid Suffolk 012,E07000203,Mid Suffolk,20614.6
E02006273,West Suffolk 005,E07000245,West Suffolk,23769.4
E02006274,West Suffolk 006,E07000245,West Suffolk,24720.75
E02006275,West Suffolk 009,E07000245,West Suffolk,10716.0
E02006276,West Suffolk 016,E07000245,West Suffolk,27516.5
E02006277,West Suffolk 012,E07000245,West Suffolk,26350.5
E02006278,West Suffolk 011,E07000245,West Suffolk,18170.333333333332
E02006279,West Suffolk 014,E07000245,West Suffolk,20122.0
E02006280,West Suffolk 010,E07000245,West Suffolk,23606.0
E02006281,West Suffolk 013,E07000245,West Suffolk,17414.666666666668
E02006282,West Suffolk 017,E07000245,West Suffolk,28598.333333333332
E02006283,West Suffolk 018,E07000245,West Suffolk,27283.25
E02006284,West Suffolk 019,E07000245,West Suffolk,17478.75
E02006285,West Suffolk 021,E07000245,West Suffolk,21758.5
E02006286,West Suffolk 020,E07000245,West Suffolk,18740.333333333332
E02006287,East Suffolk 016,E07000244,East Suffolk,25202.333333333332
E02006288,East Suffolk 017,E07000244,East Suffolk,25058.6
E02006289,East Suffolk 018,E07000244,East Suffolk,16615.8
E02006290,East Suffolk 019,E07000244,East Suffolk,14871.2
E02006291,East Suffolk 020,E07000244,East Suffolk,21822.0
E02006292,East Suffolk 021,E07000244,East Suffolk,27591.0
E02006293,East Suffolk 023,E07000244,East Suffolk,21940.833333333332
E02006294,East Suffolk 022,E07000244,East Suffolk,17345.75
E02006295,East Suffolk 024,E07000244,East Suffolk,21458.4
E02006296,East Suffolk 025,E07000244,East Suffolk,22940.0
E02006297,East Suffolk 026,E07000244,East Suffolk,26820.2
E02006298,East Suffolk 027,E07000244,East Suffolk,18538.166666666668
E02006299,East Suffolk 028,E07000244,East Suffolk,20342.6
E02006300,East Suffolk 029,E07000244,East Suffolk,7880.4
E02006301,East Suffolk 030,E07000244,East Suffolk,12130.25
E02006302,East Suffolk 001,E07000244,East Suffolk,17743.8
E02006303,East Suffolk 002,E07000244,East Suffolk,5095.8
E02006304,East Suffolk 003,E07000244,East Suffolk,13340.2
E02006305,East Suffolk 004,E07000244,East Suffolk,4000.6666666666665
E02006306,East Suffolk 005,E07000244,East Suffolk,10425.0
E02006307,East Suffolk 007,E07000244,East Suffolk,20981.0
E02006308,East Suffolk 006,E07000244,East Suffolk,4983.0
E02006309,East Suffolk 009,E07000244,East Suffolk,7314.4
E02006310,East Suffolk 008,E07000244,East Suffolk,17688.75
E02006311,East Suffolk 010,E07000244,East Suffolk,13843.6
E02006312,East Suffolk 011,E07000244,East Suffolk,22152.6
E02006313,East Suffolk 012,E07000244,East Suffolk,15739.333333333334
E02006314,East Suffolk 013,E07000244,East Suffolk,17436.75
E02006315,East Suffolk 014,E07000244,East Suffolk,21158.666666666668
E02006316,East Suffolk 015,E07000244,East Suffolk,17361.5
E02006317,Elmbridge 001,E07000207,Elmbridge,29764.75
E02006318,Elmbridge 002,E07000207,Elmbridge,32724.25
E02006319,Elmbridge 003,E07000207,Elmbridge,23141.75
E02006320,Elmbridge 004,E07000207,Elmbridge,21335.5
E02006321,Elmbridge 005,E07000207,Elmbridge,32611.25
E02006322,Elmbridge 006,E07000207,Elmbridge,32434.0
E02006323,Elmbridge 007,E07000207,Elmbridge,29104.0
E02006324,Elmbridge 008,E07000207,Elmbridge,28395.2
E02006325,Elmbridge 009,E07000207,Elmbridge,33281.8
E02006326,Elmbridge 010,E07000207,Elmbridge,30237.5
E02006327,Elmbridge 011,E07000207,Elmbridge,32863.0
E02006328,Elmbridge 012,E07000207,Elmbridge,30518.833333333332
E02006329,Elmbridge 013,E07000207,Elmbridge,30151.75
E02006330,Elmbridge 014,E07000207,Elmbridge,26906.5
E02006331,Elmbridge 015,E07000207,Elmbridge,30910.0
E02006332,Elmbridge 016,E07000207,Elmbridge,32813.25
E02006333,Elmbridge 017,E07000207,Elmbridge,28124.666666666668
E02006334,Elmbridge 018,E07000207,Elmbridge,33671.0
E02006335,Epsom and Ewell 001,E07000208,Epsom and Ewell,31964.6
E02006336,Epsom and Ewell 002,E07000208,Epsom and Ewell,22121.5
E02006337,Epsom and Ewell 003,E07000208,Epsom and Ewell,32147.8
E02006338,Epsom and Ewell 004,E07000208,Epsom and Ewell,30995.25
E02006339,Epsom and Ewell 005,E07000208,Epsom and Ewell,25135.8
E02006341,Epsom and Ewell 007,E07000208,Epsom and Ewell,26675.333333333332
E02006342,Epsom and Ewell 008,E07000208,Epsom and Ewell,25934.4
E02006343,Epsom and Ewell 009,E07000208,Epsom and Ewell,31288.5
E02006344,Guildford 001,E07000209,Guildford,29186.833333333332
E02006345,Guildford 002,E07000209,Guildford,28378.5
E02006346,Guildford 003,E07000209,Guildford,32092.714285714286
E02006347,Guildford 004,E07000209,Guildford,30174.8
E02006348,Guildford 005,E07000209,Guildford,25738.0
E02006349,Guildford 006,E07000209,Guildford,28197.0
E02006350,Guildford 007,E07000209,Guildford,12855.5
E02006351,Guildford 008,E07000209,Guildford,27922.8
E02006352,Guildford 009,E07000209,Guildford,25610.25
E02006353,Guildford 010,E07000209,Guildford,20897.75
E02006354,Guildford 011,E07000209,Guildford,33211.2
E02006355,Guildford 012,E07000209,Guildford,16789.25
E02006356,Guildford 013,E07000209,Guildford,24085.166666666668
E02006357,Guildford 014,E07000209,Guildford,28919.5
E02006358,Guildford 015,E07000209,Guildford,28054.75
E02006359,Guildford 016,E07000209,Guildford,29946.25
E02006360,Guildford 017,E07000209,Guildford,29171.4
E02006361,Guildford 018,E07000209,Guildford,31530.333333333332
E02006362,Mole Valley 001,E07000210,Mole Valley,30529.2
E02006363,Mole Valley 002,E07000210,Mole Valley,30412.5
E02006364,Mole Valley 003,E07000210,Mole Valley,18673.5
E02006365,Mole Valley 004,E07000210,Mole Valley,29899.75
E02006366,Mole Valley 005,E07000210,Mole Valley,31873.8
E02006367,Mole Valley 006,E07000210,Mole Valley,29050.25
E02006368,Mole Valley 007,E07000210,Mole Valley,28648.5
E02006369,Mole Valley 008,E07000210,Mole Valley,29188.0
E02006370,Mole Valley 009,E07000210,Mole Valley,27780.5
E02006371,Mole Valley 010,E07000210,Mole Valley,27171.75
E02006372,Mole Valley 011,E07000210,Mole Valley,23183.0
E02006373,Mole Valley 012,E07000210,Mole Valley,30532.25
E02006374,Mole Valley 013,E07000210,Mole Valley,26677.25
E02006375,Reigate and Banstead 001,E07000211,Reigate and Banstead,30944.25
E02006376,Reigate and Banstead 002,E07000211,Reigate and Banstead,27316.333333333332
E02006377,Reigate and Banstead 003,E07000211,Reigate and Banstead,30784.75
E02006378,Reigate and Banstead 004,E07000211,Reigate and Banstead,29568.8
E02006379,Reigate and Banstead 005,E07000211,Reigate and Banstead,17885.5
E02006380,Reigate and Banstead 006,E07000211,Reigate and Banstead,29177.8
E02006381,Reigate and Banstead 007,E07000211,Reigate and Banstead,31162.25
E02006382,Reigate and Banstead 008,E07000211,Reigate and Banstead,18744.5
E02006383,Reigate and Banstead 009,E07000211,Reigate and Banstead,30673.833333333332
E02006384,Reigate and Banstead 010,E07000211,Reigate and Banstead,21821.5
E02006385,Reigate and Banstead 011,E07000211,Reigate and Banstead,24080.14285714286
E02006386,Reigate and Banstead 012,E07000211,Reigate and Banstead,28720.0
E02006387,Reigate and Banstead 013,E07000211,Reigate and Banstead,22132.25
E02006388,Reigate and Banstead 014,E07000211,Reigate and Banstead,23757.2
E02006389,Reigate and Banstead 015,E07000211,Reigate and Banstead,22103.4
E02006390,Reigate and Banstead 016,E07000211,Reigate and Banstead,21700.166666666668
E02006391,Reigate and Banstead 017,E07000211,Reigate and Banstead,30197.5
E02006392,Reigate and Banstead 018,E07000211,Reigate and Banstead,21748.333333333332
E02006393,Runnymede 001,E07000212,Runnymede,24073.5
E02006394,Runnymede 002,E07000212,Runnymede,23258.833333333332
E02006395,Runnymede 003,E07000212,Runnymede,23806.0
E02006396,Runnymede 004,E07000212,Runnymede,24784.0
E02006397,Runnymede 005,E07000212,Runnymede,32519.5
E02006398,Runnymede 006,E07000212,Runnymede,20943.2
E02006399,Runnymede 007,E07000212,Runnymede,22488.285714285714
E02006400,Runnymede 008,E07000212,Runnymede,22423.75
E02006401,Runnymede 009,E07000212,Runnymede,21135.6
E02006402,Runnymede 010,E07000212,Runnymede,26081.714285714286
E02006403,Spelthorne 001,E07000213,Spelthorne,16335.75
E02006404,Spelthorne 002,E07000213,Spelthorne,15249.0
E02006405,Spelthorne 003,E07000213,Spelthorne,23197.571428571428
E02006406,Spelthorne 004,E07000213,Spelthorne,23023.166666666668
E02006407,Spelthorne 005,E07000213,Spelthorne,24760.5
E02006408,Spelthorne 006,E07000213,Spelthorne,23522.2
E02006409,Spelthorne 007,E07000213,Spelthorne,16257.0
E02006410,Spelthorne 008,E07000213,Spelthorne,18497.8
E02006411,Spelthorne 009,E07000213,Spelthorne,30834.25
E02006412,Spelthorne 010,E07000213,Spelthorne,30017.75
E02006413,Spelthorne 011,E07000213,Spelthorne,24276.0
E02006414,Spelthorne 012,E07000213,Spelthorne,22813.75
E02006415,Spelthorne 013,E07000213,Spelthorne,30186.0
E02006416,Surrey Heath 001,E07000214,Surrey Heath,29364.666666666668
E02006417,Surrey Heath 002,E07000214,Surrey Heath,29679.0
E02006418,Surrey Heath 003,E07000214,Surrey Heath,33255.75
E02006419,Surrey Heath 004,E07000214,Surrey Heath,23533.0
E02006420,Surrey Heath 005,E07000214,Surrey Heath,33049.4
E02006421,Surrey Heath 006,E07000214,Surrey Heath,31776.8
E02006422,Surrey Heath 007,E07000214,Surrey Heath,33345.75
E02006423,Surrey Heath 008,E07000214,Surrey Heath,27606.5
E02006424,Surrey Heath 009,E07000214,Surrey Heath,33311.75
E02006425,Surrey Heath 010,E07000214,Surrey Heath,30308.5
E02006426,Surrey Heath 011,E07000214,Surrey Heath,32417.5
E02006427,Surrey Heath 012,E07000214,Surrey Heath,31346.0
E02006429,Tandridge 002,E07000215,Tandridge,26984.8
E02006430,Tandridge 003,E07000215,Tandridge,21559.2
E02006431,Tandridge 004,E07000215,Tandridge,27188.0
E02006432,Tandridge 005,E07000215,Tandridge,23292.0
E02006433,Tandridge 006,E07000215,Tandridge,30909.0
E02006434,Tandridge 007,E07000215,Tandridge,21804.25
E02006435,Tandridge 008,E07000215,Tandridge,22437.25
E02006436,Tandridge 009,E07000215,Tandridge,22314.0
E02006437,Tandridge 010,E07000215,Tandridge,26198.0
E02006438,Tandridge 011,E07000215,Tandridge,25482.4
E02006439,Waverley 001,E07000216,Waverley,31790.75
E02006440,Waverley 002,E07000216,Waverley,30746.6
E02006441,Waverley 003,E07000216,Waverley,26867.6
E02006442,Waverley 004,E07000216,Waverley,33395.0
E02006443,Waverley 005,E07000216,Waverley,21844.0
E02006444,Waverley 006,E07000216,Waverley,30216.8
E02006445,Waverley 007,E07000216,Waverley,27694.4
E02006446,Waverley 008,E07000216,Waverley,29942.75
E02006447,Waverley 009,E07000216,Waverley,32221.0
E02006448,Waverley 010,E07000216,Waverley,27134.4
E02006449,Waverley 011,E07000216,Waverley,25289.8
E02006450,Waverley 012,E07000216,Waverley,28718.6
E02006451,Waverley 013,E07000216,Waverley,28078.571428571428
E02006453,Waverley 015,E07000216,Waverley,30059.8
E02006454,Waverley 016,E07000216,Waverley,29418.5
E02006455,Waverley 017,E07000216,Waverley,25209.5
E02006456,Woking 001,E07000217,Woking,21712.0
E02006457,Woking 002,E07000217,Woking,30880.6
E02006458,Woking 003,E07000217,Woking,27407.833333333332
E02006459,Woking 004,E07000217,Woking,16264.2
E02006460,Woking 005,E07000217,Woking,19348.14285714286
E02006461,Woking 006,E07000217,Woking,28970.25
E02006462,Woking 007,E07000217,Woking,21731.4
E02006463,Woking 008,E07000217,Woking,23558.666666666668
E02006464,Woking 009,E07000217,Woking,22335.5
E02006465,Woking 010,E07000217,Woking,29483.25
E02006466,Woking 011,E07000217,Woking,17652.833333333332
E02006467,Woking 012,E07000217,Woking,28719.4
E02006468,North Warwickshire 001,E07000218,North Warwickshire,18184.0
E02006469,North Warwickshire 002,E07000218,North Warwickshire,13057.6
E02006470,North Warwickshire 003,E07000218,North Warwickshire,11214.857142857143
E02006471,North Warwickshire 004,E07000218,North Warwickshire,22938.0
E02006472,North Warwickshire 005,E07000218,North Warwickshire,13960.666666666666
E02006473,North Warwickshire 006,E07000218,North Warwickshire,18550.166666666668
E02006474,North Warwickshire 007,E07000218,North Warwickshire,16367.25
E02006475,Nuneaton and Bedworth 001,E07000219,Nuneaton and Bedworth,15903.166666666666
E02006476,Nuneaton and Bedworth 002,E07000219,Nuneaton and Bedworth,7149.4
E02006477,Nuneaton and Bedworth 003,E07000219,Nuneaton and Bedworth,19927.0
E02006478,Nuneaton and Bedworth 004,E07000219,Nuneaton and Bedworth,12524.8
E02006479,Nuneaton and Bedworth 005,E07000219,Nuneaton and Bedworth,7425.0
E02006480,Nuneaton and Bedworth 006,E07000219,Nuneaton and Bedworth,9008.4
E02006481,Nuneaton and Bedworth 007,E07000219,Nuneaton and Bedworth,7552.6
E02006482,Nuneaton and Bedworth 008,E07000219,Nuneaton and Bedworth,12465.25
E02006483,Nuneaton and Bedworth 009,E07000219,Nuneaton and Bedworth,7516.8
E02006484,Nuneaton and Bedworth 010,E07000219,Nuneaton and Bedworth,9886.6
E02006485,Nuneaton and Bedworth 011,E07000219,Nuneaton and Bedworth,23021.8
E02006486,Nuneaton and Bedworth 012,E07000219,Nuneaton and Bedworth,9874.6
E02006487,Nuneaton and Bedworth 013,E07000219,Nuneaton and Bedworth,4322.4
E02006488,Nuneaton and Bedworth 014,E07000219,Nuneaton and Bedworth,14530.75
E02006489,Nuneaton and Bedworth 015,E07000219,Nuneaton and Bedworth,7759.0
E02006490,Nuneaton and Bedworth 016,E07000219,Nuneaton and Bedworth,9201.25
E02006493,Rugby 002,E07000220,Rugby,19061.0
E02006494,Rugby 003,E07000220,Rugby,6574.0
E02006495,Rugby 004,E07000220,Rugby,20778.6
E02006496,Rugby 005,E07000220,Rugby,16298.75
E02006497,Rugby 006,E07000220,Rugby,13937.0
E02006498,Rugby 007,E07000220,Rugby,19541.375
E02006499,Rugby 008,E07000220,Rugby,24488.5
E02006500,Rugby 009,E07000220,Rugby,15106.5
E02006501,Rugby 010,E07000220,Rugby,20356.0
E02006502,Rugby 011,E07000220,Rugby,19638.0
E02006503,Rugby 012,E07000220,Rugby,25942.5
E02006504,Stratford-on-Avon 001,E07000221,Stratford-on-Avon,31187.0
E02006505,Stratford-on-Avon 002,E07000221,Stratford-on-Avon,26131.5
E02006506,Stratford-on-Avon 003,E07000221,Stratford-on-Avon,20072.25
E02006507,Stratford-on-Avon 004,E07000221,Stratford-on-Avon,24723.0
E02006508,Stratford-on-Avon 005,E07000221,Stratford-on-Avon,28069.285714285714
E02006509,Stratford-on-Avon 006,E07000221,Stratford-on-Avon,20309.75
E02006510,Stratford-on-Avon 007,E07000221,Stratford-on-Avon,29160.666666666668
E02006511,Stratford-on-Avon 008,E07000221,Stratford-on-Avon,24343.0
E02006512,Stratford-on-Avon 009,E07000221,Stratford-on-Avon,20624.14285714286
E02006513,Stratford-on-Avon 010,E07000221,Stratford-on-Avon,27063.0
E02006514,Stratford-on-Avon 011,E07000221,Stratford-on-Avon,23955.8
E02006515,Stratford-on-Avon 012,E07000221,Stratford-on-Avon,25549.8
E02006516,Stratford-on-Avon 013,E07000221,Stratford-on-Avon,26673.6
E02006517,Stratford-on-Avon 014,E07000221,Stratford-on-Avon,23667.833333333332
E02006518,Stratford-on-Avon 015,E07000221,Stratford-on-Avon,27089.0
E02006519,Warwick 001,E07000222,Warwick,26756.6
E02006520,Warwick 002,E07000222,Warwick,27742.4
E02006521,Warwick 003,E07000222,Warwick,26733.4
E02006522,Warwick 004,E07000222,Warwick,31279.5
E02006523,Warwick 005,E07000222,Warwick,25411.85714285714
E02006524,Warwick 006,E07000222,Warwick,14744.75
E02006525,Warwick 007,E07000222,Warwick,24657.375
E02006526,Warwick 008,E07000222,Warwick,17085.166666666668
E02006527,Warwick 009,E07000222,Warwick,24126.5
E02006528,Warwick 010,E07000222,Warwick,15410.857142857143
E02006529,Warwick 011,E07000222,Warwick,19424.571428571428
E02006530,Warwick 012,E07000222,Warwick,23002.25
E02006531,Warwick 013,E07000222,Warwick,13081.0
E02006532,Warwick 014,E07000222,Warwick,28456.6
E02006533,Warwick 015,E07000222,Warwick,21907.4
E02006534,Adur 001,E07000223,Adur,22868.833333333332
E02006535,Adur 002,E07000223,Adur,28180.4
E02006536,Adur 003,E07000223,Adur,24950.0
E02006537,Adur 004,E07000223,Adur,15628.285714285714
E02006538,Adur 005,E07000223,Adur,26571.6
E02006539,Adur 006,E07000223,Adur,16814.0
E02006540,Adur 007,E07000223,Adur,16298.0
E02006541,Adur 008,E07000223,Adur,18193.8
E02006542,Arun 001,E07000224,Arun,22155.0
E02006543,Arun 002,E07000224,Arun,20440.25
E02006544,Arun 003,E07000224,Arun,18343.666666666668
E02006545,Arun 004,E07000224,Arun,10684.285714285714
E02006546,Arun 005,E07000224,Arun,19393.166666666668
E02006547,Arun 006,E07000224,Arun,14722.0
E02006548,Arun 007,E07000224,Arun,18140.5
E02006549,Arun 008,E07000224,Arun,23576.25
E02006550,Arun 009,E07000224,Arun,15783.166666666666
E02006551,Arun 010,E07000224,Arun,20540.4
E02006552,Arun 011,E07000224,Arun,7034.5
E02006553,Arun 012,E07000224,Arun,15559.166666666666
E02006554,Arun 013,E07000224,Arun,16481.5
E02006555,Arun 014,E07000224,Arun,9129.2
E02006556,Arun 015,E07000224,Arun,18079.666666666668
E02006557,Arun 016,E07000224,Arun,8762.0
E02006558,Arun 017,E07000224,Arun,6056.5
E02006559,Arun 018,E07000224,Arun,22681.4
E02006560,Arun 019,E07000224,Arun,16720.833333333332
E02006561,Chichester 001,E07000225,Chichester,24095.75
E02006562,Chichester 002,E07000225,Chichester,27937.25
E02006563,Chichester 003,E07000225,Chichester,25876.0
E02006564,Chichester 004,E07000225,Chichester,24892.6
E02006565,Chichester 005,E07000225,Chichester,24312.833333333332
E02006566,Chichester 006,E07000225,Chichester,23461.6
E02006567,Chichester 007,E07000225,Chichester,22895.6
E02006568,Chichester 008,E07000225,Chichester,14691.57142857143
E02006569,Chichester 009,E07000225,Chichester,26245.4
E02006570,Chichester 010,E07000225,Chichester,16065.0
E02006571,Chichester 011,E07000225,Chichester,24340.75
E02006572,Chichester 012,E07000225,Chichester,18508.571428571428
E02006573,Chichester 013,E07000225,Chichester,22330.14285714286
E02006574,Chichester 014,E07000225,Chichester,13738.142857142857
E02006575,Crawley 001,E07000226,Crawley,15523.6
E02006576,Crawley 002,E07000226,Crawley,26843.5
E02006577,Crawley 003,E07000226,Crawley,15208.6
E02006578,Crawley 004,E07000226,Crawley,18023.666666666668
E02006579,Crawley 005,E07000226,Crawley,20764.4
E02006580,Crawley 006,E07000226,Crawley,19784.2
E02006581,Crawley 007,E07000226,Crawley,14018.2
E02006582,Crawley 008,E07000226,Crawley,31899.5
E02006583,Crawley 009,E07000226,Crawley,22068.5
E02006584,Crawley 010,E07000226,Crawley,11520.8
E02006585,Crawley 011,E07000226,Crawley,16623.0
E02006586,Crawley 012,E07000226,Crawley,14807.2
E02006587,Crawley 013,E07000226,Crawley,13069.4
E02006588,Horsham 001,E07000227,Horsham,25950.428571428572
E02006589,Horsham 002,E07000227,Horsham,29281.0
E02006590,Horsham 003,E07000227,Horsham,27860.2
E02006591,Horsham 004,E07000227,Horsham,26706.8
E02006592,Horsham 005,E07000227,Horsham,29192.75
E02006593,Horsham 006,E07000227,Horsham,18811.571428571428
E02006594,Horsham 007,E07000227,Horsham,27758.428571428572
E02006595,Horsham 008,E07000227,Horsham,32032.0
E02006596,Horsham 009,E07000227,Horsham,29498.833333333332
E02006597,Horsham 010,E07000227,Horsham,28504.5
E02006598,Horsham 011,E07000227,Horsham,29584.75
E02006599,Horsham 012,E07000227,Horsham,33272.0
E02006600,Horsham 013,E07000227,Horsham,25081.0
E02006601,Horsham 014,E07000227,Horsham,28126.4
E02006602,Horsham 015,E07000227,Horsham,31481.8
E02006603,Horsham 016,E07000227,Horsham,30552.4
E02006604,Mid Sussex 001,E07000228,Mid Sussex,24133.625
E02006605,Mid Sussex 002,E07000228,Mid Sussex,30366.5
E02006606,Mid Sussex 003,E07000228,Mid Sussex,31316.0
E02006607,Mid Sussex 004,E07000228,Mid Sussex,30970.4
E02006608,Mid Sussex 005,E07000228,Mid Sussex,30644.0
E02006609,Mid Sussex 006,E07000228,Mid Sussex,31830.0
E02006610,Mid Sussex 007,E07000228,Mid Sussex,27365.4
E02006611,Mid Sussex 008,E07000228,Mid Sussex,31607.833333333332
E02006612,Mid Sussex 009,E07000228,Mid Sussex,25973.285714285714
E02006613,Mid Sussex 010,E07000228,Mid Sussex,24491.2
E02006614,Mid Sussex 011,E07000228,Mid Sussex,27657.625
E02006615,Mid Sussex 012,E07000228,Mid Sussex,28917.5
E02006616,Mid Sussex 013,E07000228,Mid Sussex,25158.166666666668
E02006617,Mid Sussex 014,E07000228,Mid Sussex,18810.666666666668
E02006618,Mid Sussex 015,E07000228,Mid Sussex,32720.0
E02006619,Mid Sussex 016,E07000228,Mid Sussex,29789.2
E02006620,Mid Sussex 017,E07000228,Mid Sussex,31051.5
E02006621,Worthing 001,E07000229,Worthing,24397.6
E02006622,Worthing 002,E07000229,Worthing,17367.4
E02006623,Worthing 003,E07000229,Worthing,13530.4
E02006624,Worthing 004,E07000229,Worthing,26231.6
E02006625,Worthing 005,E07000229,Worthing,19421.6
E02006626,Worthing 006,E07000229,Worthing,10791.666666666666
E02006627,Worthing 007,E07000229,Worthing,19679.5
E02006628,Worthing 008,E07000229,Worthing,15892.4
E02006629,Worthing 009,E07000229,Worthing,12552.8
E02006630,Worthing 010,E07000229,Worthing,10022.2
E02006631,Worthing 011,E07000229,Worthing,10111.5
E02006632,Worthing 012,E07000229,Worthing,22816.0
E02006633,Worthing 013,E07000229,Worthing,22433.8
E02006634,Wiltshire 012,E06000054,Wiltshire,30593.8
E02006635,Wiltshire 019,E06000054,Wiltshire,24985.2
E02006636,Wiltshire 024,E06000054,Wiltshire,25407.25
E02006637,Wiltshire 025,E06000054,Wiltshire,21585.14285714286
E02006638,Wiltshire 026,E06000054,Wiltshire,15302.0
E02006639,Wiltshire 028,E06000054,Wiltshire,25534.0
E02006640,Wiltshire 029,E06000054,Wiltshire,29653.25
E02006641,Wiltshire 034,E06000054,Wiltshire,26016.8
E02006642,Wiltshire 038,E06000054,Wiltshire,28716.333333333332
E02006644,Wiltshire 001,E06000054,Wiltshire,26727.25
E02006645,Wiltshire 002,E06000054,Wiltshire,27226.5
E02006646,Wiltshire 003,E06000054,Wiltshire,25667.4
E02006647,Wiltshire 004,E06000054,Wiltshire,30963.25
E02006648,Wiltshire 005,E06000054,Wiltshire,29208.0
E02006649,Wiltshire 006,E06000054,Wiltshire,20088.75
E02006650,Wiltshire 007,E06000054,Wiltshire,24797.571428571428
E02006651,Wiltshire 008,E06000054,Wiltshire,32398.75
E02006652,Wiltshire 009,E06000054,Wiltshire,23944.166666666668
E02006653,Wiltshire 010,E06000054,Wiltshire,21244.0
E02006654,Wiltshire 011,E06000054,Wiltshire,14897.5
E02006655,Wiltshire 013,E06000054,Wiltshire,26272.6
E02006656,Wiltshire 014,E06000054,Wiltshire,24269.2
E02006657,Wiltshire 015,E06000054,Wiltshire,17276.166666666668
E02006658,Wiltshire 016,E06000054,Wiltshire,21130.4
E02006659,Wiltshire 017,E06000054,Wiltshire,28173.0
E02006660,Wiltshire 018,E06000054,Wiltshire,24025.625
E02006661,Wiltshire 045,E06000054,Wiltshire,24654.4
E02006662,Wiltshire 046,E06000054,Wiltshire,23076.0
E02006663,Wiltshire 048,E06000054,Wiltshire,15202.25
E02006664,Wiltshire 049,E06000054,Wiltshire,26432.5
E02006665,Wiltshire 050,E06000054,Wiltshire,24504.25
E02006666,Wiltshire 051,E06000054,Wiltshire,18930.0
E02006667,Wiltshire 052,E06000054,Wiltshire,12352.25
E02006668,Wiltshire 053,E06000054,Wiltshire,21619.5
E02006669,Wiltshire 054,E06000054,Wiltshire,22882.833333333332
E02006670,Wiltshire 055,E06000054,Wiltshire,19254.0
E02006671,Wiltshire 056,E06000054,Wiltshire,15293.5
E02006672,Wiltshire 057,E06000054,Wiltshire,18934.5
E02006673,Wiltshire 058,E06000054,Wiltshire,19457.333333333332
E02006674,Wiltshire 059,E06000054,Wiltshire,19925.0
E02006675,Wiltshire 060,E06000054,Wiltshire,28306.6
E02006676,Wiltshire 061,E06000054,Wiltshire,26715.75
E02006677,Wiltshire 062,E06000054,Wiltshire,26343.0
E02006678,Wiltshire 020,E06000054,Wiltshire,19343.2
E02006679,Wiltshire 021,E06000054,Wiltshire,23796.625
E02006680,Wiltshire 022,E06000054,Wiltshire,18070.2
E02006681,Wiltshire 023,E06000054,Wiltshire,27695.25
E02006682,Wiltshire 027,E06000054,Wiltshire,23816.285714285714
E02006683,Wiltshire 030,E06000054,Wiltshire,22895.75
E02006684,Wiltshire 031,E06000054,Wiltshire,10108.5
E02006685,Wiltshire 032,E06000054,Wiltshire,18894.166666666668
E02006686,Wiltshire 033,E06000054,Wiltshire,20051.666666666668
E02006687,Wiltshire 035,E06000054,Wiltshire,18537.75
E02006688,Wiltshire 036,E06000054,Wiltshire,17155.25
E02006689,Wiltshire 037,E06000054,Wiltshire,25898.75
E02006690,Wiltshire 039,E06000054,Wiltshire,22644.8
E02006692,Wiltshire 042,E06000054,Wiltshire,20675.75
E02006693,Wiltshire 043,E06000054,Wiltshire,21324.75
E02006694,Wiltshire 044,E06000054,Wiltshire,17360.5
E02006695,Wiltshire 047,E06000054,Wiltshire,26153.4
E02006696,Bromsgrove 001,E07000234,Bromsgrove,32381.0
E02006697,Bromsgrove 002,E07000234,Bromsgrove,27155.4
E02006698,Bromsgrove 003,E07000234,Bromsgrove,19972.75
E02006699,Bromsgrove 004,E07000234,Bromsgrove,21918.5
E02006700,Bromsgrove 005,E07000234,Bromsgrove,25061.75
E02006701,Bromsgrove 006,E07000234,Bromsgrove,31630.75
E02006702,Bromsgrove 007,E07000234,Bromsgrove,19211.25
E02006703,Bromsgrove 008,E07000234,Bromsgrove,27272.2
E02006704,Bromsgrove 009,E07000234,Bromsgrove,26801.0
E02006705,Bromsgrove 010,E07000234,Bromsgrove,19453.75
E02006706,Bromsgrove 011,E07000234,Bromsgrove,20015.0
E02006707,Bromsgrove 012,E07000234,Bromsgrove,31256.0
E02006708,Bromsgrove 013,E07000234,Bromsgrove,16244.6
E02006709,Bromsgrove 014,E07000234,Bromsgrove,21174.2
E02006710,Malvern Hills 001,E07000235,Malvern Hills,26142.25
E02006711,Malvern Hills 002,E07000235,Malvern Hills,28716.25
E02006712,Malvern Hills 003,E07000235,Malvern Hills,28164.75
E02006713,Malvern Hills 004,E07000235,Malvern Hills,18081.5
E02006714,Malvern Hills 005,E07000235,Malvern Hills,24446.75
E02006715,Malvern Hills 006,E07000235,Malvern Hills,23825.8
E02006716,Malvern Hills 007,E07000235,Malvern Hills,8138.25
E02006717,Malvern Hills 008,E07000235,Malvern Hills,25217.0
E02006718,Malvern Hills 009,E07000235,Malvern Hills,16573.75
E02006719,Malvern Hills 010,E07000235,Malvern Hills,29174.2
E02006720,Malvern Hills 011,E07000235,Malvern Hills,20766.0
E02006721,Redditch 001,E07000236,Redditch,22741.75
E02006722,Redditch 002,E07000236,Redditch,7065.75
E02006723,Redditch 003,E07000236,Redditch,14596.0
E02006724,Redditch 004,E07000236,Redditch,8217.75
E02006725,Redditch 005,E07000236,Redditch,12635.75
E02006726,Redditch 006,E07000236,Redditch,15625.0
E02006727,Redditch 007,E07000236,Redditch,19772.25
E02006728,Redditch 008,E07000236,Redditch,22969.8
E02006729,Redditch 009,E07000236,Redditch,17332.0
E02006730,Redditch 010,E07000236,Redditch,7261.75
E02006731,Redditch 011,E07000236,Redditch,15610.5
E02006732,Redditch 012,E07000236,Redditch,23294.0
E02006733,Redditch 013,E07000236,Redditch,25873.25
E02006734,Worcester 001,E07000237,Worcester,24365.0
E02006735,Worcester 002,E07000237,Worcester,4333.0
E02006736,Worcester 003,E07000237,Worcester,23579.0
E02006737,Worcester 004,E07000237,Worcester,18563.0
E02006738,Worcester 005,E07000237,Worcester,7760.333333333333
E02006739,Worcester 006,E07000237,Worcester,22170.5
E02006740,Worcester 007,E07000237,Worcester,11808.4
E02006741,Worcester 008,E07000237,Worcester,21251.333333333332
E02006742,Worcester 009,E07000237,Worcester,15953.4
E02006743,Worcester 010,E07000237,Worcester,15256.0
E02006744,Worcester 011,E07000237,Worcester,13153.6
E02006745,Worcester 012,E07000237,Worcester,24778.4
E02006746,Worcester 013,E07000237,Worcester,22527.2
E02006747,Worcester 014,E07000237,Worcester,25631.0
E02006748,Wychavon 001,E07000238,Wychavon,19834.2
E02006749,Wychavon 002,E07000238,Wychavon,10884.5
E02006750,Wychavon 003,E07000238,Wychavon,18246.666666666668
E02006751,Wychavon 004,E07000238,Wychavon,13459.75
E02006752,Wychavon 005,E07000238,Wychavon,26222.8
E02006753,Wychavon 006,E07000238,Wychavon,25923.666666666668
E02006754,Wychavon 007,E07000238,Wychavon,25479.0
E02006755,Wychavon 008,E07000238,Wychavon,29467.25
E02006756,Wychavon 009,E07000238,Wychavon,24336.5
E02006757,Wychavon 010,E07000238,Wychavon,21853.0
E02006758,Wychavon 011,E07000238,Wychavon,21067.25
E02006759,Wychavon 012,E07000238,Wychavon,17459.2
E02006760,Wychavon 013,E07000238,Wychavon,20663.0
E02006761,Wychavon 014,E07000238,Wychavon,14704.25
E02006762,Wychavon 015,E07000238,Wychavon,19839.0
E02006763,Wychavon 016,E07000238,Wychavon,25568.5
E02006764,Wychavon 017,E07000238,Wychavon,17557.0
E02006765,Wychavon 018,E07000238,Wychavon,25657.75
E02006766,Wychavon 019,E07000238,Wychavon,27533.0
E02006767,Wyre Forest 001,E07000239,Wyre Forest,22606.5
E02006768,Wyre Forest 002,E07000239,Wyre Forest,17350.0
E02006769,Wyre Forest 003,E07000239,Wyre Forest,18740.2
E02006770,Wyre Forest 004,E07000239,Wyre Forest,7264.8
E02006771,Wyre Forest 005,E07000239,Wyre Forest,19141.25
E02006772,Wyre Forest 006,E07000239,Wyre Forest,16400.25
E02006773,Wyre Forest 007,E07000239,Wyre Forest,12490.333333333334
E02006774,Wyre Forest 008,E07000239,Wyre Forest,15513.0
E02006775,Wyre Forest 009,E07000239,Wyre Forest,7410.75
E02006776,Wyre Forest 010,E07000239,Wyre Forest,19809.6
E02006777,Wyre Forest 011,E07000239,Wyre Forest,20689.8
E02006778,Wyre Forest 012,E07000239,Wyre Forest,18570.8
E02006779,Wyre Forest 013,E07000239,Wyre Forest,15605.75
E02006780,Wyre Forest 014,E07000239,Wyre Forest,13052.0
E02006781,Isles of Scilly 001,E06000053,Isles of Scilly,33755.0
E02006782,Bromley 040,E09000006,Bromley,23462.2
E02006783,Lewisham 037,E09000023,Lewisham,7999.4
E02006784,Lewisham 038,E09000023,Lewisham,9014.0
E02006785,Bexley 029,E09000004,Bexley,21273.25
E02006786,Greenwich 033,E09000011,Greenwich,12353.0
E02006787,Bromley 041,E09000006,Bromley,26495.2
E02006788,Croydon 045,E09000008,Croydon,15723.4
E02006789,Bromley 042,E09000006,Bromley,26547.75
E02006790,Tandridge 012,E07000215,Tandridge,26073.25
E02006791,Ealing 040,E09000009,Ealing,23901.0
E02006792,Hounslow 029,E09000018,Hounslow,29258.8
E02006793,Enfield 037,E09000010,Enfield,12836.4
E02006794,Haringey 037,E09000014,Haringey,9334.25
E02006795,Harrow 032,E09000015,Harrow,29148.0
E02006796,Hillingdon 033,E09000017,Hillingdon,23123.4
E02006798,Lewisham 039,E09000023,Lewisham,9783.0
E02006799,Barking and Dagenham 023,E09000002,Barking and Dagenham,10785.333333333334
E02006800,Redbridge 034,E09000026,Redbridge,21070.428571428572
E02006801,Lambeth 036,E09000022,Lambeth,13943.0
E02006802,Southwark 034,E09000028,Southwark,9512.0
E02006803,Sheffield 072,E08000019,Sheffield,20112.8
E02006804,North East Derbyshire 014,E07000038,North East Derbyshire,8818.0
E02006805,Coventry 043,E08000026,Coventry,5298.4
E02006806,Nuneaton and Bedworth 018,E07000219,Nuneaton and Bedworth,8940.6
E02006807,Birmingham 132,E08000025,Birmingham,17477.8
E02006808,Solihull 030,E08000029,Solihull,21196.5
E02006809,Birmingham 133,E08000025,Birmingham,14979.333333333334
E02006810,Sandwell 039,E08000028,Sandwell,13439.833333333334
E02006811,Middlesbrough 020,E06000002,Middlesbrough,20220.714285714286
E02006812,Redcar and Cleveland 021,E06000003,Redcar and Cleveland,8094.0
E02006813,Kingston upon Hull 033,E06000010,"Kingston upon Hull, City of",7684.4
E02006814,East Riding of Yorkshire 043,E06000011,East Riding of Yorkshire,20331.833333333332
E02006815,Leicester 037,E06000016,Leicester,10102.42857142857
E02006816,Harborough 011,E07000131,Harborough,30051.0
E02006817,Leicester 038,E06000016,Leicester,16925.8
E02006818,Oadby and Wigston 008,E07000135,Oadby and Wigston,24177.4
E02006819,Leicester 039,E06000016,Leicester,3178.0
E02006820,Blaby 013,E07000129,Blaby,23808.0
E02006821,Portsmouth 026,E06000044,Portsmouth,25203.5
E02006822,Havant 018,E07000090,Havant,16610.333333333332
E02006823,Buckinghamshire 039,E06000060,Buckinghamshire,31610.0
E02006824,Buckinghamshire 036,E06000060,Buckinghamshire,31633.333333333332
E02006825,East Cambridgeshire 011,E07000009,East Cambridgeshire,29653.25
E02006826,West Suffolk 015,E07000245,West Suffolk,21792.166666666668
E02006827,Amber Valley 017,E07000032,Amber Valley,6289.6
E02006828,Erewash 016,E07000036,Erewash,17025.4
E02006829,East Hampshire 016,E07000085,East Hampshire,28995.2
E02006830,Havant 019,E07000090,Havant,12775.75
E02006831,Havant 020,E07000090,Havant,24880.0
E02006832,Sevenoaks 016,E07000111,Sevenoaks,23891.25
E02006833,Tonbridge and Malling 014,E07000115,Tonbridge and Malling,23426.571428571428
E02006834,Nottingham 038,E06000018,Nottingham,2770.6
E02006835,Gedling 016,E07000173,Gedling,17256.75
E02006836,Sutton 025,E09000029,Sutton,30653.8
E02006837,Epsom and Ewell 010,E07000208,Epsom and Ewell,30800.833333333332
E02006838,East Hampshire 017,E07000085,East Hampshire,31144.4
E02006839,Waverley 018,E07000216,Waverley,28438.166666666668
E02006840,Torbay 019,E06000027,Torbay,12359.42857142857
E02006841,Gateshead 027,E08000037,Gateshead,1973.0
E02006842,Gateshead 028,E08000037,Gateshead,6594.333333333333
E02006843,Sheffield 073,E08000019,Sheffield,7864.4
E02006844,Sheffield 074,E08000019,Sheffield,4919.0
E02006845,North Somerset 026,E06000024,North Somerset,19422.166666666668
E02006846,North Somerset 027,E06000024,North Somerset,19521.0
E02006847,Swindon 026,E06000030,Swindon,22170.166666666668
E02006848,Swindon 027,E06000030,Swindon,22938.6
E02006849,Swindon 028,E06000030,Swindon,28186.333333333332
E02006850,Leicester 040,E06000016,Leicester,3306.5
E02006851,Leicester 041,E06000016,Leicester,6900.4
E02006852,Leeds 109,E08000035,Leeds,26669.285714285714
E02006853,Tower Hamlets 032,E09000030,Tower Hamlets,12772.5
E02006854,Tower Hamlets 033,E09000030,Tower Hamlets,16554.25
E02006855,Canterbury 019,E07000106,Canterbury,13469.5
E02006856,Canterbury 020,E07000106,Canterbury,19207.85714285714
E02006857,Eastbourne 013,E07000061,Eastbourne,14627.2
E02006858,Eastbourne 014,E07000061,Eastbourne,16520.5
E02006859,Thurrock 019,E06000034,Thurrock,26661.5
E02006861,Leeds 110,E08000035,Leeds,10428.0
E02006862,North Northamptonshire 009,E06000061,North Northamptonshire,15045.75
E02006863,North Northamptonshire 008,E06000061,North Northamptonshire,21009.666666666668
E02006864,Boston 008,E07000136,Boston,19447.0
E02006865,Boston 009,E07000136,Boston,18398.2
E02006866,North Kesteven 013,E07000139,North Kesteven,22146.0
E02006867,North Kesteven 014,E07000139,North Kesteven,20590.666666666668
E02006868,Sheffield 075,E08000019,Sheffield,4586.0
E02006869,Sheffield 076,E08000019,Sheffield,10272.857142857143
E02006871,Lancaster 020,E07000121,Lancaster,11971.888888888889
E02006872,High Peak 013,E07000037,High Peak,18869.777777777777
E02006873,South Cambridgeshire 020,E07000012,South Cambridgeshire,26240.333333333332
E02006874,South Cambridgeshire 021,E07000012,South Cambridgeshire,28080.2
E02006875,Leeds 111,E08000035,Leeds,9858.8
E02006876,Leeds 112,E08000035,Leeds,9019.5
E02006877,Peterborough 022,E06000031,Peterborough,17189.2
E02006878,Peterborough 023,E06000031,Peterborough,17073.75
E02006879,Folkestone and Hythe 014,E07000112,Folkestone and Hythe,4130.0
E02006880,Folkestone and Hythe 015,E07000112,Folkestone and Hythe,8654.75
E02006881,Burnley 014,E07000117,Burnley,5744.714285714285
E02006882,Harrow 033,E09000015,Harrow,28052.444444444445
E02006883,"Bournemouth, Christchurch and Poole 040",E06000058,"Bournemouth, Christchurch and Poole",13868.75
E02006884,Rossendale 010,E07000125,Rossendale,5803.555555555556
E02006885,"Bournemouth, Christchurch and Poole 045",E06000058,"Bournemouth, Christchurch and Poole",16063.25
E02006886,Vale of White Horse 016,E07000180,Vale of White Horse,29864.85714285714
E02006887,Bristol 054,E06000023,"Bristol, City of",4292.833333333333
E02006888,Bristol 055,E06000023,"Bristol, City of",7476.0
E02006889,Bristol 056,E06000023,"Bristol, City of",3681.5
E02006890,Bristol 057,E06000023,"Bristol, City of",10830.5
E02006891,East Riding of Yorkshire 044,E06000011,East Riding of Yorkshire,23130.2
E02006892,East Riding of Yorkshire 045,E06000011,East Riding of Yorkshire,14241.0
E02006893,Newcastle upon Tyne 031,E08000021,Newcastle upon Tyne,15361.285714285714
E02006894,Wolverhampton 035,E08000031,Wolverhampton,7156.111111111111
E02006895,Birmingham 134,E08000025,Birmingham,5128.0
E02006896,Birmingham 135,E08000025,Birmingham,7706.0
E02006897,Birmingham 136,E08000025,Birmingham,8432.0
E02006898,Birmingham 137,E08000025,Birmingham,9629.666666666666
E02006899,Birmingham 138,E08000025,Birmingham,9511.5
E02006900,Birmingham 139,E08000025,Birmingham,5244.875
E02006902,Manchester 054,E08000003,Manchester,6064.4
E02006903,Bassetlaw 016,E07000171,Bassetlaw,11422.285714285714
E02006904,Nottingham 039,E06000018,Nottingham,6389.0
E02006905,Nottingham 040,E06000018,Nottingham,5496.25
E02006906,Broxtowe 016,E07000172,Broxtowe,22027.0
E02006907,Norwich 014,E07000148,Norwich,12149.0
E02006908,Norwich 015,E07000148,Norwich,14336.333333333334
E02006909,Hartlepool 014,E06000001,Hartlepool,15923.0
E02006910,Redcar and Cleveland 022,E06000003,Redcar and Cleveland,7583.571428571428
E02006912,Manchester 055,E08000003,Manchester,6819.0
E02006913,Manchester 056,E08000003,Manchester,3954.75
E02006914,Manchester 057,E08000003,Manchester,7026.666666666667
E02006915,Manchester 058,E08000003,Manchester,3210.5
E02006916,Manchester 059,E08000003,Manchester,5727.0
E02006917,Manchester 060,E08000003,Manchester,7893.8
E02006918,Hackney 028,E09000012,Hackney,7003.6
E02006919,South Derbyshire 012,E07000039,South Derbyshire,14988.833333333334
E02006920,South Derbyshire 013,E07000039,South Derbyshire,12659.2
E02006921,Hackney 029,E09000012,Hackney,8096.25
E02006922,Colchester 022,E07000071,Colchester,13022.333333333334
E02006924,Redbridge 035,E09000026,Redbridge,19996.0
E02006925,Redbridge 036,E09000026,Redbridge,28814.375
E02006926,Thurrock 020,E06000034,Thurrock,25258.4
E02006927,Greenwich 034,E09000011,Greenwich,19422.75
E02006928,Greenwich 035,E09000011,Greenwich,17596.428571428572
E02006930,Greenwich 037,E09000011,Greenwich,19451.333333333332
E02006931,Greenwich 038,E09000011,Greenwich,19287.0
E02006932,Liverpool 060,E08000012,Liverpool,5308.5
E02006933,Liverpool 061,E08000012,Liverpool,7365.6
E02006934,Liverpool 062,E08000012,Liverpool,4421.75
E02006935,St. Helens 024,E08000013,St. Helens,1908.6
E02006936,St. Helens 025,E08000013,St. Helens,9725.25
E02006937,Luton 022,E06000032,Luton,11343.2
E02006938,Luton 023,E06000032,Luton,4877.25
E02006939,Reading 019,E06000038,Reading,15557.25
E02006940,Reading 020,E06000038,Reading,13772.8
E02006941,Southwark 035,E09000028,Southwark,23345.6
E02006942,Southwark 036,E09000028,Southwark,14720.5
E02006943,Sandwell 040,E08000028,Sandwell,6261.5
E02006944,Sandwell 041,E08000028,Sandwell,11035.25
E02006945,Bradford 062,E08000032,Bradford,18207.2
E02006946,Bradford 063,E08000032,Bradford,15246.333333333334
E02006947,Bradford 064,E08000032,Bradford,2456.0
E02006948,Bradford 065,E08000032,Bradford,2475.6666666666665
E02006949,Bristol 058,E06000023,"Bristol, City of",12602.666666666666
E02006950,Bristol 059,E06000023,"Bristol, City of",7964.75
E02006951,Bristol 060,E06000023,"Bristol, City of",16617.2
E02006952,Bristol 061,E06000023,"Bristol, City of",12473.6
E02006953,Barnet 042,E09000003,Barnet,27004.166666666668
E02006954,Barnet 043,E09000003,Barnet,26564.333333333332
E02006955,Brent 035,E09000005,Brent,21158.0
E02006956,Brent 036,E09000005,Brent,23636.5
E02006957,Salford 031,E08000006,Salford,2983.6666666666665
E02006958,Salford 032,E08000006,Salford,1919.25
E02006959,Salford 033,E08000006,Salford,8451.833333333334
E02006960,Salford 034,E08000006,Salford,7125.0
E02006961,Salford 035,E08000006,Salford,4018.3333333333335
E02006962,Salford 036,E08000006,Salford,7802.333333333333
E02006963,Salford 037,E08000006,Salford,18043.4
E02006964,Leicester 042,E06000016,Leicester,18563.333333333332
E02006965,Leicester 043,E06000016,Leicester,17327.5
E02006966,Oadby and Wigston 010,E07000135,Oadby and Wigston,30386.75
E02006967,Oadby and Wigston 011,E07000135,Oadby and Wigston,26767.6
E02006968,Ealing 041,E09000009,Ealing,27124.8
E02006969,Ealing 042,E09000009,Ealing,22623.0
E02006970,Ealing 043,E09000009,Ealing,19056.666666666668
E02006971,Ealing 044,E09000009,Ealing,16534.75
E02006972,Hounslow 030,E09000018,Hounslow,20725.75
E02006973,Hounslow 031,E09000018,Hounslow,15552.6
E02006974,Stoke-on-Trent 035,E06000021,Stoke-on-Trent,4042.625
E02006975,Portsmouth 027,E06000044,Portsmouth,3120.25
E02006976,Portsmouth 028,E06000044,Portsmouth,2084.3333333333335
E02006978,Chelmsford 022,E07000070,Chelmsford,14641.75
E02006979,Chelmsford 023,E07000070,Chelmsford,15153.25
E02006980,Rochford 011,E07000075,Rochford,30784.75
E02006981,Rochford 012,E07000075,Rochford,27809.4
E02006982,South Staffordshire 015,E07000196,South Staffordshire,23112.0
E02006983,Manchester 061,E08000003,Manchester,2321.5
E02006984,Manchester 062,E08000003,Manchester,4329.5
E02006985,Manchester 063,E08000003,Manchester,5593.0
E02006986,Manchester 064,E08000003,Manchester,4913.0
E02006987,Croydon 046,E09000008,Croydon,15197.4
E02006988,Croydon 047,E09000008,Croydon,12113.5
E02006989,Plymouth 033,E06000026,Plymouth,4245.666666666667
E02006990,Plymouth 034,E06000026,Plymouth,4405.4
E02006991,Greenwich 039,E09000011,Greenwich,21085.25
E02006992,Greenwich 040,E09000011,Greenwich,18194.4
E02006993,Greenwich 041,E09000011,Greenwich,15994.333333333334
E02006994,Greenwich 042,E09000011,Greenwich,10072.25
E02006995,Newham 038,E09000025,Newham,21809.6
E02006996,Newham 039,E09000025,Newham,12956.6
E02006997,Newham 040,E09000025,Newham,12798.75
E02006998,Newham 041,E09000025,Newham,15526.25
E02006999,Newham 042,E09000025,Newham,21964.5
E02007000,Oldham 036,E08000004,Oldham,6190.0
E02007001,Oldham 037,E08000004,Oldham,8804.5
E02007002,Rotherham 034,E08000018,Rotherham,12551.42857142857
E02007003,Pendle 014,E07000122,Pendle,4967.125
E02007004,Thurrock 021,E06000034,Thurrock,15470.666666666666
E02007005,Thurrock 022,E06000034,Thurrock,20282.5
E02007006,Dorset 031,E06000059,Dorset,12337.5
E02007007,Dorset 032,E06000059,Dorset,16501.25
E02007008,Lewisham 040,E09000023,Lewisham,18869.75
E02007009,Lewisham 041,E09000023,Lewisham,8589.4
E02007010,Bedford 021,E06000055,Bedford,15701.5
E02007011,Bedford 022,E06000055,Bedford,17758.0
E02007012,Milton Keynes 033,E06000042,Milton Keynes,24325.25
E02007013,Milton Keynes 034,E06000042,Milton Keynes,21460.6
E02007014,Milton Keynes 035,E06000042,Milton Keynes,19446.0
E02007015,Milton Keynes 036,E06000042,Milton Keynes,18022.0
E02007016,Milton Keynes 037,E06000042,Milton Keynes,19799.2
E02007017,Redbridge 037,E09000026,Redbridge,23168.6
E02007018,Redbridge 038,E09000026,Redbridge,19574.333333333332
E02007019,Redbridge 039,E09000026,Redbridge,15058.333333333334
E02007020,Redbridge 040,E09000026,Redbridge,21697.6
E02007021,Redbridge 041,E07000178,Oxford,23801.0
E02007022,County Durham 067,E06000047,County Durham,14342.142857142857
E02007023,Wiltshire 063,E06000054,Wiltshire,20702.75
E02007024,Wiltshire 064,E06000054,Wiltshire,21772.75
E02007025,Wiltshire 065,E06000054,Wiltshire,19021.8
E02007026,Wiltshire 066,E06000054,Wiltshire,20509.0
E02007027,East Devon 021,E07000040,East Devon,20232.5
E02007028,East Devon 022,E07000040,East Devon,16052.25
E02007029,Derbyshire Dales 011,E07000035,Derbyshire Dales,21833.714285714286
E02007030,Cheshire East 052,E06000049,Cheshire East,20114.6
E02007031,Cheshire East 053,E06000049,Cheshire East,27656.4
E02007032,North Norfolk 015,E07000147,North Norfolk,12077.6
E02007033,North Norfolk 016,E07000147,North Norfolk,13982.75
E02007034,Tewkesbury 010,E07000083,Tewkesbury,25855.6
E02007035,Tewkesbury 011,E07000083,Tewkesbury,23142.0
E02007038,Birmingham 141,E08000025,Birmingham,5998.111111111111
E02007039,Birmingham 142,E08000025,Birmingham,7108.0
E02007040,Birmingham 143,E08000025,Birmingham,7988.75
E02007041,Craven 009,E06000065,North Yorkshire,29878.5
E02007042,Hambleton 012,E06000065,North Yorkshire,16934.2
E02007043,Hambleton 013,E06000065,North Yorkshire,13709.5
E02007044,Ryedale 009,E06000065,North Yorkshire,14623.2
E02007045,Ryedale 010,E06000065,North Yorkshire,24074.5
E02007046,Ashford 015,E07000105,Ashford,14400.8
E02007047,Ashford 016,E07000105,Ashford,21344.75
E02007048,Rugby 013,E07000220,Rugby,23086.0
E02007049,Rugby 014,E07000220,Rugby,22899.4
E02007050,Telford and Wrekin 024,E06000020,Telford and Wrekin,13845.2
E02007051,Telford and Wrekin 025,E06000020,Telford and Wrekin,14691.4
E02007052,Norwich 016,E07000148,Norwich,2951.5
E02007053,Norwich 017,E07000148,Norwich,8381.666666666666
E02007054,South Norfolk 016,E07000149,South Norfolk,24380.333333333332
E02007055,South Norfolk 017,E07000149,South Norfolk,22447.0
E02007056,Colchester 023,E07000071,Colchester,21562.666666666668
E02007057,Colchester 024,E07000071,Colchester,18310.8
E02007058,Darlington 016,E06000005,Darlington,5342.75
E02007059,Hartlepool 015,E06000001,Hartlepool,6151.428571428572
E02007060,Stockton-on-Tees 025,E06000004,Stockton-on-Tees,1070.75
E02007061,Stockton-on-Tees 026,E06000004,Stockton-on-Tees,3499.75
E02007062,Stockton-on-Tees 027,E06000004,Stockton-on-Tees,16224.5
E02007063,Stockton-on-Tees 028,E06000004,Stockton-on-Tees,20891.4
E02007064,South Gloucestershire 033,E06000025,South Gloucestershire,19719.4
E02007065,South Gloucestershire 034,E06000025,South Gloucestershire,18580.2
E02007066,South Gloucestershire 035,E06000025,South Gloucestershire,24662.4
E02007067,South Gloucestershire 036,E06000025,South Gloucestershire,26778.5
E02007068,Slough 015,E06000039,Slough,24052.75
E02007069,Slough 016,E06000039,Slough,24746.5
E02007070,North Northamptonshire 020,E06000061,North Northamptonshire,21962.5
E02007071,North Northamptonshire 023,E06000061,North Northamptonshire,18752.4
E02007072,West Northamptonshire 035,E06000062,West Northamptonshire,13189.0
E02007073,West Northamptonshire 039,E06000062,West Northamptonshire,24392.0
E02007074,Southampton 033,E06000045,Southampton,5875.0
E02007075,Southampton 034,E06000045,Southampton,19873.25
E02007076,Test Valley 016,E07000093,Test Valley,20481.0
E02007077,Test Valley 017,E07000093,Test Valley,16612.8
E02007078,Test Valley 018,E07000093,Test Valley,14267.666666666666
E02007079,Kingston upon Hull 034,E06000010,"Kingston upon Hull, City of",7905.4
E02007080,Kingston upon Hull 035,E06000010,"Kingston upon Hull, City of",18172.2
E02007081,North East Lincolnshire 024,E06000012,North East Lincolnshire,14822.375
E02007082,Nottingham 041,E06000018,Nottingham,19093.0
E02007083,Wandsworth 038,E09000032,Wandsworth,27051.8
E02007084,Wandsworth 039,E09000032,Wandsworth,16171.0
E02007085,South Cambridgeshire 022,E07000012,South Cambridgeshire,31203.14285714286
E02007086,Cambridge 015,E07000008,Cambridge,27137.714285714286
E02007087,Cambridge 014,E07000008,Cambridge,23481.5
E02007088,North Hertfordshire 016,E07000099,North Hertfordshire,31374.6
E02007089,North Hertfordshire 017,E07000099,North Hertfordshire,25399.0
E02007090,St Albans 021,E07000240,St Albans,23320.75
E02007091,Stevenage 013,E07000243,Stevenage,24333.25
E02007092,Welwyn Hatfield 017,E07000241,Welwyn Hatfield,21258.666666666668
E02007093,East Hertfordshire 019,E07000242,East Hertfordshire,26753.8
E02007094,Gateshead 029,E08000037,Gateshead,6914.0
E02007095,Newcastle upon Tyne 032,E08000021,Newcastle upon Tyne,16714.0
E02007096,Newcastle upon Tyne 033,E08000021,Newcastle upon Tyne,20778.25
E02007097,Newcastle upon Tyne 034,E08000021,Newcastle upon Tyne,8061.75
E02007098,Newcastle upon Tyne 035,E08000021,Newcastle upon Tyne,1802.25
E02007099,Newcastle upon Tyne 036,E08000021,Newcastle upon Tyne,6537.75
E02007100,Newcastle upon Tyne 037,E08000021,Newcastle upon Tyne,5892.666666666667
E02007101,Newcastle upon Tyne 038,E08000021,Newcastle upon Tyne,5006.0
E02007102,Newcastle upon Tyne 039,E08000021,Newcastle upon Tyne,5333.25
E02007103,Newcastle upon Tyne 040,E08000021,Newcastle upon Tyne,574.5
E02007104,Newcastle upon Tyne 041,E08000021,Newcastle upon Tyne,951.0
E02007105,Northumberland 041,E06000057,Northumberland,9662.125
E02007106,Northumberland 042,E06000057,Northumberland,15879.8
E02007107,Northumberland 043,E06000057,Northumberland,22622.333333333332
E02007108,Hackney 030,E09000012,Hackney,9906.333333333334
E02007109,Hackney 031,E09000012,Hackney,13297.5
E02007110,Hackney 032,E09000012,Hackney,11452.0
E02007111,Hackney 033,E09000012,Hackney,12191.666666666666
E02007112,Tower Hamlets 034,E09000030,Tower Hamlets,18676.0
E02007113,Tower Hamlets 035,E09000030,Tower Hamlets,13169.5
E02007114,Tower Hamlets 036,E09000030,Tower Hamlets,13978.0
E02007115,Camden 029,E09000007,Camden,10709.375
E02007116,Oxford 019,E07000178,Oxford,20205.0
S02002515,Culter,S12000033,Aberdeen City,
S02002516,"Cults, Bieldside and Milltimber West",S12000033,Aberdeen City,
S02002517,"Cults, Bieldside and Milltimber East",S12000033,Aberdeen City,
S02002518,"Cults, Bieldside and Milltimber Central",S12000033,Aberdeen City,
S02002519,Garthdee,S12000033,Aberdeen City,
S02002520,"Braeside, Mannofield, Broomhill and Seafield East",S12000033,Aberdeen City,
S02002521,"Braeside, Mannofield, Broomhill and Seafield South",S12000033,Aberdeen City,
S02002522,"Braeside, Mannofield, Broomhill and Seafield North",S12000033,Aberdeen City,
S02002523,Hazlehead,S12000033,Aberdeen City,
S02002524,Summerhill,S12000033,Aberdeen City,
S02002525,Midstocket,S12000033,Aberdeen City,
S02002526,Rosemount,S12000033,Aberdeen City,
S02002527,West End North,S12000033,Aberdeen City,
S02002528,West End South,S12000033,Aberdeen City,
S02002529,City Centre West,S12000033,Aberdeen City,
S02002530,City Centre East,S12000033,Aberdeen City,
S02002531,Ferryhill North,S12000033,Aberdeen City,
S02002532,Ferryhill South,S12000033,Aberdeen City,
S02002533,"Kincorth, Leggart and Nigg North",S12000033,Aberdeen City,
S02002534,"Kincorth, Leggart and Nigg South",S12000033,Aberdeen City,
S02002535,Cove South,S12000033,Aberdeen City,
S02002536,Cove North,S12000033,Aberdeen City,
S02002537,Torry West,S12000033,Aberdeen City,
S02002538,Torry East,S12000033,Aberdeen City,
S02002539,Hanover South,S12000033,Aberdeen City,
S02002540,Hanover North,S12000033,Aberdeen City,
S02002541,George Street,S12000033,Aberdeen City,
S02002542,Ashgrove,S12000033,Aberdeen City,
S02002543,"Froghall, Powis and Sunnybank",S12000033,Aberdeen City,
S02002544,Seaton,S12000033,Aberdeen City,
S02002545,Old Aberdeen,S12000033,Aberdeen City,
S02002546,Tillydrone,S12000033,Aberdeen City,
S02002547,Woodside,S12000033,Aberdeen City,
S02002548,Hilton,S12000033,Aberdeen City,
S02002549,Stockethill,S12000033,Aberdeen City,
S02002550,Mastrick,S12000033,Aberdeen City,
S02002551,Sheddocksley,S12000033,Aberdeen City,
S02002552,Cummings Park,S12000033,Aberdeen City,
S02002553,Northfield,S12000033,Aberdeen City,
S02002554,Heathryfold and Middlefield,S12000033,Aberdeen City,
S02002555,Kingswells,S12000033,Aberdeen City,
S02002556,Kingswells North and Newhills,S12000033,Aberdeen City,
S02002557,Bucksburn South,S12000033,Aberdeen City,
S02002558,Bucksburn North,S12000033,Aberdeen City,
S02002559,Dyce,S12000033,Aberdeen City,
S02002560,Danestone,S12000033,Aberdeen City,
S02002561,Oldmachar West,S12000033,Aberdeen City,
S02002562,Oldmachar East,S12000033,Aberdeen City,
S02002563,Balgownie and Donmouth West,S12000033,Aberdeen City,
S02002564,Balgownie and Donmouth East,S12000033,Aberdeen City,
S02002565,Denmore,S12000033,Aberdeen City,
S02002566,East Cairngorms,S12000034,Aberdeenshire,
S02002567,Aboyne and South Deeside,S12000034,Aberdeenshire,
S02002568,Mearns and Laurencekirk,S12000034,Aberdeenshire,
S02002569,Mearns South and Benholm,S12000034,Aberdeenshire,
S02002570,Mearns North and Inverbervie,S12000034,Aberdeenshire,
S02002571,"Fetteresso, Netherley and Catter",S12000034,Aberdeenshire,
S02002572,Stonehaven South,S12000034,Aberdeenshire,
S02002573,Stonehaven North,S12000034,Aberdeenshire,
S02002574,Newtonhill,S12000034,Aberdeenshire,
S02002575,Portlethen,S12000034,Aberdeenshire,
S02002576,Banchory-Devenick and Findon,S12000034,Aberdeenshire,
S02002577,"Dunecht, Durris and Drumoak",S12000034,Aberdeenshire,
S02002578,Banchory East,S12000034,Aberdeenshire,
S02002579,Banchory West,S12000034,Aberdeenshire,
S02002580,Crathes and Torphins,S12000034,Aberdeenshire,
S02002581,Cromar and Kildrummy,S12000034,Aberdeenshire,
S02002582,Howe of Alford,S12000034,Aberdeenshire,
S02002583,Kemnay,S12000034,Aberdeenshire,
S02002584,Inverurie North,S12000034,Aberdeenshire,
S02002585,Inverurie South,S12000034,Aberdeenshire,
S02002586,Inverurie - Harlaw,S12000034,Aberdeenshire,
S02002587,Durno and Chapel of Garioch,S12000034,Aberdeenshire,
S02002588,Kintore,S12000034,Aberdeenshire,
S02002589,Blackburn,S12000034,Aberdeenshire,
S02002590,Westhill North and South,S12000034,Aberdeenshire,
S02002591,Westhill Central,S12000034,Aberdeenshire,
S02002592,Garlogie and Elrick,S12000034,Aberdeenshire,
S02002593,Newmachar and Fintray,S12000034,Aberdeenshire,
S02002594,Balmedie and Potterton,S12000034,Aberdeenshire,
S02002595,Ellon East,S12000034,Aberdeenshire,
S02002596,Ellon West,S12000034,Aberdeenshire,
S02002597,Ythanside,S12000034,Aberdeenshire,
S02002598,Ythsie,S12000034,Aberdeenshire,
S02002599,Barrahill,S12000034,Aberdeenshire,
S02002600,Fyvie-Rothie,S12000034,Aberdeenshire,
S02002601,"Insch, Oyne and Ythanwells",S12000034,Aberdeenshire,
S02002602,Clashindarroch,S12000034,Aberdeenshire,
S02002603,Huntly,S12000034,Aberdeenshire,
S02002604,Auchterless and Monquhitter,S12000034,Aberdeenshire,
S02002605,Turriff,S12000034,Aberdeenshire,
S02002606,"Portsoy, Fordyce and Cornhill",S12000034,Aberdeenshire,
S02002607,Aberchirder and Whitehills,S12000034,Aberdeenshire,
S02002608,Banff,S12000034,Aberdeenshire,
S02002609,Macduff,S12000034,Aberdeenshire,
S02002610,Gardenstown and King Edward,S12000034,Aberdeenshire,
S02002611,New Pitsligo,S12000034,Aberdeenshire,
S02002612,Deer and Mormond,S12000034,Aberdeenshire,
S02002613,Mintlaw,S12000034,Aberdeenshire,
S02002614,Auchnagatt,S12000034,Aberdeenshire,
S02002615,Cruden,S12000034,Aberdeenshire,
S02002616,Peterhead Links,S12000034,Aberdeenshire,
S02002617,Peterhead Bay,S12000034,Aberdeenshire,
S02002618,Peterhead Harbour,S12000034,Aberdeenshire,
S02002619,Peterhead Ugieside,S12000034,Aberdeenshire,
S02002620,Longside and Rattray South,S12000034,Aberdeenshire,
S02002621,Longside and Rattray North,S12000034,Aberdeenshire,
S02002622,"Rosehearty, Sandhaven and Tyrie",S12000034,Aberdeenshire,
S02002623,Cairnbulg/Inverallochy and Memsie,S12000034,Aberdeenshire,
S02002624,Fraserburgh Smiddyhill,S12000034,Aberdeenshire,
S02002625,Fraserburgh Lochpots,S12000034,Aberdeenshire,
S02002626,Fraserburgh Central-Academy,S12000034,Aberdeenshire,
S02002627,Fraserburgh Harbour and Broadsea,S12000034,Aberdeenshire,
S02002628,South Angus,S12000041,Angus,
S02002629,Monikie and Wellbank,S12000041,Angus,
S02002630,Barry and Panbride,S12000041,Angus,
S02002631,Monifieth West,S12000041,Angus,
S02002632,Monifieth East,S12000041,Angus,
S02002633,Carnoustie West,S12000041,Angus,
S02002634,Carnoustie East,S12000041,Angus,
S02002635,Arbroath Landward,S12000041,Angus,
S02002636,Arbroath Kirkton,S12000041,Angus,
S02002637,Arbroath Keptie,S12000041,Angus,
S02002638,Arbroath Harbour,S12000041,Angus,
S02002639,Arbroath Cliffburn,S12000041,Angus,
S02002640,Arbroath Warddykes,S12000041,Angus,
S02002641,Lunan,S12000041,Angus,
S02002642,Montrose South,S12000041,Angus,
S02002643,Montrose North,S12000041,Angus,
S02002644,Hillside,S12000041,Angus,
S02002645,Friockheim,S12000041,Angus,
S02002646,Brechin East,S12000041,Angus,
S02002647,Brechin West,S12000041,Angus,
S02002648,Letham and Glamis,S12000041,Angus,
S02002649,Forfar East,S12000041,Angus,
S02002650,Forfar Central,S12000041,Angus,
S02002651,Forfar West,S12000041,Angus,
S02002652,Kirriemuir Landward,S12000041,Angus,
S02002653,Kirriemuir,S12000041,Angus,
S02002654,Angus Glens,S12000041,Angus,
S02002655,"Mull, Iona, Coll and Tiree",S12000035,Argyll and Bute,
S02002656,Oban South,S12000035,Argyll and Bute,
S02002657,Oban North,S12000035,Argyll and Bute,
S02002658,Benderloch Trail,S12000035,Argyll and Bute,
S02002659,Glen Lonan,S12000035,Argyll and Bute,
S02002660,Loch Awe,S12000035,Argyll and Bute,
S02002661,Mid Argyll,S12000035,Argyll and Bute,
S02002662,Greater Lochgilphead,S12000035,Argyll and Bute,
S02002663,Knapdale,S12000035,Argyll and Bute,
S02002664,Whisky Isles,S12000035,Argyll and Bute,
S02002665,Kintyre Trail,S12000035,Argyll and Bute,
S02002666,Campbeltown,S12000035,Argyll and Bute,
S02002667,Bute,S12000035,Argyll and Bute,
S02002668,Rothesay Town,S12000035,Argyll and Bute,
S02002669,Cowal South,S12000035,Argyll and Bute,
S02002670,Hunter's Quay,S12000035,Argyll and Bute,
S02002671,Dunoon,S12000035,Argyll and Bute,
S02002672,Garelochhead,S12000035,Argyll and Bute,
S02002673,Helensburgh West and Rhu,S12000035,Argyll and Bute,
S02002674,Helensburgh North,S12000035,Argyll and Bute,
S02002675,Helensburgh Centre,S12000035,Argyll and Bute,
S02002676,Helensburgh East,S12000035,Argyll and Bute,
S02002677,Lomond Shore,S12000035,Argyll and Bute,
S02002678,Balerno,S12000036,City of Edinburgh,
S02002679,Currie West,S12000036,City of Edinburgh,
S02002680,Currie East,S12000036,City of Edinburgh,
S02002681,Baberton and Juniper Green,S12000036,City of Edinburgh,
S02002682,Bonaly and The Pentlands,S12000036,City of Edinburgh,
S02002683,Colinton and Kingsknowe,S12000036,City of Edinburgh,
S02002684,Clovenstone and Wester Hailes South,S12000036,City of Edinburgh,
S02002685,The Calders,S12000036,City of Edinburgh,
S02002686,Murrayburn and Wester Hailes North,S12000036,City of Edinburgh,
S02002687,Parkhead and Sighthill,S12000036,City of Edinburgh,
S02002688,Broomhouse and Bankhead,S12000036,City of Edinburgh,
S02002689,Stenhouse and Saughton Mains,S12000036,City of Edinburgh,
S02002690,Longstone,S12000036,City of Edinburgh,
S02002691,Slateford and Chesser,S12000036,City of Edinburgh,
S02002692,Gorgie West,S12000036,City of Edinburgh,
S02002693,Gorgie East,S12000036,City of Edinburgh,
S02002694,Shandon,S12000036,City of Edinburgh,
S02002695,Craiglockhart,S12000036,City of Edinburgh,
S02002696,Morningside West and Craighouse,S12000036,City of Edinburgh,
S02002697,Greenbank and The Braids,S12000036,City of Edinburgh,
S02002698,Colinton Mains and Firrhill,S12000036,City of Edinburgh,
S02002699,Oxgangs,S12000036,City of Edinburgh,
S02002700,Comiston and Swanston,S12000036,City of Edinburgh,
S02002701,Fairmilehead,S12000036,City of Edinburgh,
S02002702,Gilmerton South and the Murrays,S12000036,City of Edinburgh,
S02002703,Burdiehouse South and Broomhills,S12000036,City of Edinburgh,
S02002704,Mortonhall and Anwickhill,S12000036,City of Edinburgh,
S02002705,"Gracemount, Southhouse and Burdiehouse",S12000036,City of Edinburgh,
S02002706,Hyvots and Gilmerton,S12000036,City of Edinburgh,
S02002707,Fernieside and Moredun South,S12000036,City of Edinburgh,
S02002708,Moredun and Craigour,S12000036,City of Edinburgh,
S02002709,Liberton East,S12000036,City of Edinburgh,
S02002710,Liberton West,S12000036,City of Edinburgh,
S02002711,The Inch,S12000036,City of Edinburgh,
S02002712,"Blackford, West Mains and Mayfield Road",S12000036,City of Edinburgh,
S02002713,Prestonfield,S12000036,City of Edinburgh,
S02002714,Newington and Dalkeith Road,S12000036,City of Edinburgh,
S02002715,The Grange,S12000036,City of Edinburgh,
S02002716,Marchmont East and Sciennes,S12000036,City of Edinburgh,
S02002717,Marchmont West,S12000036,City of Edinburgh,
S02002718,Morningside East,S12000036,City of Edinburgh,
S02002719,Merchiston and Greenhill,S12000036,City of Edinburgh,
S02002720,Bruntsfield,S12000036,City of Edinburgh,
S02002721,Polwarth,S12000036,City of Edinburgh,
S02002722,Dalry,S12000036,City of Edinburgh,
S02002723,Fountainbridge,S12000036,City of Edinburgh,
S02002724,Tollcross,S12000036,City of Edinburgh,
S02002725,Southside,S12000036,City of Edinburgh,
S02002726,Meadows,S12000036,City of Edinburgh,
S02002727,"Old Town, Princes Street and Leith Street",S12000036,City of Edinburgh,
S02002728,"Canongate, St. Leonards and Dumbiedykes",S12000036,City of Edinburgh,
S02002729,Abbeyhill,S12000036,City of Edinburgh,
S02002730,Meadowbank and Abbeyhill North,S12000036,City of Edinburgh,
S02002731,Willowbrae and Duddingston Village,S12000036,City of Edinburgh,
S02002732,Greendykes,S12000036,City of Edinburgh,
S02002733,Craigmillar,S12000036,City of Edinburgh,
S02002734,Niddrie,S12000036,City of Edinburgh,
S02002735,"Bingham, Magdalene and The Christians",S12000036,City of Edinburgh,
S02002736,"Jewel, Brunstane and Newcraighall",S12000036,City of Edinburgh,
S02002737,Joppa,S12000036,City of Edinburgh,
S02002738,Portobello,S12000036,City of Edinburgh,
S02002739,Duddingston and Durhams,S12000036,City of Edinburgh,
S02002740,Mountcastle,S12000036,City of Edinburgh,
S02002741,Northfield and Piershill,S12000036,City of Edinburgh,
S02002742,Craigentinny,S12000036,City of Edinburgh,
S02002743,Restalrig (Loganlea) and Craigentinny West,S12000036,City of Edinburgh,
S02002744,Restalrig and Lochend,S12000036,City of Edinburgh,
S02002745,Leith (Hermitage and Prospect Bank),S12000036,City of Edinburgh,
S02002746,Western Harbour and Leith Docks,S12000036,City of Edinburgh,
S02002747,North Leith and Newhaven,S12000036,City of Edinburgh,
S02002748,The Shore and Constitution Street,S12000036,City of Edinburgh,
S02002749,Great Junction Street,S12000036,City of Edinburgh,
S02002750,South Leith,S12000036,City of Edinburgh,
S02002751,Easter Road and Hawkhill Avenue,S12000036,City of Edinburgh,
S02002752,Leith (Albert Street),S12000036,City of Edinburgh,
S02002753,Hillside and Calton Hill,S12000036,City of Edinburgh,
S02002754,Pilrig,S12000036,City of Edinburgh,
S02002755,Bonnington,S12000036,City of Edinburgh,
S02002756,Trinity East and The Dudleys,S12000036,City of Edinburgh,
S02002757,Trinity West and Wardie,S12000036,City of Edinburgh,
S02002758,"Inverleith, Goldenacre and Warriston",S12000036,City of Edinburgh,
S02002759,Broughton North and Powderhall,S12000036,City of Edinburgh,
S02002760,Broughton South,S12000036,City of Edinburgh,
S02002761,New Town East and Gayfield,S12000036,City of Edinburgh,
S02002762,New Town West,S12000036,City of Edinburgh,
S02002763,Canonmills and New Town North,S12000036,City of Edinburgh,
S02002764,Stockbridge,S12000036,City of Edinburgh,
S02002765,Comely Bank,S12000036,City of Edinburgh,
S02002766,Wester Coates,S12000036,City of Edinburgh,
S02002767,Dean Village,S12000036,City of Edinburgh,
S02002768,Balgreen and Roseburn,S12000036,City of Edinburgh,
S02002769,Murrayfield and Ravelston,S12000036,City of Edinburgh,
S02002770,"Craigleith, Orchard Brae and Crewe Toll",S12000036,City of Edinburgh,
S02002771,Blackhall,S12000036,City of Edinburgh,
S02002772,Drylaw,S12000036,City of Edinburgh,
S02002773,West Pilton,S12000036,City of Edinburgh,
S02002774,Boswall and Pilton,S12000036,City of Edinburgh,
S02002775,Granton South and Wardieburn,S12000036,City of Edinburgh,
S02002776,Granton and Royston Mains,S12000036,City of Edinburgh,
S02002777,Granton West and Salvesen,S12000036,City of Edinburgh,
S02002778,Muirhouse,S12000036,City of Edinburgh,
S02002779,Silverknowes and Davidson's Mains,S12000036,City of Edinburgh,
S02002780,Cramond,S12000036,City of Edinburgh,
S02002781,"Barnton, Cammo and Cramond South",S12000036,City of Edinburgh,
S02002782,Clermiston and Drumbrae,S12000036,City of Edinburgh,
S02002783,East Craigs North,S12000036,City of Edinburgh,
S02002784,East Craigs South,S12000036,City of Edinburgh,
S02002785,Corstorphine North,S12000036,City of Edinburgh,
S02002786,Corstorphine,S12000036,City of Edinburgh,
S02002787,Carrick Knowe,S12000036,City of Edinburgh,
S02002788,Corstorphine South,S12000036,City of Edinburgh,
S02002789,South Gyle and Edinburgh Park,S12000036,City of Edinburgh,
S02002790,"Ratho, Ingliston and Gogar",S12000036,City of Edinburgh,
S02002791,Kirkliston,S12000036,City of Edinburgh,
S02002792,Dalmeny and Newbridge,S12000036,City of Edinburgh,
S02002793,Queensferry East,S12000036,City of Edinburgh,
S02002794,Queensferry West,S12000036,City of Edinburgh,
S02002795,Tullibody South,S12000005,Clackmannanshire,
S02002796,Tullibody North and Glenochil,S12000005,Clackmannanshire,
S02002797,Menstrie,S12000005,Clackmannanshire,
S02002798,Alva,S12000005,Clackmannanshire,
S02002799,"Fishcross, Devon Village and Coalsnaughton",S12000005,Clackmannanshire,
S02002800,Tillicoultry,S12000005,Clackmannanshire,
S02002801,Dollar and Muckhart,S12000005,Clackmannanshire,
S02002802,"Clackmannan, Kennet and Forestmill",S12000005,Clackmannanshire,
S02002803,Sauchie,S12000005,Clackmannanshire,
S02002804,Alloa South and East,S12000005,Clackmannanshire,
S02002805,Alloa North,S12000005,Clackmannanshire,
S02002806,Alloa West,S12000005,Clackmannanshire,
S02002807,Stranraer West,S12000006,Dumfries and Galloway,
S02002808,Rhins North,S12000006,Dumfries and Galloway,
S02002809,Stranraer East,S12000006,Dumfries and Galloway,
S02002810,Stranraer South,S12000006,Dumfries and Galloway,
S02002811,Rhins South,S12000006,Dumfries and Galloway,
S02002812,Machars North,S12000006,Dumfries and Galloway,
S02002813,Machars South,S12000006,Dumfries and Galloway,
S02002814,Newton Stewart,S12000006,Dumfries and Galloway,
S02002815,Gatehouse,S12000006,Dumfries and Galloway,
S02002816,Kirkcudbright,S12000006,Dumfries and Galloway,
S02002817,Castle Douglas,S12000006,Dumfries and Galloway,
S02002818,Dalbeattie,S12000006,Dumfries and Galloway,
S02002819,Dalbeattie Rural,S12000006,Dumfries and Galloway,
S02002820,Glenkens,S12000006,Dumfries and Galloway,
S02002821,Upper Nithsdale,S12000006,Dumfries and Galloway,
S02002822,Thornhill,S12000006,Dumfries and Galloway,
S02002823,Mid Nithsdale,S12000006,Dumfries and Galloway,
S02002824,Shawhead,S12000006,Dumfries and Galloway,
S02002825,Lochside and Lincluden,S12000006,Dumfries and Galloway,
S02002826,Summerville,S12000006,Dumfries and Galloway,
S02002827,Troqueer,S12000006,Dumfries and Galloway,
S02002828,New Abbey,S12000006,Dumfries and Galloway,
S02002829,Kingholm,S12000006,Dumfries and Galloway,
S02002830,Calside,S12000006,Dumfries and Galloway,
S02002831,Georgetown,S12000006,Dumfries and Galloway,
S02002832,Dumfries Central,S12000006,Dumfries and Galloway,
S02002833,Nunholm,S12000006,Dumfries and Galloway,
S02002834,Locharbriggs,S12000006,Dumfries and Galloway,
S02002835,Heathhall,S12000006,Dumfries and Galloway,
S02002836,Collin,S12000006,Dumfries and Galloway,
S02002837,Lochmaben,S12000006,Dumfries and Galloway,
S02002838,Lockerbie,S12000006,Dumfries and Galloway,
S02002839,Moffat,S12000006,Dumfries and Galloway,
S02002840,Langholm and Eskdale,S12000006,Dumfries and Galloway,
S02002841,Annandale East,S12000006,Dumfries and Galloway,
S02002842,Annandale West,S12000006,Dumfries and Galloway,
S02002843,Annan West,S12000006,Dumfries and Galloway,
S02002844,Annan East,S12000006,Dumfries and Galloway,
S02002845,Eastriggs,S12000006,Dumfries and Galloway,
S02002846,Gretna,S12000006,Dumfries and Galloway,
S02002847,Westend,S12000042,Dundee City,
S02002848,Perth Road,S12000042,Dundee City,
S02002849,Logie and Blackness,S12000042,Dundee City,
S02002850,City Centre,S12000042,Dundee City,
S02002851,Docks and Wellgate,S12000042,Dundee City,
S02002852,Hilltown,S12000042,Dundee City,
S02002853,Clepington,S12000042,Dundee City,
S02002854,Stobswell,S12000042,Dundee City,
S02002855,Baxter Park,S12000042,Dundee City,
S02002856,Craigie and Craigiebank,S12000042,Dundee City,
S02002857,Douglas West,S12000042,Dundee City,
S02002858,West Ferry,S12000042,Dundee City,
S02002859,Douglas East,S12000042,Dundee City,
S02002860,Broughty Ferry West,S12000042,Dundee City,
S02002861,Broughty Ferry East,S12000042,Dundee City,
S02002862,Barnhill,S12000042,Dundee City,
S02002863,Balgillo,S12000042,Dundee City,
S02002864,West Pitkerro and Balmossie,S12000042,Dundee City,
S02002865,Whitfield,S12000042,Dundee City,
S02002866,Fintry,S12000042,Dundee City,
S02002867,Claverhouse and North Ballumbie,S12000042,Dundee City,
S02002868,Linlathen and Midcraigie,S12000042,Dundee City,
S02002869,Caird Park,S12000042,Dundee City,
S02002870,Kirkton,S12000042,Dundee City,
S02002871,Downfield,S12000042,Dundee City,
S02002872,Fairmuir,S12000042,Dundee City,
S02002873,Law,S12000042,Dundee City,
S02002874,Balgay,S12000042,Dundee City,
S02002875,Menzieshill,S12000042,Dundee City,
S02002876,Charleston,S12000042,Dundee City,
S02002877,Lochee,S12000042,Dundee City,
S02002878,Ardler and St Marys,S12000042,Dundee City,
S02002879,Western Edge,S12000042,Dundee City,
S02002880,Doon Valley South,S12000008,East Ayrshire,
S02002881,Doon Valley North,S12000008,East Ayrshire,
S02002882,Mauchline Rural,S12000008,East Ayrshire,
S02002883,Drongan,S12000008,East Ayrshire,
S02002884,Mauchline,S12000008,East Ayrshire,
S02002885,Cumnock Rural,S12000008,East Ayrshire,
S02002886,New Cumnock,S12000008,East Ayrshire,
S02002887,Cumnock South and Craigens,S12000008,East Ayrshire,
S02002888,Cumnock North,S12000008,East Ayrshire,
S02002889,Auchinleck,S12000008,East Ayrshire,
S02002890,Northern and Irvine Valley Rural,S12000008,East Ayrshire,
S02002891,Stewarton East,S12000008,East Ayrshire,
S02002892,Stewarton West,S12000008,East Ayrshire,
S02002893,Darvel,S12000008,East Ayrshire,
S02002894,Newmilns,S12000008,East Ayrshire,
S02002895,Galston,S12000008,East Ayrshire,
S02002896,Earlston and Hurlford Rural,S12000008,East Ayrshire,
S02002897,Shortlees,S12000008,East Ayrshire,
S02002898,Bellfield and Kirkstyle,S12000008,East Ayrshire,
S02002899,Kilmarnock South Central and Caprington,S12000008,East Ayrshire,
S02002900,Piersland,S12000008,East Ayrshire,
S02002901,New Farm Loch South,S12000008,East Ayrshire,
S02002902,Dean and New Farm Loch North,S12000008,East Ayrshire,
S02002903,Southcraig and Beansburn,S12000008,East Ayrshire,
S02002904,Altonhill North and Onthank,S12000008,East Ayrshire,
S02002905,"Altonhill South, Longpark and Hillhead",S12000008,East Ayrshire,
S02002906,Bonnyton and Town Centre,S12000008,East Ayrshire,
S02002907,"Grange, Howard and Gargieston",S12000008,East Ayrshire,
S02002908,"Crosshouse, Gatehead and Kilmaurs Rural",S12000008,East Ayrshire,
S02002909,Kilmaurs,S12000008,East Ayrshire,
S02002910,West Clober and Mains Estate,S12000045,East Dunbartonshire,
S02002911,East Clober and Mains Estate,S12000045,East Dunbartonshire,
S02002912,Barloch,S12000045,East Dunbartonshire,
S02002913,Keystone and Dougalston,S12000045,East Dunbartonshire,
S02002914,Kilmardinny East,S12000045,East Dunbartonshire,
S02002915,Kilmardinny West,S12000045,East Dunbartonshire,
S02002916,North Castlehill and Thorn,S12000045,East Dunbartonshire,
S02002917,South Castlehill and Thorn,S12000045,East Dunbartonshire,
S02002918,Westerton West,S12000045,East Dunbartonshire,
S02002919,Westerton East,S12000045,East Dunbartonshire,
S02002920,Kessington West,S12000045,East Dunbartonshire,
S02002921,Kessington East,S12000045,East Dunbartonshire,
S02002922,Torrance and Balmore,S12000045,East Dunbartonshire,
S02002923,Bishopbriggs North and Kenmure,S12000045,East Dunbartonshire,
S02002924,Bishopbriggs West and Cadder,S12000045,East Dunbartonshire,
S02002925,Auchinairn,S12000045,East Dunbartonshire,
S02002926,Woodhill East,S12000045,East Dunbartonshire,
S02002927,Woodhill West,S12000045,East Dunbartonshire,
S02002928,Lenzie North,S12000045,East Dunbartonshire,
S02002929,Lenzie South,S12000045,East Dunbartonshire,
S02002930,Kirkintilloch South,S12000045,East Dunbartonshire,
S02002931,Kirkintilloch West,S12000045,East Dunbartonshire,
S02002932,Hillhead,S12000045,East Dunbartonshire,
S02002933,Rosebank and Waterside,S12000045,East Dunbartonshire,
S02002934,Twechar and Harestanes East,S12000045,East Dunbartonshire,
S02002935,Harestanes,S12000045,East Dunbartonshire,
S02002936,Milton of Campsie,S12000045,East Dunbartonshire,
S02002937,Lennoxtown,S12000045,East Dunbartonshire,
S02002938,Wallyford,S12000010,East Lothian,
S02002939,Whitecraig,S12000010,East Lothian,
S02002940,Musselburgh South,S12000010,East Lothian,
S02002941,Musselburgh West,S12000010,East Lothian,
S02002942,Musselburgh North,S12000010,East Lothian,
S02002943,Musselburgh East,S12000010,East Lothian,
S02002944,Pinkie Braes,S12000010,East Lothian,
S02002945,Prestonpans West,S12000010,East Lothian,
S02002946,Prestonpans East,S12000010,East Lothian,
S02002947,Cockenzie,S12000010,East Lothian,
S02002948,Tranent East,S12000010,East Lothian,
S02002949,Tranent North Blindwells Levenhall,S12000010,East Lothian,
S02002950,Tranent South,S12000010,East Lothian,
S02002951,Ormiston,S12000010,East Lothian,
S02002952,Aberlady,S12000010,East Lothian,
S02002953,Macmerry Longniddry,S12000010,East Lothian,
S02002954,Haddington Rural,S12000010,East Lothian,
S02002955,Humbie Gifford Garvald,S12000010,East Lothian,
S02002956,Haddington North,S12000010,East Lothian,
S02002957,Haddington South,S12000010,East Lothian,
S02002958,Gullane and Drem,S12000010,East Lothian,
S02002959,North Berwick North,S12000010,East Lothian,
S02002960,North Berwick South,S12000010,East Lothian,
S02002961,East Linton and Rural,S12000010,East Lothian,
S02002962,Dunbar West,S12000010,East Lothian,
S02002963,Dunbar East,S12000010,East Lothian,
S02002964,Neilston East,S12000011,East Renfrewshire,
S02002965,Neilston West and Uplawmoor,S12000011,East Renfrewshire,
S02002966,Cross Stobbs,S12000011,East Renfrewshire,
S02002967,"Dunterlie, East Arthurlie and Dovecothall",S12000011,East Renfrewshire,
S02002968,"West Arthurlie, Gateside and Springhill",S12000011,East Renfrewshire,
S02002969,Auchenback and Barrhead Dams,S12000011,East Renfrewshire,
S02002970,"Crookfur East, Fruin and Greenlaw East",S12000011,East Renfrewshire,
S02002971,Crookfur West and Greenlaw West,S12000011,East Renfrewshire,
S02002972,"Mearns Village, Westacres and Greenfarm",S12000011,East Renfrewshire,
S02002973,Whitecraigs and Broom North,S12000011,East Renfrewshire,
S02002974,Kirkhill South and Broom South,S12000011,East Renfrewshire,
S02002975,Mearnskirk and Maidenhill,S12000011,East Renfrewshire,
S02002976,Eaglesham and Waterfoot,S12000011,East Renfrewshire,
S02002977,Kirkhill North,S12000011,East Renfrewshire,
S02002978,Busby,S12000011,East Renfrewshire,
S02002979,Clarkston and Sheddens,S12000011,East Renfrewshire,
S02002980,Williamwood,S12000011,East Renfrewshire,
S02002981,Stamperland,S12000011,East Renfrewshire,
S02002982,Netherlee,S12000011,East Renfrewshire,
S02002983,Merrylee and Braidbar,S12000011,East Renfrewshire,
S02002984,Lower Whitecraigs and Giffnock South,S12000011,East Renfrewshire,
S02002985,Giffnock North and Thornliebank North,S12000011,East Renfrewshire,
S02002986,Thornliebank South and Woodfarm,S12000011,East Renfrewshire,
S02002987,Dunipace,S12000014,Falkirk,
S02002988,"Fankerton, Stoneywood and Denny Town",S12000014,Falkirk,
S02002989,Denny - Nethermains,S12000014,Falkirk,
S02002990,Head of Muir and Dennyloanhead,S12000014,Falkirk,
S02002991,"Banknock, Haggs and Longcroft",S12000014,Falkirk,
S02002992,Bonnybridge,S12000014,Falkirk,
S02002993,High Bonnybridge and Greenhill,S12000014,Falkirk,
S02002994,Larbert - Inches,S12000014,Falkirk,
S02002995,Larbert - North Broomage,S12000014,Falkirk,
S02002996,Larbert - South Broomage and Village,S12000014,Falkirk,
S02002997,Stenhousemuir West,S12000014,Falkirk,
S02002998,Stenhousemuir East,S12000014,Falkirk,
S02002999,Stenhousemuir - Antonshill,S12000014,Falkirk,
S02003000,Carron,S12000014,Falkirk,
S02003001,Carronshore,S12000014,Falkirk,
S02003002,Carse and Grangemouth Old Town,S12000014,Falkirk,
S02003003,Falkirk - Bainsford and Langlees,S12000014,Falkirk,
S02003004,Falkirk - Merchiston and New Carron Village,S12000014,Falkirk,
S02003005,Falkirk - Grahamston,S12000014,Falkirk,
S02003006,Falkirk - Westfield,S12000014,Falkirk,
S02003007,Falkirk - Middlefield,S12000014,Falkirk,
S02003008,Falkirk - Town Centre and Callendar Park,S12000014,Falkirk,
S02003009,Falkirk - Bantaskin,S12000014,Falkirk,
S02003010,Falkirk - Camelon East,S12000014,Falkirk,
S02003011,Falkirk - Camelon West,S12000014,Falkirk,
S02003012,Falkirk - Tamfourhill,S12000014,Falkirk,
S02003013,Falkirk - Lochgreen and Lionthorn,S12000014,Falkirk,
S02003014,Hallglen and Glen Village,S12000014,Falkirk,
S02003015,Shieldhill,S12000014,Falkirk,
S02003016,Braes Villages,S12000014,Falkirk,
S02003017,Reddingmuirhead and Overton,S12000014,Falkirk,
S02003018,Brightons and Wallacestone,S12000014,Falkirk,
S02003019,Maddiston and Rumford,S12000014,Falkirk,
S02003020,Polmont,S12000014,Falkirk,
S02003021,Redding,S12000014,Falkirk,
S02003022,Laurieston and Westquarter,S12000014,Falkirk,
S02003023,Grangemouth - Newlands,S12000014,Falkirk,
S02003024,Grangemouth - Town Centre,S12000014,Falkirk,
S02003025,Grangemouth - Kersiebank,S12000014,Falkirk,
S02003026,Grangemouth - Bowhouse,S12000014,Falkirk,
S02003027,Bo'ness - Kinneil,S12000014,Falkirk,
S02003028,Bo'ness - Newtown,S12000014,Falkirk,
S02003029,Bo'ness - town centre,S12000014,Falkirk,
S02003030,"Blackness, Bo'ness - Carriden and Grahamsdyke",S12000014,Falkirk,
S02003031,Kincardine,S12000047,Fife,
S02003032,Comrie and Oakley,S12000047,Fife,
S02003033,Blairhall Saline and Carnock,S12000047,Fife,
S02003034,Valleyfield Culross and Torryburn,S12000047,Fife,
S02003035,Cairneyhill and Crombie,S12000047,Fife,
S02003036,Crossford Charlestown and Limekilns,S12000047,Fife,
S02003037,Dunfermline Milesmark and Wellwood,S12000047,Fife,
S02003038,Dunfermline Baldridgeburn,S12000047,Fife,
S02003039,Dunfermline Headwell,S12000047,Fife,
S02003040,Dunfermline Central,S12000047,Fife,
S02003041,Dunfermline Brucefield,S12000047,Fife,
S02003042,Dunfermline Garvock Hill,S12000047,Fife,
S02003043,Townhill and Kingseat,S12000047,Fife,
S02003044,Dunfermline Bellyeoman,S12000047,Fife,
S02003045,Dunfermline Duloch North,S12000047,Fife,
S02003046,Dunfermline Halbeath and Lynebank,S12000047,Fife,
S02003047,Dunfermline Touch and Woodmill,S12000047,Fife,
S02003048,Dunfermline Abbeyview North,S12000047,Fife,
S02003049,Dunfermline Abbeyview South,S12000047,Fife,
S02003050,Dunfermline Duloch South,S12000047,Fife,
S02003051,Dunfermline Masterton,S12000047,Fife,
S02003052,Dunfermline Pitcorthie East,S12000047,Fife,
S02003053,Dunfermline Pitcorthie West,S12000047,Fife,
S02003054,Rosyth North,S12000047,Fife,
S02003055,Rosyth East,S12000047,Fife,
S02003056,Rosyth Central,S12000047,Fife,
S02003057,Rosyth South,S12000047,Fife,
S02003058,North Queensferry and Inverkeithing West,S12000047,Fife,
S02003059,Inverkeithing East,S12000047,Fife,
S02003060,Dalgety Bay West and Hillend,S12000047,Fife,
S02003061,Dalgety Bay Central,S12000047,Fife,
S02003062,Dalgety Bay East,S12000047,Fife,
S02003063,Crossgates and South Knowe,S12000047,Fife,
S02003064,Hill of Beath,S12000047,Fife,
S02003065,Cowdenbeath South,S12000047,Fife,
S02003066,Cowdenbeath North,S12000047,Fife,
S02003067,Kelty West,S12000047,Fife,
S02003068,Kelty East and Landward,S12000047,Fife,
S02003069,Lochore and Crosshill,S12000047,Fife,
S02003070,Ballingry,S12000047,Fife,
S02003071,Cardenden,S12000047,Fife,
S02003072,Lochgelly East,S12000047,Fife,
S02003073,Lochgelly West and Lumphinnans,S12000047,Fife,
S02003074,Aberdour and Auchtertool,S12000047,Fife,
S02003075,Burntisland West,S12000047,Fife,
S02003076,Burntisland East,S12000047,Fife,
S02003077,Kinghorn,S12000047,Fife,
S02003078,Kirkcaldy Linktown and Seafield,S12000047,Fife,
S02003079,Kirkcaldy Central,S12000047,Fife,
S02003080,Kirkcaldy Bennochy East,S12000047,Fife,
S02003081,Kirkcaldy Bennochy West,S12000047,Fife,
S02003082,Kirkcaldy Raith,S12000047,Fife,
S02003083,Kirkcaldy Newliston and Redcraigs,S12000047,Fife,
S02003084,Kirkcaldy Templehall West,S12000047,Fife,
S02003085,Kirkcaldy Templehall East,S12000047,Fife,
S02003086,Kirkcaldy Dunnikier,S12000047,Fife,
S02003087,Kirkcaldy Chapel,S12000047,Fife,
S02003088,Kirkcaldy Hayfield and Smeaton,S12000047,Fife,
S02003089,Kirkcaldy Pathhead,S12000047,Fife,
S02003090,Kirkcaldy Gallatown and Sinclairtown,S12000047,Fife,
S02003091,Dysart,S12000047,Fife,
S02003092,Wemyss,S12000047,Fife,
S02003093,Thornton and Kinglassie,S12000047,Fife,
S02003094,Leslie and Newcastle,S12000047,Fife,
S02003095,Glenrothes Macedonia and Tanshall,S12000047,Fife,
S02003096,Glenrothes South Parks,S12000047,Fife,
S02003097,Glenrothes Caskieberran and Rimbleton,S12000047,Fife,
S02003098,Glenrothes Auchmuty,S12000047,Fife,
S02003099,Glenrothes Stenton and Finglassie,S12000047,Fife,
S02003100,Glenrothes Pitteuchar,S12000047,Fife,
S02003101,Glenrothes Woodside,S12000047,Fife,
S02003102,Glenrothes Balgeddie,S12000047,Fife,
S02003103,Glenrothes Collydean,S12000047,Fife,
S02003104,Glenrothes Cadham and Pitcoudie,S12000047,Fife,
S02003105,Glenrothes Balfarg Pitcairn and Coul,S12000047,Fife,
S02003106,Markinch and Star,S12000047,Fife,
S02003107,Windygates and Coaltown,S12000047,Fife,
S02003108,Buckhaven Denbeath and Muiredge,S12000047,Fife,
S02003109,Methil Methilhill,S12000047,Fife,
S02003110,Methil West,S12000047,Fife,
S02003111,Methil East,S12000047,Fife,
S02003112,Leven East,S12000047,Fife,
S02003113,Leven West,S12000047,Fife,
S02003114,Leven North,S12000047,Fife,
S02003115,Largo,S12000047,Fife,
S02003116,Kennoway and Bonnybank,S12000047,Fife,
S02003117,Kettle and Ladybank,S12000047,Fife,
S02003118,Falkland and Freuchie,S12000047,Fife,
S02003119,Auchtermuchty and Gateside,S12000047,Fife,
S02003120,Newburgh,S12000047,Fife,
S02003121,Cupar West and Springfield,S12000047,Fife,
S02003122,Cupar Central,S12000047,Fife,
S02003123,Cupar East,S12000047,Fife,
S02003124,Dairsie Ceres and Dunino,S12000047,Fife,
S02003125,Elie Colinsburgh and Largoward,S12000047,Fife,
S02003126,St Monans and Pittenweem,S12000047,Fife,
S02003127,Anstruther,S12000047,Fife,
S02003128,Crail and Boarhills,S12000047,Fife,
S02003129,St Andrews South East,S12000047,Fife,
S02003130,St Andrews Central,S12000047,Fife,
S02003131,St Andrews South West,S12000047,Fife,
S02003132,St Andrews North and Strathkinness,S12000047,Fife,
S02003133,Leuchars and Guardbridge,S12000047,Fife,
S02003134,Balmullo and Gauldry,S12000047,Fife,
S02003135,Tayport,S12000047,Fife,
S02003136,Newport and Wormit,S12000047,Fife,
S02003137,Darnley East,S12000049,Glasgow City,
S02003138,Darnley North,S12000049,Glasgow City,
S02003139,Darnley West,S12000049,Glasgow City,
S02003140,Nitshill,S12000049,Glasgow City,
S02003141,South Nitshill,S12000049,Glasgow City,
S02003142,Crookston South,S12000049,Glasgow City,
S02003143,Crookston North,S12000049,Glasgow City,
S02003144,Pollok South and West,S12000049,Glasgow City,
S02003145,Pollok North and East,S12000049,Glasgow City,
S02003146,Cardonald South and East,S12000049,Glasgow City,
S02003147,Cardonald North,S12000049,Glasgow City,
S02003148,Cardonald West and Central,S12000049,Glasgow City,
S02003149,Penilee,S12000049,Glasgow City,
S02003150,Hillington,S12000049,Glasgow City,
S02003151,Drumoyne and Shieldhall,S12000049,Glasgow City,
S02003152,Govan and Linthouse,S12000049,Glasgow City,
S02003153,Craigton,S12000049,Glasgow City,
S02003154,Mosspark,S12000049,Glasgow City,
S02003155,Ibrox,S12000049,Glasgow City,
S02003156,Ibrox East and Cessnock,S12000049,Glasgow City,
S02003157,Kinning Park and Festival Park,S12000049,Glasgow City,
S02003158,Kingston West and Dumbreck,S12000049,Glasgow City,
S02003159,Pollokshields West,S12000049,Glasgow City,
S02003160,Pollokshields East,S12000049,Glasgow City,
S02003161,Govanhill West,S12000049,Glasgow City,
S02003162,Govanhill East and Aikenhead,S12000049,Glasgow City,
S02003163,Battlefield,S12000049,Glasgow City,
S02003164,Strathbungo,S12000049,Glasgow City,
S02003165,Maxwell Park,S12000049,Glasgow City,
S02003166,Shawlands West,S12000049,Glasgow City,
S02003167,Shawlands East,S12000049,Glasgow City,
S02003168,Langside,S12000049,Glasgow City,
S02003169,Pollokshaws,S12000049,Glasgow City,
S02003170,Carnwadric West,S12000049,Glasgow City,
S02003171,Carnwadric East,S12000049,Glasgow City,
S02003172,Newlands,S12000049,Glasgow City,
S02003173,Merrylee and Millbrae,S12000049,Glasgow City,
S02003174,Muirend and Old Cathcart,S12000049,Glasgow City,
S02003175,Carmunnock North,S12000049,Glasgow City,
S02003176,Glenwood South,S12000049,Glasgow City,
S02003177,Glenwood North,S12000049,Glasgow City,
S02003178,Castlemilk,S12000049,Glasgow City,
S02003179,Kingspark South,S12000049,Glasgow City,
S02003180,Kingspark North,S12000049,Glasgow City,
S02003181,Cathcart,S12000049,Glasgow City,
S02003182,Mount Florida,S12000049,Glasgow City,
S02003183,Toryglen and Oatlands,S12000049,Glasgow City,
S02003184,Polmadie and Toryglen,S12000049,Glasgow City,
S02003185,Gorbals and Hutchesontown,S12000049,Glasgow City,
S02003186,Laurieston and Tradeston,S12000049,Glasgow City,
S02003187,Calton and Gallowgate,S12000049,Glasgow City,
S02003188,Bridgeton,S12000049,Glasgow City,
S02003189,Dalmarnock,S12000049,Glasgow City,
S02003190,Parkhead West and Barrowfield,S12000049,Glasgow City,
S02003191,Barrowfield Central,S12000049,Glasgow City,
S02003192,Parkhead East and Braidfauld North,S12000049,Glasgow City,
S02003193,Braidfauld,S12000049,Glasgow City,
S02003194,Braidfauld West,S12000049,Glasgow City,
S02003195,Shettleston South,S12000049,Glasgow City,
S02003196,Carmyle and Mount Vernon South,S12000049,Glasgow City,
S02003197,Mount Vernon North and Sandyhills,S12000049,Glasgow City,
S02003198,Baillieston West,S12000049,Glasgow City,
S02003199,Baillieston East,S12000049,Glasgow City,
S02003200,Baillieston South,S12000049,Glasgow City,
S02003201,Garrowhill West,S12000049,Glasgow City,
S02003202,Garrowhill East and Swinton,S12000049,Glasgow City,
S02003203,Easterhouse East,S12000049,Glasgow City,
S02003204,Central Easterhouse,S12000049,Glasgow City,
S02003205,"Garthamlock, Auchinlea and Gartloch",S12000049,Glasgow City,
S02003206,North Barlanark and Easterhouse South,S12000049,Glasgow City,
S02003207,Barlanark,S12000049,Glasgow City,
S02003208,Greenfield,S12000049,Glasgow City,
S02003209,Shettleston North,S12000049,Glasgow City,
S02003210,Tollcross,S12000049,Glasgow City,
S02003211,Old Shettleston and Parkhead North,S12000049,Glasgow City,
S02003212,Carntyne,S12000049,Glasgow City,
S02003213,"Cranhill, Lightburn and Queenslie South",S12000049,Glasgow City,
S02003214,Craigend and Ruchazie,S12000049,Glasgow City,
S02003215,Riddrie and Hogganfield,S12000049,Glasgow City,
S02003216,Blackhill and Barmulloch East,S12000049,Glasgow City,
S02003217,Robroyston and Millerston,S12000049,Glasgow City,
S02003218,Robroyston South,S12000049,Glasgow City,
S02003219,Balornock,S12000049,Glasgow City,
S02003220,Barmulloch,S12000049,Glasgow City,
S02003221,Petershill,S12000049,Glasgow City,
S02003222,Springburn,S12000049,Glasgow City,
S02003223,Springburn East and Cowlairs,S12000049,Glasgow City,
S02003224,Cowlairs and Port Dundas,S12000049,Glasgow City,
S02003225,"Roystonhill, Blochairn, and Provanmill",S12000049,Glasgow City,
S02003226,Dennistoun North,S12000049,Glasgow City,
S02003227,Alexandra Parade,S12000049,Glasgow City,
S02003228,Carntyne West and Haghill,S12000049,Glasgow City,
S02003229,Dennistoun,S12000049,Glasgow City,
S02003230,Gallowgate North and Bellgrove,S12000049,Glasgow City,
S02003231,City Centre East,S12000049,Glasgow City,
S02003232,City Centre West,S12000049,Glasgow City,
S02003233,City Centre South,S12000049,Glasgow City,
S02003234,Anderston,S12000049,Glasgow City,
S02003235,Finnieston and Kelvinhaugh,S12000049,Glasgow City,
S02003236,Yorkhill,S12000049,Glasgow City,
S02003237,Woodlands,S12000049,Glasgow City,
S02003238,Kelvinbridge South,S12000049,Glasgow City,
S02003239,Woodside,S12000049,Glasgow City,
S02003240,Firhill,S12000049,Glasgow City,
S02003241,Keppochhill,S12000049,Glasgow City,
S02003242,Ruchill,S12000049,Glasgow City,
S02003243,Ruchill Park,S12000049,Glasgow City,
S02003244,Possil Park,S12000049,Glasgow City,
S02003245,Milton West,S12000049,Glasgow City,
S02003246,Milton East,S12000049,Glasgow City,
S02003247,Summerston Central and West,S12000049,Glasgow City,
S02003248,Summerston North,S12000049,Glasgow City,
S02003249,Maryhill East,S12000049,Glasgow City,
S02003250,Maryhill West,S12000049,Glasgow City,
S02003251,Wyndford,S12000049,Glasgow City,
S02003252,Kelvindale,S12000049,Glasgow City,
S02003253,North Kelvin,S12000049,Glasgow City,
S02003254,Kelvingrove and University,S12000049,Glasgow City,
S02003255,Hillhead,S12000049,Glasgow City,
S02003256,Glasgow Harbour and Partick South,S12000049,Glasgow City,
S02003257,Partick,S12000049,Glasgow City,
S02003258,Partickhill and Hyndland,S12000049,Glasgow City,
S02003259,Dowanhill,S12000049,Glasgow City,
S02003260,Kelvinside and Jordanhill,S12000049,Glasgow City,
S02003261,Broomhill,S12000049,Glasgow City,
S02003262,Victoria Park,S12000049,Glasgow City,
S02003263,Scotstoun North and East,S12000049,Glasgow City,
S02003264,Scotstoun South and West,S12000049,Glasgow City,
S02003265,Yoker South,S12000049,Glasgow City,
S02003266,Yoker North,S12000049,Glasgow City,
S02003267,Knightswood West,S12000049,Glasgow City,
S02003268,Knightswood East,S12000049,Glasgow City,
S02003269,Knightswood Park West,S12000049,Glasgow City,
S02003270,Knightswood Park East,S12000049,Glasgow City,
S02003271,Anniesland East,S12000049,Glasgow City,
S02003272,Anniesland West,S12000049,Glasgow City,
S02003273,Blairdardie East,S12000049,Glasgow City,
S02003274,Blairdardie West,S12000049,Glasgow City,
S02003275,Drumchapel South,S12000049,Glasgow City,
S02003276,Drumchapel North,S12000049,Glasgow City,
S02003277,Drumry East,S12000049,Glasgow City,
S02003278,Drumry West,S12000049,Glasgow City,
S02003279,Lochaber West,S12000017,Highland,
S02003280,Fort William North,S12000017,Highland,
S02003281,Fort William South,S12000017,Highland,
S02003282,Lochaber East and North,S12000017,Highland,
S02003283,Badenoch and Strathspey South,S12000017,Highland,
S02003284,Badenoch and Strathspey Central,S12000017,Highland,
S02003285,Badenoch and Strathspey North,S12000017,Highland,
S02003286,Nairn Rural,S12000017,Highland,
S02003287,Nairn East,S12000017,Highland,
S02003288,Nairn West,S12000017,Highland,
S02003289,Inverness East Rural,S12000017,Highland,
S02003290,Inverness Culloden and Balloch,S12000017,Highland,
S02003291,Inverness Smithton,S12000017,Highland,
S02003292,Inverness Westhill,S12000017,Highland,
S02003293,Inverness Inshes,S12000017,Highland,
S02003294,Inverness Slackbuie,S12000017,Highland,
S02003295,Inverness Lochardil and Holm Mains,S12000017,Highland,
S02003296,Inverness Drummond,S12000017,Highland,
S02003297,Inverness Hilton,S12000017,Highland,
S02003298,Inverness Drakies,S12000017,Highland,
S02003299,"Inverness Central, Raigmore and Longman",S12000017,Highland,
S02003300,Inverness Crown and Haugh,S12000017,Highland,
S02003301,Inverness Ballifeary and Dalneigh,S12000017,Highland,
S02003302,Inverness Muirtown,S12000017,Highland,
S02003303,Inverness Merkinch,S12000017,Highland,
S02003304,Inverness Scorguie,S12000017,Highland,
S02003305,Inverness Kinmylies and South West,S12000017,Highland,
S02003306,Inverness West Rural,S12000017,Highland,
S02003307,Inverness West Strathglass,S12000017,Highland,
S02003308,Loch Ness,S12000017,Highland,
S02003309,Lochalsh,S12000017,Highland,
S02003310,Skye South,S12000017,Highland,
S02003311,Skye North East,S12000017,Highland,
S02003312,Skye North West,S12000017,Highland,
S02003313,Ross and Cromarty South West,S12000017,Highland,
S02003314,Ross and Cromarty North West,S12000017,Highland,
S02003315,Ross and Cromarty Central,S12000017,Highland,
S02003316,Ross and Cromarty East,S12000017,Highland,
S02003317,Muir of Ord,S12000017,Highland,
S02003318,Conon,S12000017,Highland,
S02003319,Dingwall,S12000017,Highland,
S02003320,Black Isle South,S12000017,Highland,
S02003321,Black Isle Fortrose and Avoch,S12000017,Highland,
S02003322,Black Isle North,S12000017,Highland,
S02003323,Alness,S12000017,Highland,
S02003324,Invergordon,S12000017,Highland,
S02003325,Seaboard,S12000017,Highland,
S02003326,Tain,S12000017,Highland,
S02003327,Sutherland South,S12000017,Highland,
S02003328,Sutherland East,S12000017,Highland,
S02003329,Caithness South,S12000017,Highland,
S02003330,Wick South,S12000017,Highland,
S02003331,Wick North,S12000017,Highland,
S02003332,Caithness North East,S12000017,Highland,
S02003333,Caithness North West,S12000017,Highland,
S02003334,Thurso East,S12000017,Highland,
S02003335,Thurso West,S12000017,Highland,
S02003336,Sutherland North and West,S12000017,Highland,
S02003337,Kilmacolm Central,S12000018,Inverclyde,
S02003338,"Kilmacolm, Quarriers, Greenock Upper East/Central",S12000018,Inverclyde,
S02003339,Inverkip and Wemyss Bay,S12000018,Inverclyde,
S02003340,West Braeside and West Gourock,S12000018,Inverclyde,
S02003341,Gourock Upper and West Central,S12000018,Inverclyde,
S02003342,Gourock Central and Upper East,S12000018,Inverclyde,
S02003343,"Braeside, Branchton, Ravenscraig",S12000018,Inverclyde,
S02003344,Larkfield,S12000018,Inverclyde,
S02003345,"Bow Farm, Fancy Farm and Mallard Bowl",S12000018,Inverclyde,
S02003346,"Gourock East, Greenock West and Lyle Road",S12000018,Inverclyde,
S02003347,Greenock West and Central,S12000018,Inverclyde,
S02003348,"Gateside, Pennyfern, Cowdenknowes, Overton and upper Drumfrochar",S12000018,Inverclyde,
S02003349,Greenock Upper Central,S12000018,Inverclyde,
S02003350,Greenock Town Centre and East Central,S12000018,Inverclyde,
S02003351,Greenock Upper East,S12000018,Inverclyde,
S02003352,Greenock Lower East,S12000018,Inverclyde,
S02003353,"Port Glasgow Upper, West and Central",S12000018,Inverclyde,
S02003354,"Port Glasgow Mid, East and Central",S12000018,Inverclyde,
S02003355,Port Glasgow Upper East,S12000018,Inverclyde,
S02003356,Rural South Midlothian,S12000019,Midlothian,
S02003357,Penicuik Southeast,S12000019,Midlothian,
S02003358,Penicuik Southwest,S12000019,Midlothian,
S02003359,Penicuik East,S12000019,Midlothian,
S02003360,Penicuik North,S12000019,Midlothian,
S02003361,Pentland,S12000019,Midlothian,
S02003362,Roslin and Bilston,S12000019,Midlothian,
S02003363,Straiton,S12000019,Midlothian,
S02003364,Loanhead,S12000019,Midlothian,
S02003365,Poltonhall,S12000019,Midlothian,
S02003366,Bonnyrigg North,S12000019,Midlothian,
S02003367,Hopefield,S12000019,Midlothian,
S02003368,Dalhousie,S12000019,Midlothian,
S02003369,Eskbank and Newbattle,S12000019,Midlothian,
S02003370,"Danderhall, Shawfair and Midlothian North",S12000019,Midlothian,
S02003371,Woodburn,S12000019,Midlothian,
S02003372,Dalkeith,S12000019,Midlothian,
S02003373,Rural North East Midlothian,S12000019,Midlothian,
S02003374,Pathhead and Rural South East Midlothian,S12000019,Midlothian,
S02003375,Easthouses,S12000019,Midlothian,
S02003376,Mayfield,S12000019,Midlothian,
S02003377,Newtongrange,S12000019,Midlothian,
S02003378,North Gorebridge,S12000019,Midlothian,
S02003379,Gorebridge and Birkenside,S12000019,Midlothian,
S02003380,"Aberlour, South Speyside and the Cabrach",S12000020,Moray,
S02003381,Rothes and North Speyside,S12000020,Moray,
S02003382,Rural Keith and Strathisla,S12000020,Moray,
S02003383,Keith and Fife Keith,S12000020,Moray,
S02003384,"Cullen, Portknockie, Findochty, Drybridge and Berryhillock",S12000020,Moray,
S02003385,Buckie Central East,S12000020,Moray,
S02003386,"Buckie West, Buckpool and Mains of Buckie",S12000020,Moray,
S02003387,"Mosstodloch, Portgordon, Urquhart and seaward",S12000020,Moray,
S02003388,"Fochabers, Aultmore, Clochan and Ordiquish",S12000020,Moray,
S02003389,"Heldon West, Miltonduff and Fogwatt to Inchberry",S12000020,Moray,
S02003390,"Lhanbryde, Troves, Pitgavney and seaward",S12000020,Moray,
S02003391,"Elgin Central East, Kingsmills, Ashgrove and Pinefield",S12000020,Moray,
S02003392,New Elgin East and The Wards,S12000020,Moray,
S02003393,New Elgin West,S12000020,Moray,
S02003394,Elgin Central West,S12000020,Moray,
S02003395,"Elgin Bishopmill East, Ladyhill and High Street",S12000020,Moray,
S02003396,Elgin Bishopmill West and Newfield,S12000020,Moray,
S02003397,Lossiemouth East and Seatown,S12000020,Moray,
S02003398,Lossiemouth West,S12000020,Moray,
S02003399,"Burghead, Roseisle and Laich",S12000020,Moray,
S02003400,"Kinloss, Alves and Pluscarden Valley",S12000020,Moray,
S02003401,Forres Central East,S12000020,Moray,
S02003402,"Forres South West, Pilmuir and Mannachie",S12000020,Moray,
S02003403,"Findhorn, Rafford, Dallas, Dyke to Dava",S12000020,Moray,
S02003404,Barra and South Uist,S12000013,Na h-Eileanan Siar,
S02003405,Benbecula and North Uist,S12000013,Na h-Eileanan Siar,
S02003406,South Lewis,S12000013,Na h-Eileanan Siar,
S02003407,Northwest Lewis,S12000013,Na h-Eileanan Siar,
S02003408,Broadbay,S12000013,Na h-Eileanan Siar,
S02003409,Stornoway West,S12000013,Na h-Eileanan Siar,
S02003410,Stornoway East,S12000013,Na h-Eileanan Siar,
S02003411,Point to Sandwick,S12000013,Na h-Eileanan Siar,
S02003412,Arran,S12000021,North Ayrshire,
S02003413,Springside and Rural,S12000021,North Ayrshire,
S02003414,Irvine Tarryholme,S12000021,North Ayrshire,
S02003415,Dreghorn,S12000021,North Ayrshire,
S02003416,Irvine Broomlands,S12000021,North Ayrshire,
S02003417,Irvine Bourtreehill,S12000021,North Ayrshire,
S02003418,Irvine Girdle Toll and Staneca,S12000021,North Ayrshire,
S02003419,Irvine Perceton and Lawthorn,S12000021,North Ayrshire,
S02003420,Irvine Castlepark North,S12000021,North Ayrshire,
S02003421,Irvine Castlepark South,S12000021,North Ayrshire,
S02003422,Irvine East,S12000021,North Ayrshire,
S02003423,Irvine Central,S12000021,North Ayrshire,
S02003424,Irvine Fullarton,S12000021,North Ayrshire,
S02003425,Stevenston Ardeer,S12000021,North Ayrshire,
S02003426,Saltcoats Central,S12000021,North Ayrshire,
S02003427,Ardrossan Central,S12000021,North Ayrshire,
S02003428,Ardrossan North West,S12000021,North Ayrshire,
S02003429,Ardrossan North East,S12000021,North Ayrshire,
S02003430,Saltcoats North West,S12000021,North Ayrshire,
S02003431,Saltcoats North East,S12000021,North Ayrshire,
S02003432,Stevenston North West,S12000021,North Ayrshire,
S02003433,Stevenston Hayocks,S12000021,North Ayrshire,
S02003434,Kilwinning Whitehirst Park and Woodside,S12000021,North Ayrshire,
S02003435,Kilwinning Pennyburn,S12000021,North Ayrshire,
S02003436,Kilwinning West and Blacklands,S12000021,North Ayrshire,
S02003437,Kilwinning Central and North,S12000021,North Ayrshire,
S02003438,Dalry East and Rural,S12000021,North Ayrshire,
S02003439,Dalry West,S12000021,North Ayrshire,
S02003440,Fairlie and Rural,S12000021,North Ayrshire,
S02003441,West Kilbride and Seamill,S12000021,North Ayrshire,
S02003442,Largs South,S12000021,North Ayrshire,
S02003443,Largs Central and Cumbrae,S12000021,North Ayrshire,
S02003444,Largs North,S12000021,North Ayrshire,
S02003445,Skelmorlie and Rural,S12000021,North Ayrshire,
S02003446,Kilbirnie North,S12000021,North Ayrshire,
S02003447,Kilbirnie South and Longbar,S12000021,North Ayrshire,
S02003448,Beith West,S12000021,North Ayrshire,
S02003449,Beith East and Rural,S12000021,North Ayrshire,
S02003450,Overtown,S12000050,North Lanarkshire,
S02003451,Netherton and Kirkhill,S12000050,North Lanarkshire,
S02003452,Muirhouse,S12000050,North Lanarkshire,
S02003453,Muirhouse and Knowetop,S12000050,North Lanarkshire,
S02003454,Flemington,S12000050,North Lanarkshire,
S02003455,Craigneuk Wishaw,S12000050,North Lanarkshire,
S02003456,Pather,S12000050,North Lanarkshire,
S02003457,Wishaw South,S12000050,North Lanarkshire,
S02003458,Wishaw North,S12000050,North Lanarkshire,
S02003459,Coltness,S12000050,North Lanarkshire,
S02003460,Wishaw East,S12000050,North Lanarkshire,
S02003461,Newmains,S12000050,North Lanarkshire,
S02003462,Allanton - Newmains Rural,S12000050,North Lanarkshire,
S02003463,Shotts,S12000050,North Lanarkshire,
S02003464,Stane,S12000050,North Lanarkshire,
S02003465,Harthill and Salsburgh,S12000050,North Lanarkshire,
S02003466,Salsburgh,S12000050,North Lanarkshire,
S02003467,Cleland,S12000050,North Lanarkshire,
S02003468,Dalziel and Hartwood,S12000050,North Lanarkshire,
S02003469,Newarthill,S12000050,North Lanarkshire,
S02003470,Carfin North,S12000050,North Lanarkshire,
S02003471,Clydesdale and New Stevenston,S12000050,North Lanarkshire,
S02003472,Carfin and Cleekhimin,S12000050,North Lanarkshire,
S02003473,Motherwell South,S12000050,North Lanarkshire,
S02003474,Ladywell,S12000050,North Lanarkshire,
S02003475,Motherwell West,S12000050,North Lanarkshire,
S02003476,Motherwell North,S12000050,North Lanarkshire,
S02003477,Forgewood,S12000050,North Lanarkshire,
S02003478,Holytown,S12000050,North Lanarkshire,
S02003479,Milnwood,S12000050,North Lanarkshire,
S02003480,Orbiston,S12000050,North Lanarkshire,
S02003481,Bellshill South,S12000050,North Lanarkshire,
S02003482,Hattonrigg,S12000050,North Lanarkshire,
S02003483,Bellshill Central,S12000050,North Lanarkshire,
S02003484,Fallside,S12000050,North Lanarkshire,
S02003485,Viewpark,S12000050,North Lanarkshire,
S02003486,Birkenshaw,S12000050,North Lanarkshire,
S02003487,Kirkwood and Bargeddie,S12000050,North Lanarkshire,
S02003488,Kirkshaws,S12000050,North Lanarkshire,
S02003489,Dundyvan,S12000050,North Lanarkshire,
S02003490,Drumpellier and Langloan,S12000050,North Lanarkshire,
S02003491,Coatbridge West,S12000050,North Lanarkshire,
S02003492,Townhead,S12000050,North Lanarkshire,
S02003493,Sunnyside and Cliftonville,S12000050,North Lanarkshire,
S02003494,Cliftonville,S12000050,North Lanarkshire,
S02003495,Shawhead and Whifflet,S12000050,North Lanarkshire,
S02003496,Greenend and Carnbroe,S12000050,North Lanarkshire,
S02003497,Calderbank and Brownsburn,S12000050,North Lanarkshire,
S02003498,Chapelhall West,S12000050,North Lanarkshire,
S02003499,Chapelhall East,S12000050,North Lanarkshire,
S02003500,Craigneuk Airdrie,S12000050,North Lanarkshire,
S02003501,Petersburn,S12000050,North Lanarkshire,
S02003502,Gartlea,S12000050,North Lanarkshire,
S02003503,Cairnhill,S12000050,North Lanarkshire,
S02003504,Coatdyke and Whinhall,S12000050,North Lanarkshire,
S02003505,Thrashbush,S12000050,North Lanarkshire,
S02003506,Airdrie North,S12000050,North Lanarkshire,
S02003507,Drumgelloch,S12000050,North Lanarkshire,
S02003508,Caldercruix and Plains,S12000050,North Lanarkshire,
S02003509,Glenmavis and Greengairs,S12000050,North Lanarkshire,
S02003510,Gartcosh,S12000050,North Lanarkshire,
S02003511,Marnoch and Glenboig,S12000050,North Lanarkshire,
S02003512,Cardowan and Millerston,S12000050,North Lanarkshire,
S02003513,Stepps,S12000050,North Lanarkshire,
S02003514,Chryston and Muirhead,S12000050,North Lanarkshire,
S02003515,Moodiesburn West,S12000050,North Lanarkshire,
S02003516,Moodiesburn East,S12000050,North Lanarkshire,
S02003517,Westfield,S12000050,North Lanarkshire,
S02003518,Broadwood,S12000050,North Lanarkshire,
S02003519,Condorrat,S12000050,North Lanarkshire,
S02003520,Greenfaulds,S12000050,North Lanarkshire,
S02003521,Seafar,S12000050,North Lanarkshire,
S02003522,Cumbernauld Central,S12000050,North Lanarkshire,
S02003523,Kildrum,S12000050,North Lanarkshire,
S02003524,Abronhill South,S12000050,North Lanarkshire,
S02003525,Abronhill North,S12000050,North Lanarkshire,
S02003526,Village and Castlecary,S12000050,North Lanarkshire,
S02003527,Carrickstone,S12000050,North Lanarkshire,
S02003528,Balloch West,S12000050,North Lanarkshire,
S02003529,Balloch East,S12000050,North Lanarkshire,
S02003530,Klisyth East,S12000050,North Lanarkshire,
S02003531,"Croy, Dullatar and Banton",S12000050,North Lanarkshire,
S02003532,Kilsyth Bogside,S12000050,North Lanarkshire,
S02003533,Balmalloch,S12000050,North Lanarkshire,
S02003534,"Stromness, Sandwick and Stenness",S12000023,Orkney Islands,
S02003535,West Mainland,S12000023,Orkney Islands,
S02003536,East Mainland,S12000023,Orkney Islands,
S02003537,West Kirkwall,S12000023,Orkney Islands,
S02003538,East Kirkwall,S12000023,Orkney Islands,
S02003539,Isles,S12000023,Orkney Islands,
S02003540,"Powmill, Cleish and Scotlandwell",S12000048,Perth and Kinross,
S02003541,Kinross,S12000048,Perth and Kinross,
S02003542,Milnathort and Crook of Devon,S12000048,Perth and Kinross,
S02003543,"Muthill, Greenloaning and Gleneagles",S12000048,Perth and Kinross,
S02003544,Auchterarder,S12000048,Perth and Kinross,
S02003545,"Comrie, Gilmerton and St Fillans",S12000048,Perth and Kinross,
S02003546,Crieff North,S12000048,Perth and Kinross,
S02003547,Crieff South,S12000048,Perth and Kinross,
S02003548,Almondbank and Pitcairngreen,S12000048,Perth and Kinross,
S02003549,"Glenfarg, Dunning and Rhynd",S12000048,Perth and Kinross,
S02003550,Bridge of Earn and Abernethy,S12000048,Perth and Kinross,
S02003551,Upper Craigie and Friarton,S12000048,Perth and Kinross,
S02003552,Viewlands and Craigie,S12000048,Perth and Kinross,
S02003553,"Burghmuir, Oakbank and Cherrybank",S12000048,Perth and Kinross,
S02003554,Western Edge,S12000048,Perth and Kinross,
S02003555,Letham,S12000048,Perth and Kinross,
S02003556,Tulloch and Inveralmond,S12000048,Perth and Kinross,
S02003557,North Muirton,S12000048,Perth and Kinross,
S02003558,Muirton,S12000048,Perth and Kinross,
S02003559,North Inch,S12000048,Perth and Kinross,
S02003560,Central and South Inch,S12000048,Perth and Kinross,
S02003561,Gannochy and Walnut Grove,S12000048,Perth and Kinross,
S02003562,Scone,S12000048,Perth and Kinross,
S02003563,"Guildtown, Balbeggie and St Madoes",S12000048,Perth and Kinross,
S02003564,Errol and Inchture,S12000048,Perth and Kinross,
S02003565,"Invergowrie, Longforgan and Abernyte",S12000048,Perth and Kinross,
S02003566,Coupar Angus and Meigle,S12000048,Perth and Kinross,
S02003567,Alyth,S12000048,Perth and Kinross,
S02003568,"Blair Atholl, Strathardle and Glenshee",S12000048,Perth and Kinross,
S02003569,Blairgowrie South (Ardblair and Rosemout),S12000048,Perth and Kinross,
S02003570,Rattray,S12000048,Perth and Kinross,
S02003571,Blairgowrie Central,S12000048,Perth and Kinross,
S02003572,"Bankfoot, Stanley and Murthly",S12000048,Perth and Kinross,
S02003573,Luncarty and Bertha Park,S12000048,Perth and Kinross,
S02003574,Amulree and Dunkeld,S12000048,Perth and Kinross,
S02003575,Pitlochry,S12000048,Perth and Kinross,
S02003576,Rannoch and Aberfeldy,S12000048,Perth and Kinross,
S02003577,Lochwinnoch,S12000038,Renfrewshire,
S02003578,Renfrewshire Rural South and Howwood,S12000038,Renfrewshire,
S02003579,Dargavel,S12000038,Renfrewshire,
S02003580,Renfrewshire Rural North and Langbank,S12000038,Renfrewshire,
S02003581,Kilbarchan,S12000038,Renfrewshire,
S02003582,Johnstone South West,S12000038,Renfrewshire,
S02003583,Johnstone North West,S12000038,Renfrewshire,
S02003584,Johnstone North East,S12000038,Renfrewshire,
S02003585,Johnstone South East,S12000038,Renfrewshire,
S02003586,Elderslie and Phoenix,S12000038,Renfrewshire,
S02003587,Paisley Ferguslie,S12000038,Renfrewshire,
S02003588,Paisley North West,S12000038,Renfrewshire,
S02003589,Paisley West,S12000038,Renfrewshire,
S02003590,Paisley Foxbar,S12000038,Renfrewshire,
S02003591,Paisley South West,S12000038,Renfrewshire,
S02003592,Paisley Glenburn West,S12000038,Renfrewshire,
S02003593,Paisley Glenburn East,S12000038,Renfrewshire,
S02003594,Paisley South,S12000038,Renfrewshire,
S02003595,Paisley South East,S12000038,Renfrewshire,
S02003596,Paisley Dykebar,S12000038,Renfrewshire,
S02003597,Paisley East,S12000038,Renfrewshire,
S02003598,Paisley Central East,S12000038,Renfrewshire,
S02003599,Paisley Central West,S12000038,Renfrewshire,
S02003600,Paisley North East,S12000038,Renfrewshire,
S02003601,Paisley Ralston,S12000038,Renfrewshire,
S02003602,Paisley Gallowhill and Hillington,S12000038,Renfrewshire,
S02003603,Paisley North,S12000038,Renfrewshire,
S02003604,Renfrew West,S12000038,Renfrewshire,
S02003605,Renfrew South West,S12000038,Renfrewshire,
S02003606,Renfrew South East,S12000038,Renfrewshire,
S02003607,Renfrew East,S12000038,Renfrewshire,
S02003608,Renfrew North West,S12000038,Renfrewshire,
S02003609,Renfrew North East,S12000038,Renfrewshire,
S02003610,Erskine East and Inchinnan,S12000038,Renfrewshire,
S02003611,Erskine Central,S12000038,Renfrewshire,
S02003612,Erskine West,S12000038,Renfrewshire,
S02003613,Bishopton,S12000038,Renfrewshire,
S02003614,Linwood South,S12000038,Renfrewshire,
S02003615,Linwood North,S12000038,Renfrewshire,
S02003616,Houston South,S12000038,Renfrewshire,
S02003617,Houston North,S12000038,Renfrewshire,
S02003618,Bridge of Weir,S12000038,Renfrewshire,
S02003619,Tweeddale West,S12000026,Scottish Borders,
S02003620,Peebles North,S12000026,Scottish Borders,
S02003621,Peebles South,S12000026,Scottish Borders,
S02003622,Innerleithen,S12000026,Scottish Borders,
S02003623,Tweeddale East,S12000026,Scottish Borders,
S02003624,Gala Water Valley and Earlston Area,S12000026,Scottish Borders,
S02003625,Galashiels North,S12000026,Scottish Borders,
S02003626,Galashiels West,S12000026,Scottish Borders,
S02003627,Galashiels South,S12000026,Scottish Borders,
S02003628,Galashiels Langlee,S12000026,Scottish Borders,
S02003629,Tweedbank and Galashiels Melrose Gait,S12000026,Scottish Borders,
S02003630,Melrose Darnick Gattonside and Newstead,S12000026,Scottish Borders,
S02003631,Lauderdale,S12000026,Scottish Borders,
S02003632,Berwickshire West,S12000026,Scottish Borders,
S02003633,Duns,S12000026,Scottish Borders,
S02003634,Berwickshire East,S12000026,Scottish Borders,
S02003635,Eyemouth,S12000026,Scottish Borders,
S02003636,Chirnside and Area,S12000026,Scottish Borders,
S02003637,Coldstream and Area,S12000026,Scottish Borders,
S02003638,Cheviot East,S12000026,Scottish Borders,
S02003639,Kelso North,S12000026,Scottish Borders,
S02003640,Kelso South,S12000026,Scottish Borders,
S02003641,Cheviot West,S12000026,Scottish Borders,
S02003642,St Boswells Newtown and Area,S12000026,Scottish Borders,
S02003643,Jedburgh,S12000026,Scottish Borders,
S02003644,Denholm Upper Teviotdale and Liddesdale,S12000026,Scottish Borders,
S02003645,Hawick - Burnfoot,S12000026,Scottish Borders,
S02003646,Hawick - South East,S12000026,Scottish Borders,
S02003647,Hawick - South,S12000026,Scottish Borders,
S02003648,Hawick - North,S12000026,Scottish Borders,
S02003649,Ettrick Yarrow and Lilliesleaf Area,S12000026,Scottish Borders,
S02003650,Selkirk,S12000026,Scottish Borders,
S02003651,Shetland South,S12000027,Shetland Islands,
S02003652,Lerwick South,S12000027,Shetland Islands,
S02003653,Lerwick North,S12000027,Shetland Islands,
S02003654,Central Shetland,S12000027,Shetland Islands,
S02003655,East and West Mainland,S12000027,Shetland Islands,
S02003656,North Mainland,S12000027,Shetland Islands,
S02003657,North and East Isles,S12000027,Shetland Islands,
S02003658,Carrick South,S12000028,South Ayrshire,
S02003659,Girvan Glendoune,S12000028,South Ayrshire,
S02003660,Girvan Ailsa,S12000028,South Ayrshire,
S02003661,Maybole,S12000028,South Ayrshire,
S02003662,Carrick North,S12000028,South Ayrshire,
S02003663,Coylton,S12000028,South Ayrshire,
S02003664,Doonfoot and Seafield,S12000028,South Ayrshire,
S02003665,Alloway,S12000028,South Ayrshire,
S02003666,Castlehill and Kincaidston,S12000028,South Ayrshire,
S02003667,Belmont,S12000028,South Ayrshire,
S02003668,Holmston and Forehill,S12000028,South Ayrshire,
S02003669,Ayr South Harbour and Town Centre,S12000028,South Ayrshire,
S02003670,"Ayr North Harbour, Wallacetown and Newton South",S12000028,South Ayrshire,
S02003671,Craigie,S12000028,South Ayrshire,
S02003672,Dalmilling,S12000028,South Ayrshire,
S02003673,"Lochside, Braehead and Whitletts",S12000028,South Ayrshire,
S02003674,Newton North,S12000028,South Ayrshire,
S02003675,Heathfield,S12000028,South Ayrshire,
S02003676,Prestwick West,S12000028,South Ayrshire,
S02003677,Prestwick East,S12000028,South Ayrshire,
S02003678,Prestwick Airport and Monkton,S12000028,South Ayrshire,
S02003679,"Annbank, Mossblown and Tarbolton",S12000028,South Ayrshire,
S02003680,"Dundonald, Loans and Symington",S12000028,South Ayrshire,
S02003681,Muirhead,S12000028,South Ayrshire,
S02003682,Barassie Bank,S12000028,South Ayrshire,
S02003683,Barassie,S12000028,South Ayrshire,
S02003684,Troon,S12000028,South Ayrshire,
S02003685,Clydesdale South,S12000029,South Lanarkshire,
S02003686,"Biggar, Symington, Thankerton and Dolphinton",S12000029,South Lanarkshire,
S02003687,"Carstairs, Carstairs Junction and Carnwath",S12000029,South Lanarkshire,
S02003688,"Forth, Braehead and Auchengray",S12000029,South Lanarkshire,
S02003689,Law,S12000029,South Lanarkshire,
S02003690,Carluke West,S12000029,South Lanarkshire,
S02003691,Carluke North,S12000029,South Lanarkshire,
S02003692,Carluke East,S12000029,South Lanarkshire,
S02003693,Carluke South,S12000029,South Lanarkshire,
S02003694,"Crossford, Braidwood and Yieldshields",S12000029,South Lanarkshire,
S02003695,Lanark North West,S12000029,South Lanarkshire,
S02003696,Lanark North East,S12000029,South Lanarkshire,
S02003697,Lanark South,S12000029,South Lanarkshire,
S02003698,Hazelbank and Kirkfieldbank,S12000029,South Lanarkshire,
S02003699,"Douglas, Coalburn and Rigside",S12000029,South Lanarkshire,
S02003700,Lesmahagow,S12000029,South Lanarkshire,
S02003701,Kirkmuirhill and Blackwood,S12000029,South Lanarkshire,
S02003702,"Ashgill, Netherburn, Quarter and Glassford",S12000029,South Lanarkshire,
S02003703,Merryton and Meadowhill,S12000029,South Lanarkshire,
S02003704,"Larkhall Central, Raploch, Millheugh and Burnhead",S12000029,South Lanarkshire,
S02003705,Hareleeshill,S12000029,South Lanarkshire,
S02003706,Strutherhill and Birkenshaw,S12000029,South Lanarkshire,
S02003707,Stonehouse,S12000029,South Lanarkshire,
S02003708,Strathaven South,S12000029,South Lanarkshire,
S02003709,Strathaven North,S12000029,South Lanarkshire,
S02003710,"Strathaven West, Chapelton, Drumclog and Sandford",S12000029,South Lanarkshire,
S02003711,Eddlewood,S12000029,South Lanarkshire,
S02003712,Low Waters,S12000029,South Lanarkshire,
S02003713,Silvertonhill,S12000029,South Lanarkshire,
S02003714,"Hamilton Centre, Low Parks and Ferniegar",S12000029,South Lanarkshire,
S02003715,Laighstonehall,S12000029,South Lanarkshire,
S02003716,"Woodhead, Meikle Earnock and Fairhill",S12000029,South Lanarkshire,
S02003717,Torheads and Little Earnock,S12000029,South Lanarkshire,
S02003718,Earnock,S12000029,South Lanarkshire,
S02003719,Hillhouse,S12000029,South Lanarkshire,
S02003720,High Blantyre,S12000029,South Lanarkshire,
S02003721,Blantyre South and Wheatlands,S12000029,South Lanarkshire,
S02003722,Low Blantyre and Bardykes,S12000029,South Lanarkshire,
S02003723,Blantyre North and Coatshill,S12000029,South Lanarkshire,
S02003724,Burnbank North,S12000029,South Lanarkshire,
S02003725,Burnbank Central and Udston,S12000029,South Lanarkshire,
S02003726,Burnbank South and Chantinghall,S12000029,South Lanarkshire,
S02003727,Whitehill,S12000029,South Lanarkshire,
S02003728,Bothwell South,S12000029,South Lanarkshire,
S02003729,Bothwell North,S12000029,South Lanarkshire,
S02003730,Uddingston and Kylepark,S12000029,South Lanarkshire,
S02003731,Newton,S12000029,South Lanarkshire,
S02003732,"Halfway, Hallside and Drumsagard",S12000029,South Lanarkshire,
S02003733,Westburn,S12000029,South Lanarkshire,
S02003734,Vicarland and Cairns,S12000029,South Lanarkshire,
S02003735,Whitlawburn and Greenlees,S12000029,South Lanarkshire,
S02003736,Cambuslang Central,S12000029,South Lanarkshire,
S02003737,"Burgh, Eastfield and Silverbank",S12000029,South Lanarkshire,
S02003738,Farme Cross and Gallowflat North,S12000029,South Lanarkshire,
S02003739,Shawfield and Clincarthill,S12000029,South Lanarkshire,
S02003740,Burnhill and Bankhead North,S12000029,South Lanarkshire,
S02003741,Bankhead South,S12000029,South Lanarkshire,
S02003742,Spittal,S12000029,South Lanarkshire,
S02003743,High Crosshill,S12000029,South Lanarkshire,
S02003744,Burnside and Springhall,S12000029,South Lanarkshire,
S02003745,Fernhill and Cathkin,S12000029,South Lanarkshire,
S02003746,"Lindsayfield West, Lindsayfield South and Auldhouse",S12000029,South Lanarkshire,
S02003747,Nerston,S12000029,South Lanarkshire,
S02003748,Calderwood East,S12000029,South Lanarkshire,
S02003749,Calderwood Central,S12000029,South Lanarkshire,
S02003750,Calderwood West,S12000029,South Lanarkshire,
S02003751,St Leonards North,S12000029,South Lanarkshire,
S02003752,St Leonards South,S12000029,South Lanarkshire,
S02003753,East Mains,S12000029,South Lanarkshire,
S02003754,West Mains,S12000029,South Lanarkshire,
S02003755,Stewartfield East,S12000029,South Lanarkshire,
S02003756,Stewartfield West,S12000029,South Lanarkshire,
S02003757,"Thorntonhall, Jackton and Gardenhall",S12000029,South Lanarkshire,
S02003758,Hairmyres and Westwood West,S12000029,South Lanarkshire,
S02003759,Mossneuk and Newlandsmuir,S12000029,South Lanarkshire,
S02003760,Crosshouse and Lindsayfield Central,S12000029,South Lanarkshire,
S02003761,Whitehills West,S12000029,South Lanarkshire,
S02003762,Greenhills,S12000029,South Lanarkshire,
S02003763,Westwood South,S12000029,South Lanarkshire,
S02003764,Westwood East,S12000029,South Lanarkshire,
S02003765,The Murray,S12000029,South Lanarkshire,
S02003766,"Birniehill, Kelvin and Whitehills East",S12000029,South Lanarkshire,
S02003767,Blane Valley,S12000030,Stirling,
S02003768,Balfron and Drymen,S12000030,Stirling,
S02003769,"Kippen, Fintry and Gargunnock",S12000030,Stirling,
S02003770,Cambusbarron,S12000030,Stirling,
S02003771,Plean and Rural SE,S12000030,Stirling,
S02003772,Cowie,S12000030,Stirling,
S02003773,Fallin,S12000030,Stirling,
S02003774,Bannockburn,S12000030,Stirling,
S02003775,Hillpark,S12000030,Stirling,
S02003776,Broomridge,S12000030,Stirling,
S02003777,Borestone,S12000030,Stirling,
S02003778,King's Park and Torbrex,S12000030,Stirling,
S02003779,Braehead,S12000030,Stirling,
S02003780,City Centre,S12000030,Stirling,
S02003781,Raploch,S12000030,Stirling,
S02003782,Cornton,S12000030,Stirling,
S02003783,Causewayhead,S12000030,Stirling,
S02003784,Bridge of Allan and University,S12000030,Stirling,
S02003785,Riverside and Logie,S12000030,Stirling,
S02003786,Dunblane East,S12000030,Stirling,
S02003787,Dunblane West,S12000030,Stirling,
S02003788,Carse of Stirling,S12000030,Stirling,
S02003789,Callander and Trossachs,S12000030,Stirling,
S02003790,Highland,S12000030,Stirling,
S02003791,Whitecrook,S12000039,West Dunbartonshire,
S02003792,Singer and Clydebank South,S12000039,West Dunbartonshire,
S02003793,Drumry,S12000039,West Dunbartonshire,
S02003794,Kilbowie,S12000039,West Dunbartonshire,
S02003795,Clydebank North,S12000039,West Dunbartonshire,
S02003796,Faifley,S12000039,West Dunbartonshire,
S02003797,Duntocher,S12000039,West Dunbartonshire,
S02003798,Dalmuir,S12000039,West Dunbartonshire,
S02003799,Old Kilpatrick,S12000039,West Dunbartonshire,
S02003800,"Garshake, Milton and Bowling",S12000039,West Dunbartonshire,
S02003801,Dumbarton North,S12000039,West Dunbartonshire,
S02003802,Dumbarton Central,S12000039,West Dunbartonshire,
S02003803,Dumbarton East,S12000039,West Dunbartonshire,
S02003804,Dalreoch,S12000039,West Dunbartonshire,
S02003805,Renton,S12000039,West Dunbartonshire,
S02003806,Bonhill,S12000039,West Dunbartonshire,
S02003807,Alexandria,S12000039,West Dunbartonshire,
S02003808,Balloch,S12000039,West Dunbartonshire,
S02003809,Kilmaronock,S12000039,West Dunbartonshire,
S02003810,Fauldhouse,S12000040,West Lothian,
S02003811,"Stoneyburn, Addiewell and Breich",S12000040,West Lothian,
S02003812,West Calder and Polbeth,S12000040,West Lothian,
S02003813,"Livingston Bellsquarry, Adambrae and Dedridge West",S12000040,West Lothian,
S02003814,Livingston Murieston,S12000040,West Lothian,
S02003815,Livingston Dedridge East,S12000040,West Lothian,
S02003816,Mid Calder and Kirknewton,S12000040,West Lothian,
S02003817,East Calder West,S12000040,West Lothian,
S02003818,East Calder East and Wilkieston,S12000040,West Lothian,
S02003819,Pumpherston and Uphall Station,S12000040,West Lothian,
S02003820,Livingston Craigshill,S12000040,West Lothian,
S02003821,Livingston Howden,S12000040,West Lothian,
S02003822,Livingston Village,S12000040,West Lothian,
S02003823,Livingston Eliburn South,S12000040,West Lothian,
S02003824,Livingston Ladywell,S12000040,West Lothian,
S02003825,Livingston Knightsridge and Eliburn North,S12000040,West Lothian,
S02003826,Livingston Deans,S12000040,West Lothian,
S02003827,Livingston Carmondean,S12000040,West Lothian,
S02003828,Blackburn East and Seafield,S12000040,West Lothian,
S02003829,Blackburn Central,S12000040,West Lothian,
S02003830,"Whitburn Whitdale, East Whitburn and Longridge",S12000040,West Lothian,
S02003831,Whitburn Central,S12000040,West Lothian,
S02003832,Whitburn West and Greenrigg,S12000040,West Lothian,
S02003833,Armadale North,S12000040,West Lothian,
S02003834,Armadale South,S12000040,West Lothian,
S02003835,Bathgate South West,S12000040,West Lothian,
S02003836,Bathgate Wester Inch East,S12000040,West Lothian,
S02003837,Bathgate Boghall,S12000040,West Lothian,
S02003838,Bathgate Central,S12000040,West Lothian,
S02003839,Bathgate North West,S12000040,West Lothian,
S02003840,"Blackridge, Westfield and Torphichen",S12000040,West Lothian,
S02003841,Linlithgow South and Bathgate Hills,S12000040,West Lothian,
S02003842,Linlithgow High Street and Linlithgow Bridge,S12000040,West Lothian,
S02003843,Linlithgow Springfield,S12000040,West Lothian,
S02003844,"Winchburgh, Bridgend and Philpstoun",S12000040,West Lothian,
S02003845,Broxburn Kirkhill,S12000040,West Lothian,
S02003846,"Uphall, Dechmont and Ecclesmachan",S12000040,West Lothian,
S02003847,Broxburn South,S12000040,West Lothian,
S02003848,Broxburn East,S12000040,West Lothian,
W02000001,Isle of Anglesey 001,W06000001,Isle of Anglesey,
W02000002,Isle of Anglesey 002,W06000001,Isle of Anglesey,
W02000003,Isle of Anglesey 003,W06000001,Isle of Anglesey,
W02000004,Isle of Anglesey 004,W06000001,Isle of Anglesey,
W02000005,Isle of Anglesey 005,W06000001,Isle of Anglesey,
W02000006,Isle of Anglesey 006,W06000001,Isle of Anglesey,
W02000007,Isle of Anglesey 007,W06000001,Isle of Anglesey,
W02000008,Isle of Anglesey 008,W06000001,Isle of Anglesey,
W02000009,Isle of Anglesey 009,W06000001,Isle of Anglesey,
W02000010,Gwynedd 001,W06000002,Gwynedd,
W02000011,Gwynedd 002,W06000002,Gwynedd,
W02000012,Gwynedd 003,W06000002,Gwynedd,
W02000013,Gwynedd 004,W06000002,Gwynedd,
W02000014,Gwynedd 005,W06000002,Gwynedd,
W02000015,Gwynedd 006,W06000002,Gwynedd,
W02000016,Gwynedd 007,W06000002,Gwynedd,
W02000017,Gwynedd 008,W06000002,Gwynedd,
W02000018,Gwynedd 009,W06000002,Gwynedd,
W02000019,Gwynedd 010,W06000002,Gwynedd,
W02000020,Gwynedd 011,W06000002,Gwynedd,
W02000021,Gwynedd 012,W06000002,Gwynedd,
W02000022,Gwynedd 013,W06000002,Gwynedd,
W02000023,Gwynedd 014,W06000002,Gwynedd,
W02000024,Gwynedd 015,W06000002,Gwynedd,
W02000025,Gwynedd 016,W06000002,Gwynedd,
W02000026,Gwynedd 017,W06000002,Gwynedd,
W02000027,Conwy 001,W06000003,Conwy,
W02000028,Conwy 002,W06000003,Conwy,
W02000029,Conwy 003,W06000003,Conwy,
W02000030,Conwy 004,W06000003,Conwy,
W02000031,Conwy 005,W06000003,Conwy,
W02000032,Conwy 006,W06000003,Conwy,
W02000033,Conwy 007,W06000003,Conwy,
W02000034,Conwy 008,W06000003,Conwy,
W02000035,Conwy 009,W06000003,Conwy,
W02000036,Conwy 010,W06000003,Conwy,
W02000037,Conwy 011,W06000003,Conwy,
W02000038,Conwy 012,W06000003,Conwy,
W02000039,Conwy 013,W06000003,Conwy,
W02000040,Conwy 014,W06000003,Conwy,
W02000041,Conwy 015,W06000003,Conwy,
W02000042,Denbighshire 001,W06000004,Denbighshire,
W02000043,Denbighshire 002,W06000004,Denbighshire,
W02000044,Denbighshire 003,W06000004,Denbighshire,
W02000045,Denbighshire 004,W06000004,Denbighshire,
W02000047,Denbighshire 006,W06000004,Denbighshire,
W02000049,Denbighshire 008,W06000004,Denbighshire,
W02000050,Denbighshire 009,W06000004,Denbighshire,
W02000051,Denbighshire 010,W06000004,Denbighshire,
W02000052,Denbighshire 011,W06000004,Denbighshire,
W02000053,Denbighshire 012,W06000004,Denbighshire,
W02000054,Denbighshire 013,W06000004,Denbighshire,
W02000055,Denbighshire 014,W06000004,Denbighshire,
W02000056,Denbighshire 015,W06000004,Denbighshire,
W02000057,Denbighshire 016,W06000004,Denbighshire,
W02000058,Flintshire 001,W06000005,Flintshire,
W02000059,Flintshire 002,W06000005,Flintshire,
W02000060,Flintshire 003,W06000005,Flintshire,
W02000061,Flintshire 004,W06000005,Flintshire,
W02000062,Flintshire 005,W06000005,Flintshire,
W02000063,Flintshire 006,W06000005,Flintshire,
W02000064,Flintshire 007,W06000005,Flintshire,
W02000065,Flintshire 008,W06000005,Flintshire,
W02000066,Flintshire 009,W06000005,Flintshire,
W02000067,Flintshire 010,W06000005,Flintshire,
W02000068,Flintshire 011,W06000005,Flintshire,
W02000069,Flintshire 012,W06000005,Flintshire,
W02000070,Flintshire 013,W06000005,Flintshire,
W02000071,Flintshire 014,W06000005,Flintshire,
W02000072,Flintshire 015,W06000005,Flintshire,
W02000073,Flintshire 016,W06000005,Flintshire,
W02000074,Flintshire 017,W06000005,Flintshire,
W02000075,Flintshire 018,W06000005,Flintshire,
W02000076,Flintshire 019,W06000005,Flintshire,
W02000077,Flintshire 020,W06000005,Flintshire,
W02000080,Wrexham 003,W06000006,Wrexham,
W02000081,Wrexham 004,W06000006,Wrexham,
W02000082,Wrexham 005,W06000006,Wrexham,
W02000083,Wrexham 006,W06000006,Wrexham,
W02000085,Wrexham 008,W06000006,Wrexham,
W02000087,Wrexham 010,W06000006,Wrexham,
W02000088,Wrexham 011,W06000006,Wrexham,
W02000089,Wrexham 012,W06000006,Wrexham,
W02000090,Wrexham 013,W06000006,Wrexham,
W02000091,Wrexham 014,W06000006,Wrexham,
W02000092,Wrexham 015,W06000006,Wrexham,
W02000093,Wrexham 016,W06000006,Wrexham,
W02000094,Wrexham 017,W06000006,Wrexham,
W02000095,Wrexham 018,W06000006,Wrexham,
W02000096,Wrexham 019,W06000006,Wrexham,
W02000097,Powys 001,W06000023,Powys,
W02000098,Powys 002,W06000023,Powys,
W02000099,Powys 003,W06000023,Powys,
W02000100,Powys 004,W06000023,Powys,
W02000101,Powys 005,W06000023,Powys,
W02000102,Powys 006,W06000023,Powys,
W02000103,Powys 007,W06000023,Powys,
W02000104,Powys 008,W06000023,Powys,
W02000105,Powys 009,W06000023,Powys,
W02000106,Powys 010,W06000023,Powys,
W02000107,Powys 011,W06000023,Powys,
W02000108,Powys 012,W06000023,Powys,
W02000109,Powys 013,W06000023,Powys,
W02000110,Powys 014,W06000023,Powys,
W02000111,Powys 015,W06000023,Powys,
W02000113,Powys 017,W06000023,Powys,
W02000114,Powys 018,W06000023,Powys,
W02000116,Ceredigion 001,W06000008,Ceredigion,
W02000117,Ceredigion 002,W06000008,Ceredigion,
W02000118,Ceredigion 003,W06000008,Ceredigion,
W02000120,Ceredigion 005,W06000008,Ceredigion,
W02000122,Ceredigion 007,W06000008,Ceredigion,
W02000123,Ceredigion 008,W06000008,Ceredigion,
W02000124,Ceredigion 009,W06000008,Ceredigion,
W02000125,Ceredigion 010,W06000008,Ceredigion,
W02000126,Pembrokeshire 001,W06000009,Pembrokeshire,
W02000127,Pembrokeshire 002,W06000009,Pembrokeshire,
W02000128,Pembrokeshire 003,W06000009,Pembrokeshire,
W02000129,Pembrokeshire 004,W06000009,Pembrokeshire,
W02000130,Pembrokeshire 005,W06000009,Pembrokeshire,
W02000131,Pembrokeshire 006,W06000009,Pembrokeshire,
W02000132,Pembrokeshire 007,W06000009,Pembrokeshire,
W02000133,Pembrokeshire 008,W06000009,Pembrokeshire,
W02000134,Pembrokeshire 009,W06000009,Pembrokeshire,
W02000135,Pembrokeshire 010,W06000009,Pembrokeshire,
W02000136,Pembrokeshire 011,W06000009,Pembrokeshire,
W02000137,Pembrokeshire 012,W06000009,Pembrokeshire,
W02000138,Pembrokeshire 013,W06000009,Pembrokeshire,
W02000139,Pembrokeshire 014,W06000009,Pembrokeshire,
W02000140,Pembrokeshire 015,W06000009,Pembrokeshire,
W02000141,Pembrokeshire 016,W06000009,Pembrokeshire,
W02000142,Carmarthenshire 001,W06000010,Carmarthenshire,
W02000143,Carmarthenshire 002,W06000010,Carmarthenshire,
W02000144,Carmarthenshire 003,W06000010,Carmarthenshire,
W02000145,Carmarthenshire 004,W06000010,Carmarthenshire,
W02000146,Carmarthenshire 005,W06000010,Carmarthenshire,
W02000147,Carmarthenshire 006,W06000010,Carmarthenshire,
W02000148,Carmarthenshire 007,W06000010,Carmarthenshire,
W02000149,Carmarthenshire 008,W06000010,Carmarthenshire,
W02000151,Carmarthenshire 010,W06000010,Carmarthenshire,
W02000152,Carmarthenshire 011,W06000010,Carmarthenshire,
W02000153,Carmarthenshire 012,W06000010,Carmarthenshire,
W02000154,Carmarthenshire 013,W06000010,Carmarthenshire,
W02000156,Carmarthenshire 015,W06000010,Carmarthenshire,
W02000157,Carmarthenshire 016,W06000010,Carmarthenshire,
W02000158,Carmarthenshire 017,W06000010,Carmarthenshire,
W02000159,Carmarthenshire 018,W06000010,Carmarthenshire,
W02000160,Carmarthenshire 019,W06000010,Carmarthenshire,
W02000161,Carmarthenshire 020,W06000010,Carmarthenshire,
W02000162,Carmarthenshire 021,W06000010,Carmarthenshire,
W02000163,Carmarthenshire 022,W06000010,Carmarthenshire,
W02000164,Carmarthenshire 023,W06000010,Carmarthenshire,
W02000165,Carmarthenshire 024,W06000010,Carmarthenshire,
W02000166,Carmarthenshire 025,W06000010,Carmarthenshire,
W02000167,Carmarthenshire 026,W06000010,Carmarthenshire,
W02000168,Swansea 001,W06000011,Swansea,
W02000169,Swansea 002,W06000011,Swansea,
W02000170,Swansea 003,W06000011,Swansea,
W02000171,Swansea 004,W06000011,Swansea,
W02000172,Swansea 005,W06000011,Swansea,
W02000173,Swansea 006,W06000011,Swansea,
W02000174,Swansea 007,W06000011,Swansea,
W02000175,Swansea 008,W06000011,Swansea,
W02000176,Swansea 009,W06000011,Swansea,
W02000177,Swansea 010,W06000011,Swansea,
W02000178,Swansea 011,W06000011,Swansea,
W02000179,Swansea 012,W06000011,Swansea,
W02000180,Swansea 013,W06000011,Swansea,
W02000181,Swansea 014,W06000011,Swansea,
W02000182,Swansea 015,W06000011,Swansea,
W02000183,Swansea 016,W06000011,Swansea,
W02000184,Swansea 017,W06000011,Swansea,
W02000185,Swansea 018,W06000011,Swansea,
W02000186,Swansea 019,W06000011,Swansea,
W02000188,Swansea 021,W06000011,Swansea,
W02000189,Swansea 022,W06000011,Swansea,
W02000191,Swansea 024,W06000011,Swansea,
W02000192,Swansea 025,W06000011,Swansea,
W02000193,Swansea 026,W06000011,Swansea,
W02000194,Swansea 027,W06000011,Swansea,
W02000195,Swansea 028,W06000011,Swansea,
W02000196,Swansea 029,W06000011,Swansea,
W02000197,Swansea 030,W06000011,Swansea,
W02000198,Swansea 031,W06000011,Swansea,
W02000200,Neath Port Talbot 002,W06000012,Neath Port Talbot,
W02000201,Neath Port Talbot 003,W06000012,Neath Port Talbot,
W02000202,Neath Port Talbot 004,W06000012,Neath Port Talbot,
W02000204,Neath Port Talbot 006,W06000012,Neath Port Talbot,
W02000205,Neath Port Talbot 007,W06000012,Neath Port Talbot,
W02000206,Neath Port Talbot 008,W06000012,Neath Port Talbot,
W02000207,Neath Port Talbot 009,W06000012,Neath Port Talbot,
W02000208,Neath Port Talbot 010,W06000012,Neath Port Talbot,
W02000210,Neath Port Talbot 012,W06000012,Neath Port Talbot,
W02000211,Neath Port Talbot 013,W06000012,Neath Port Talbot,
W02000212,Neath Port Talbot 014,W06000012,Neath Port Talbot,
W02000213,Neath Port Talbot 015,W06000012,Neath Port Talbot,
W02000214,Neath Port Talbot 016,W06000012,Neath Port Talbot,
W02000215,Neath Port Talbot 017,W06000012,Neath Port Talbot,
W02000216,Neath Port Talbot 018,W06000012,Neath Port Talbot,
W02000217,Neath Port Talbot 019,W06000012,Neath Port Talbot,
W02000218,Bridgend 001,W06000013,Bridgend,
W02000219,Bridgend 002,W06000013,Bridgend,
W02000220,Bridgend 003,W06000013,Bridgend,
W02000221,Bridgend 004,W06000013,Bridgend,
W02000222,Bridgend 005,W06000013,Bridgend,
W02000223,Bridgend 006,W06000013,Bridgend,
W02000224,Bridgend 007,W06000013,Bridgend,
W02000225,Bridgend 008,W06000013,Bridgend,
W02000226,Bridgend 009,W06000013,Bridgend,
W02000227,Bridgend 010,W06000013,Bridgend,
W02000228,Bridgend 011,W06000013,Bridgend,
W02000229,Bridgend 012,W06000013,Bridgend,
W02000230,Bridgend 013,W06000013,Bridgend,
W02000231,Bridgend 014,W06000013,Bridgend,
W02000232,Bridgend 015,W06000013,Bridgend,
W02000233,Bridgend 016,W06000013,Bridgend,
W02000234,Bridgend 017,W06000013,Bridgend,
W02000235,Bridgend 018,W06000013,Bridgend,
W02000236,Bridgend 019,W06000013,Bridgend,
W02000237,Vale of Glamorgan 001,W06000014,Vale of Glamorgan,
W02000238,Vale of Glamorgan 002,W06000014,Vale of Glamorgan,
W02000239,Vale of Glamorgan 003,W06000014,Vale of Glamorgan,
W02000240,Vale of Glamorgan 004,W06000014,Vale of Glamorgan,
W02000241,Vale of Glamorgan 005,W06000014,Vale of Glamorgan,
W02000242,Vale of Glamorgan 006,W06000014,Vale of Glamorgan,
W02000243,Vale of Glamorgan 007,W06000014,Vale of Glamorgan,
W02000244,Vale of Glamorgan 008,W06000014,Vale of Glamorgan,
W02000245,Vale of Glamorgan 009,W06000014,Vale of Glamorgan,
W02000246,Vale of Glamorgan 010,W06000014,Vale of Glamorgan,
W02000247,Vale of Glamorgan 011,W06000014,Vale of Glamorgan,
W02000248,Vale of Glamorgan 012,W06000014,Vale of Glamorgan,
W02000249,Vale of Glamorgan 013,W06000014,Vale of Glamorgan,
W02000250,Vale of Glamorgan 014,W06000014,Vale of Glamorgan,
W02000251,Vale of Glamorgan 015,W06000014,Vale of Glamorgan,
W02000252,Rhondda Cynon Taf 001,W06000016,Rhondda Cynon Taf,
W02000253,Rhondda Cynon Taf 002,W06000016,Rhondda Cynon Taf,
W02000254,Rhondda Cynon Taf 003,W06000016,Rhondda Cynon Taf,
W02000255,Rhondda Cynon Taf 004,W06000016,Rhondda Cynon Taf,
W02000256,Rhondda Cynon Taf 005,W06000016,Rhondda Cynon Taf,
W02000257,Rhondda Cynon Taf 006,W06000016,Rhondda Cynon Taf,
W02000258,Rhondda Cynon Taf 007,W06000016,Rhondda Cynon Taf,
W02000259,Rhondda Cynon Taf 008,W06000016,Rhondda Cynon Taf,
W02000260,Rhondda Cynon Taf 009,W06000016,Rhondda Cynon Taf,
W02000261,Rhondda Cynon Taf 010,W06000016,Rhondda Cynon Taf,
W02000262,Rhondda Cynon Taf 011,W06000016,Rhondda Cynon Taf,
W02000263,Rhondda Cynon Taf 012,W06000016,Rhondda Cynon Taf,
W02000264,Rhondda Cynon Taf 013,W06000016,Rhondda Cynon Taf,
W02000265,Rhondda Cynon Taf 014,W06000016,Rhondda Cynon Taf,
W02000266,Rhondda Cynon Taf 015,W06000016,Rhondda Cynon Taf,
W02000267,Rhondda Cynon Taf 016,W06000016,Rhondda Cynon Taf,
W02000268,Rhondda Cynon Taf 017,W06000016,Rhondda Cynon Taf,
W02000269,Rhondda Cynon Taf 018,W06000016,Rhondda Cynon Taf,
W02000270,Rhondda Cynon Taf 019,W06000016,Rhondda Cynon Taf,
W02000271,Rhondda Cynon Taf 020,W06000016,Rhondda Cynon Taf,
W02000272,Rhondda Cynon Taf 021,W06000016,Rhondda Cynon Taf,
W02000273,Rhondda Cynon Taf 022,W06000016,Rhondda Cynon Taf,
W02000274,Rhondda Cynon Taf 023,W06000016,Rhondda Cynon Taf,
W02000275,Rhondda Cynon Taf 024,W06000016,Rhondda Cynon Taf,
W02000276,Rhondda Cynon Taf 025,W06000016,Rhondda Cynon Taf,
W02000277,Rhondda Cynon Taf 026,W06000016,Rhondda Cynon Taf,
W02000278,Rhondda Cynon Taf 027,W06000016,Rhondda Cynon Taf,
W02000279,Rhondda Cynon Taf 028,W06000016,Rhondda Cynon Taf,
W02000280,Rhondda Cynon Taf 029,W06000016,Rhondda Cynon Taf,
W02000281,Rhondda Cynon Taf 030,W06000016,Rhondda Cynon Taf,
W02000282,Rhondda Cynon Taf 031,W06000016,Rhondda Cynon Taf,
W02000284,Merthyr Tydfil 002,W06000024,Merthyr Tydfil,
W02000285,Merthyr Tydfil 003,W06000024,Merthyr Tydfil,
W02000286,Merthyr Tydfil 004,W06000024,Merthyr Tydfil,
W02000287,Merthyr Tydfil 005,W06000024,Merthyr Tydfil,
W02000288,Merthyr Tydfil 006,W06000024,Merthyr Tydfil,
W02000289,Merthyr Tydfil 007,W06000024,Merthyr Tydfil,
W02000290,Caerphilly 001,W06000018,Caerphilly,
W02000291,Caerphilly 002,W06000018,Caerphilly,
W02000292,Caerphilly 003,W06000018,Caerphilly,
W02000293,Caerphilly 004,W06000018,Caerphilly,
W02000294,Caerphilly 005,W06000018,Caerphilly,
W02000295,Caerphilly 006,W06000018,Caerphilly,
W02000296,Caerphilly 007,W06000018,Caerphilly,
W02000297,Caerphilly 008,W06000018,Caerphilly,
W02000298,Caerphilly 009,W06000018,Caerphilly,
W02000299,Caerphilly 010,W06000018,Caerphilly,
W02000300,Caerphilly 011,W06000018,Caerphilly,
W02000301,Caerphilly 012,W06000018,Caerphilly,
W02000302,Caerphilly 013,W06000018,Caerphilly,
W02000303,Caerphilly 014,W06000018,Caerphilly,
W02000304,Caerphilly 015,W06000018,Caerphilly,
W02000305,Caerphilly 016,W06000018,Caerphilly,
W02000306,Caerphilly 017,W06000018,Caerphilly,
W02000307,Caerphilly 018,W06000018,Caerphilly,
W02000308,Caerphilly 019,W06000018,Caerphilly,
W02000309,Caerphilly 020,W06000018,Caerphilly,
W02000310,Caerphilly 021,W06000018,Caerphilly,
W02000311,Caerphilly 022,W06000018,Caerphilly,
W02000312,Caerphilly 023,W06000018,Caerphilly,
W02000313,Caerphilly 024,W06000018,Caerphilly,
W02000314,Blaenau Gwent 001,W06000019,Blaenau Gwent,
W02000315,Blaenau Gwent 002,W06000019,Blaenau Gwent,
W02000316,Blaenau Gwent 003,W06000019,Blaenau Gwent,
W02000317,Blaenau Gwent 004,W06000019,Blaenau Gwent,
W02000318,Blaenau Gwent 005,W06000019,Blaenau Gwent,
W02000319,Blaenau Gwent 006,W06000019,Blaenau Gwent,
W02000320,Blaenau Gwent 007,W06000019,Blaenau Gwent,
W02000321,Blaenau Gwent 008,W06000019,Blaenau Gwent,
W02000322,Blaenau Gwent 009,W06000019,Blaenau Gwent,
W02000323,Torfaen 001,W06000020,Torfaen,
W02000324,Torfaen 002,W06000020,Torfaen,
W02000325,Torfaen 003,W06000020,Torfaen,
W02000326,Torfaen 004,W06000020,Torfaen,
W02000327,Torfaen 005,W06000020,Torfaen,
W02000328,Torfaen 006,W06000020,Torfaen,
W02000329,Torfaen 007,W06000020,Torfaen,
W02000330,Torfaen 008,W06000020,Torfaen,
W02000331,Torfaen 009,W06000020,Torfaen,
W02000332,Torfaen 010,W06000020,Torfaen,
W02000333,Torfaen 011,W06000020,Torfaen,
W02000334,Torfaen 012,W06000020,Torfaen,
W02000335,Torfaen 013,W06000020,Torfaen,
W02000336,Monmouthshire 001,W06000021,Monmouthshire,
W02000337,Monmouthshire 002,W06000021,Monmouthshire,
W02000338,Monmouthshire 003,W06000021,Monmouthshire,
W02000339,Monmouthshire 004,W06000021,Monmouthshire,
W02000340,Monmouthshire 005,W06000021,Monmouthshire,
W02000341,Monmouthshire 006,W06000021,Monmouthshire,
W02000342,Monmouthshire 007,W06000021,Monmouthshire,
W02000343,Monmouthshire 008,W06000021,Monmouthshire,
W02000344,Monmouthshire 009,W06000021,Monmouthshire,
W02000345,Monmouthshire 010,W06000021,Monmouthshire,
W02000346,Monmouthshire 011,W06000021,Monmouthshire,
W02000347,Newport 001,W06000022,Newport,
W02000348,Newport 002,W06000022,Newport,
W02000349,Newport 003,W06000022,Newport,
W02000350,Newport 004,W06000022,Newport,
W02000351,Newport 005,W06000022,Newport,
W02000352,Newport 006,W06000022,Newport,
W02000353,Newport 007,W06000022,Newport,
W02000354,Newport 008,W06000022,Newport,
W02000355,Newport 009,W06000022,Newport,
W02000356,Newport 010,W06000022,Newport,
W02000357,Newport 011,W06000022,Newport,
W02000358,Newport 012,W06000022,Newport,
W02000359,Newport 013,W06000022,Newport,
W02000360,Newport 014,W06000022,Newport,
W02000361,Newport 015,W06000022,Newport,
W02000362,Newport 016,W06000022,Newport,
W02000363,Newport 017,W06000022,Newport,
W02000364,Newport 018,W06000022,Newport,
W02000365,Newport 019,W06000022,Newport,
W02000366,Newport 020,W06000022,Newport,
W02000367,Cardiff 001,W06000015,Cardiff,
W02000368,Cardiff 002,W06000015,Cardiff,
W02000369,Cardiff 003,W06000015,Cardiff,
W02000370,Cardiff 004,W06000015,Cardiff,
W02000371,Cardiff 005,W06000015,Cardiff,
W02000372,Cardiff 006,W06000015,Cardiff,
W02000373,Cardiff 007,W06000015,Cardiff,
W02000374,Cardiff 008,W06000015,Cardiff,
W02000375,Cardiff 009,W06000015,Cardiff,
W02000376,Cardiff 010,W06000015,Cardiff,
W02000377,Cardiff 011,W06000015,Cardiff,
W02000378,Cardiff 012,W06000015,Cardiff,
W02000379,Cardiff 013,W06000015,Cardiff,
W02000380,Cardiff 014,W06000015,Cardiff,
W02000381,Cardiff 015,W06000015,Cardiff,
W02000382,Cardiff 016,W06000015,Cardiff,
W02000383,Cardiff 017,W06000015,Cardiff,
W02000384,Cardiff 018,W06000015,Cardiff,
W02000385,Cardiff 019,W06000015,Cardiff,
W02000386,Cardiff 020,W06000015,Cardiff,
W02000387,Cardiff 021,W06000015,Cardiff,
W02000388,Cardiff 022,W06000015,Cardiff,
W02000389,Cardiff 023,W06000015,Cardiff,
W02000390,Cardiff 024,W06000015,Cardiff,
W02000391,Cardiff 025,W06000015,Cardiff,
W02000392,Cardiff 026,W06000015,Cardiff,
W02000393,Cardiff 027,W06000015,Cardiff,
W02000394,Cardiff 028,W06000015,Cardiff,
W02000395,Cardiff 029,W06000015,Cardiff,
W02000396,Cardiff 030,W06000015,Cardiff,
W02000397,Cardiff 031,W06000015,Cardiff,
W02000398,Cardiff 032,W06000015,Cardiff,
W02000399,Cardiff 033,W06000015,Cardiff,
W02000400,Cardiff 034,W06000015,Cardiff,
W02000401,Cardiff 035,W06000015,Cardiff,
W02000402,Cardiff 036,W06000015,Cardiff,
W02000403,Cardiff 037,W06000015,Cardiff,
W02000404,Cardiff 038,W06000015,Cardiff,
W02000405,Cardiff 039,W06000015,Cardiff,
W02000406,Cardiff 040,W06000015,Cardiff,
W02000407,Cardiff 041,W06000015,Cardiff,
W02000408,Cardiff 042,W06000015,Cardiff,
W02000409,Cardiff 043,W06000015,Cardiff,
W02000410,Cardiff 044,W06000015,Cardiff,
W02000411,Cardiff 045,W06000015,Cardiff,
W02000412,Cardiff 046,W06000015,Cardiff,
W02000414,Powys 020,W06000023,Powys,
W02000415,Merthyr Tydfil 008,W06000024,Merthyr Tydfil,
W02000416,Powys 021,W06000023,Powys,
W02000417,Neath Port Talbot 020,W06000012,Neath Port Talbot,
W02000418,Carmarthenshire 027,W06000010,Carmarthenshire,
W02000419,Denbighshire 017,W06000004,Denbighshire,
W02000421,Ceredigion 011,W06000008,Ceredigion,
W02000422,Cardiff 048,W06000015,Cardiff,
W02000423,Cardiff 049,W06000015,Cardiff,
W02000424,Wrexham 021,W06000006,Wrexham,
W02000425,Wrexham 022,W06000006,Wrexham,
W02000426,Wrexham 023,W06000006,Wrexham,
W02000427,Neath Port Talbot 021,W06000012,Neath Port Talbot,
W02000428,Swansea 032,W06000011,Swansea,
